t,n_err,e_err,n_std,e_std
0.0,1.4718107462438295,0.15984184799734702,1.2179452384534717,1.1726602202556564
0.1,1.4717185160717596,0.1599077846377418,1.2175312363804096,1.1722545132943776
0.2,1.4716209681976296,0.15996911420091336,1.217117642540732,1.1718491401998303
0.3,1.471528238672799,0.1600374553386835,1.2167044523457415,1.1714440952634906
0.4,1.4714377158149654,0.16011233004978564,1.2162916598490665,1.1710393715971668
0.5,1.4713591547753937,0.16018601988904244,1.215879258857879,1.1706349626495172
0.6,1.471271455686209,0.16024874323964947,1.215467243502646,1.1702308622735507
0.7000000000000001,1.471177789876112,0.16032114236757208,1.2150556081807944,1.1698270642998851
0.8,1.4710692065526174,0.16038646922031238,1.2146443469747685,1.1694235620749032
0.8999999999999999,1.4709767401901628,0.16045417039303078,1.2142334540215696,1.169020348698318
1.0,1.4708817798926965,0.16053257045948524,1.213822923413003,1.1686174175830306
1.1,1.4707963144308673,0.1606124318209532,1.2134127487992332,1.168214762150776
1.2,1.4707159623920578,0.16069264740253902,1.2130029238804632,1.1678123758255843
1.3,1.4706382092696466,0.16077637543116166,1.2125934426040743,1.16741025214932
1.4000000000000001,1.470564376509616,0.16086163177274931,1.212184298921709,1.16700838465438
1.5,1.470486952511149,0.160941076880089,1.2117754869973851,1.1666067669008533
1.6,1.4704091036375562,0.16102755170788252,1.2113670013722588,1.1662053923006488
1.7,1.4703315519672648,0.16111900412327287,1.2109588362369488,1.1658042541963942
1.7999999999999998,1.4702521383584626,0.16118986711625405,1.2105509857159205,1.1654033459602913
1.9000000000000001,1.4701722927817056,0.16127079507182873,1.2101434444871557,1.1650026609332713
2.0,1.4700896362088847,0.16135240425893635,1.2097362069638347,1.1646021925582077
2.1,1.4699943539075533,0.16143724689119326,1.2093292669384346,1.1642019341291285
2.2,1.4699061008782108,0.16150448920806493,1.2089226182483248,1.163801878753041
2.3,1.469808577869731,0.16157988035752918,1.2085162551702202,1.1634020197969803
2.4,1.4697091305041452,0.1616601800865454,1.208110171839293,1.1630023504382934
2.5,1.4696220237293862,0.16174626549100005,1.2077043620260262,1.162602863760259
2.6,1.4695352567174054,0.16183269409944656,1.2072988195353271,1.1622035534730841
2.6999999999999997,1.4694370761898201,0.1619227292112252,1.2068935380180723,1.1618044135029795
2.8000000000000003,1.469330338541091,0.16199095746278264,1.206488511092631,1.1614054374233065
2.9,1.4692201146336403,0.16205392832923987,1.2060837328471457,1.1610066185479873
3.0,1.4691133862128187,0.16210707934583765,1.2056791975216303,1.1606079502354163
3.1,1.4690056597953987,0.16215485390246917,1.2052748995939562,1.1602094260819524
3.2,1.468891736843408,0.16222091931999125,1.2048708337299274,1.1598110395129853
3.3,1.4687921597039026,0.16229378051663376,1.204466994124749,1.1594127835892092
3.4,1.4687066304662744,0.1623729154650552,1.2040633748133365,1.1590146516489892
3.5,1.4686303783067531,0.1624550628519005,1.2036599697776582,1.1586166374060811
3.5999999999999996,1.4685601545823779,0.16252527412079978,1.2032567730123764,1.15821873465395
3.7,1.468488442018599,0.16259685563155815,1.2028537789875526,1.15782093726129
3.8000000000000003,1.4684088773894737,0.1626787563500947,1.2024509822012017,1.1574232388782866
3.9000000000000004,1.4683351298211091,0.16276588676196166,1.20204837650667,1.1570256327787165
4.0,1.4682703990139228,0.16283704254509426,1.2016459555759085,1.1566281125311157
4.1,1.4681946455230197,0.16290371191424532,1.2012437134655893,1.1562306720279198
4.2,1.468120172342029,0.16295561368326247,1.2008416445094003,1.1558333048509604
4.3,1.4680465687801458,0.1630081685546212,1.200439743295214,1.1554360047258647
4.4,1.4679589095226804,0.163058020139161,1.2000380046239756,1.1550387656771124
4.5,1.4678643366188444,0.1631199001524042,1.1996364235022408,1.1546415814446698
4.6,1.4677685990316052,0.163197259051967,1.1992349948684655,1.1542444454946668
4.7,1.4676850367663228,0.1632854133365815,1.1988337133995723,1.1538473514819854
4.8,1.4676011780139315,0.16338294987711618,1.1984325736994115,1.153450293337857
4.9,1.4675303315699855,0.16348292785572202,1.1980315704356497,1.15305326503924
5.0,1.4674614172929858,0.16359041391040405,1.1976306985522889,1.1526562608777973
5.1000000000000005,1.4673866398591673,0.16371345508242413,1.1972299530207746,1.1522592753079282
5.2,1.467306551112361,0.16384528457303382,1.1968293284078821,1.1518623024527335
5.3,1.4672316410475266,0.16397474798100378,1.1964288191782362,1.1514653362076583
5.3999999999999995,1.4671634885901108,0.16410704096884043,1.1960284200476585,1.1510683705336213
5.5,1.4671020873563057,0.16424196651940962,1.1956281257895058,1.150671399461632
5.6000000000000005,1.4670450781789977,0.16438432227784194,1.1952279309293763,1.1502744170554389
5.7,1.4669835897104102,0.164522559722503,1.1948278296050143,1.1498774171971309
5.8,1.4669294092743446,0.16465102706643983,1.1944278158882888,1.149480393406855
5.8999999999999995,1.4668796613255937,0.16477351578520746,1.194027884078208,1.1490833392566853
6.0,1.4668291146985029,0.1648961627000745,1.1936280285259817,1.148686248518332
6.1000000000000005,1.4667710891059649,0.16502225126768044,1.1932282433032626,1.1482891147174148
6.2,1.466720827632813,0.16514220114664183,1.1928285221463781,1.1478919310525908
6.3,1.4666743226741863,0.16525320390813833,1.192428858869961,1.1474946909578794
6.4,1.466621674382254,0.16536144640255518,1.1920292473784722,1.1470973879444082
6.5,1.466575624812501,0.16545691916064875,1.1916296814405647,1.1467000152653752
6.6,1.4665287928790187,0.1655428896058558,1.191230155149098,1.1463025662279982
6.7,1.4664889675213413,0.1656351120282529,1.1908306628542087,1.1459050342077206
6.8,1.4664548592128284,0.16572371297522961,1.1904311985968106,1.1455074127245592
6.9,1.4664250074830154,0.16580431776901372,1.1900317566411207,1.1451096954485258
7.0,1.4664050130481598,0.16589408898564031,1.1896323316062158,1.1447118761264345
7.1,1.4663911470625703,0.16597789333590657,1.18923291801888,1.144313948790122
7.199999999999999,1.4663765965983084,0.1660678946772595,1.1888335104652998,1.1439159076621563
7.300000000000001,1.46635860882119,0.16615476557416578,1.1884341032802745,1.143517746939011
7.4,1.4663309382519145,0.16622620707125904,1.1880346908357986,1.1431194607009805
7.5,1.4662952595729037,0.1663050797386377,1.1876352678156987,1.142721042696604
7.6000000000000005,1.4662631849073173,0.1663755260592913,1.1872358287019535,1.1423224863590091
7.699999999999999,1.46624224429592,0.16644884982462774,1.1868363679371905,1.1419237855176583
7.800000000000001,1.4662076281838483,0.16651419827313887,1.1864368799404916,1.141524934430609
7.8999999999999995,1.4661752180343053,0.16656719764904213,1.1860373591955997,1.1411259271211995
8.0,1.4661385867845862,0.16660648767330904,1.1856378007367043,1.1407267576544344
8.100000000000001,1.4660974343964712,0.16665244369550475,1.1852382001292812,1.1403274199969096
8.2,1.4660717549152595,0.16671476237491925,1.1848385525936276,1.1399279076498081
8.3,1.46607346475763,0.1667725572243381,1.1844388527686978,1.1395282145689531
8.4,1.466073610577111,0.16683118114051781,1.184039095284735,1.1391283354707498
8.5,1.4660703063171334,0.16687690175203473,1.1836392749048514,1.1387282647378483
8.6,1.4660737830726884,0.16692341938828406,1.1832393868034103,1.1383279962841582
8.7,1.466081070960648,0.16698559765752616,1.182839426045872,1.1379275240296656
8.8,1.4661029089421347,0.16704556146003163,1.1824393870150802,1.1375268420098315
8.9,1.4661271451094506,0.16710024623831335,1.1820392642127369,1.1371259446150679
9.0,1.4661483872842025,0.16715888462555129,1.1816390525404257,1.136724826153941
9.1,1.466179333543058,0.16722156064980398,1.1812387467995233,1.1363234807752913
9.2,1.4662025653481192,0.1672866420276244,1.1808383415344141,1.1359219028963257
9.3,1.4662223995632235,0.16734408792278085,1.1804378313559425,1.135520086743047
9.4,1.4662447312679687,0.16740760783625888,1.180037211016214,1.13511802636333
9.5,1.466262778744839,0.16746516254773622,1.1796364750765398,1.1347157158628434
9.6,1.4662869390670252,0.16752028469273042,1.1792356180906816,1.1343131493145895
9.7,1.4663047226955934,0.16757446454051908,1.178834634751437,1.1339103210157015
9.8,1.4663101700040801,0.1676325680104745,1.178433519517132,1.1335072248608062
9.9,1.4663350368226173,0.16768035538640416,1.1780322666004455,1.133103854276172
10.0,1.4663629380791572,0.16772169037003531,1.1776308703559155,1.1327002032342484
10.1,1.4663921182303274,0.16775380939596413,1.177229325422519,1.1322962657629214
10.200000000000001,1.4664361442574263,0.16778883679582166,1.1768276265777582,1.1318920358083147
10.299999999999999,1.466474480913182,0.16782083841047304,1.176425768635922,1.1314875076543842
10.4,1.466522502501911,0.16785762277291605,1.176023746510217,1.1310826753536956
10.5,1.4665884285131023,0.16789221950812297,1.1756215551983633,1.130677533103867
10.6,1.466659104074963,0.16792759720150913,1.1752191898205797,1.1302720757193538
10.700000000000001,1.466732475024445,0.16796057120952415,1.174816645751941,1.129866298193702
10.799999999999999,1.4667986202363938,0.16800343102191595,1.1744139185166595,1.1294601953725187
10.9,1.4668672444964423,0.16805427528541214,1.1740110032944089,1.1290537619144718
11.0,1.466930231874591,0.1681016716717878,1.1736078949632123,1.1286469925056073
11.1,1.4669874298692445,0.16815329675773974,1.1732045885324178,1.1282398816081298
11.200000000000001,1.4670485503589914,0.1682105728540338,1.1728010789462524,1.127832423358476
11.299999999999999,1.4671128946730783,0.16827384705318832,1.1723973609593754,1.1274246118823141
11.4,1.467186696940871,0.1683435584687607,1.1719934292493275,1.1270164414697097
11.5,1.4672575264971517,0.16841753566160056,1.1715892784283146,1.1266079066128132
11.6,1.467330034999766,0.16849079257814412,1.1711849033314112,1.1261990018195525
11.700000000000001,1.46739875579338,0.16857555284563389,1.170780299055919,1.1257897217373707
11.799999999999999,1.4674613609213367,0.16865935780673535,1.170375460625549,1.1253800611726463
11.9,1.4675207521726767,0.16873898475227372,1.1699703832345494,1.1249700149081021
12.0,1.467581235770997,0.16881390954805348,1.1695650623481266,1.1245595779339204
12.1,1.4676317159736956,0.16887735267778,1.169159493580201,1.1241487454382504
12.200000000000001,1.4676806406678538,0.1689357015110256,1.168753672970949,1.1237375123645201
12.299999999999999,1.4677364151817807,0.16900276110600806,1.1683475967457855,1.1233258736643366
12.4,1.467787916109838,0.16907795536479292,1.1679412607367141,1.1229138245219452
12.5,1.4678418918312217,0.16915508991753694,1.1675346603964891,1.1225013598550244
12.6,1.4679081329572687,0.16922695313134162,1.167127791186118,1.122088474491484
12.7,1.467977838364619,0.16929690575068554,1.1667206487986495,1.1216751637128308
12.8,1.4680383277115796,0.16936845857193691,1.1663132290431515,1.1212614229684368
12.9,1.468090811791156,0.16944327198187353,1.1659055276261021,1.1208472472837099
13.0,1.4681500478059102,0.16951702298619536,1.1654975402168777,1.1204326314380368
13.1,1.4682133857722661,0.1695952028601236,1.1650892625445035,1.1200175705584583
13.2,1.4682767102714667,0.16967301349172373,1.1646806903899776,1.119602060007442
13.3,1.4683451893389188,0.1697566083289367,1.1642718198631155,1.119186095189992
13.4,1.4684125285544463,0.1698599106949224,1.1638626469885793,1.1187696716906104
13.5,1.468479499647804,0.16995810674270462,1.1634531673009438,1.1183527849842838
13.6,1.4685582701289568,0.17005327494809386,1.1630433764221657,1.117935430372363
13.7,1.4686461815026068,0.17013606804339024,1.1626332702113502,1.1175176033883785
13.8,1.4687359683027612,0.17021219536267082,1.162222844755969,1.1170992997012128
13.9,1.4688245329711649,0.17029140525277123,1.1618120962020935,1.1166805146424499
14.0,1.4689189061920556,0.17037506405700725,1.1614010202287357,1.11626124343605
14.1,1.4689967744806314,0.17045460068054358,1.1609896122029757,1.1158414814604476
14.2,1.4690644358036815,0.1705365767281155,1.1605778675434792,1.1154212235222865
14.3,1.4691422026815422,0.17061952083982654,1.1601657816793431,1.1150004639479334
14.399999999999999,1.4692323009299815,0.1707093504951467,1.1597533498826813,1.1145791976541157
14.5,1.469319474702291,0.17079232426679927,1.1593405672149022,1.114157420045177
14.600000000000001,1.4694129386490535,0.1708654243645933,1.1589274290899623,1.113735126517774
14.7,1.469500468516097,0.17094371456962867,1.1585139314450774,1.1133123127075104
14.8,1.4695805031115379,0.17102424514690434,1.1581000700645139,1.112888974201524
14.899999999999999,1.4696659745812877,0.17109667845441706,1.157685840680404,1.112465106417387
15.0,1.469751678715545,0.17116632282557315,1.1572712394755185,1.1120407050647263
15.1,1.4698385929439812,0.17123611900777314,1.156856262852875,1.1116157661061765
15.200000000000001,1.4699205682555563,0.17130311823312167,1.1564409072645743,1.1111902855917097
15.3,1.4700001602954331,0.1713727679105317,1.1560251691987113,1.1107642595082805
15.399999999999999,1.470080943278332,0.17143681688332443,1.155609045086555,1.1103376836518442
15.500000000000002,1.4701738391643369,0.1715019888995689,1.1551925314355314,1.1099105540171192
15.600000000000001,1.4702591269990999,0.1715686160493113,1.1547756246460499,1.1094828669507624
15.7,1.4703433097395753,0.17163220814122793,1.1543583208048365,1.1090546186482417
15.799999999999999,1.4704235792263836,0.17168406983908488,1.1539406161129566,1.108625805273207
15.9,1.4704956143413397,0.1717364113742583,1.1535225071966557,1.1081964229927357
16.0,1.4705714300915729,0.17179145834570184,1.1531039906226686,1.1077664678277208
16.099999999999998,1.4706479275004605,0.17183809475118347,1.1526850628909444,1.1073359357573738
16.200000000000003,1.4707449268252708,0.17188674839334184,1.1522657209478722,1.1069048229170677
16.3,1.4708428787652026,0.1719439240545987,1.1518459617491947,1.1064731261893226
16.4,1.4709216155012086,0.1719983096601874,1.1514257819590334,1.1060408427092994
16.5,1.4709846488287441,0.17205318910255252,1.151005178281094,1.1056079688625673
16.6,1.4710502214989127,0.17210443923947544,1.1505841473420553,1.1051745005157405
16.7,1.4711238526549362,0.17214724671752812,1.1501626854078633,1.1047404338111813
16.8,1.4711992854709253,0.1721632103675975,1.1497407890808147,1.1043057652659605
16.900000000000002,1.4712767696241265,0.17219074386075853,1.1493184556509173,1.1038704914418538
17.0,1.4713512122669081,0.17222209305329605,1.148895682052183,1.1034346088469058
17.099999999999998,1.4714256109445074,0.17225662877872505,1.148472464779242,1.1029981138275138
17.2,1.4715056082200502,0.1722883533433517,1.148048800514032,1.1025610027504524
17.3,1.471584349319258,0.17232349951211895,1.1476246861959531,1.1021232723349148
17.4,1.4716559881071338,0.1723605638648168,1.1472001188498835,1.101684919514255
17.5,1.4717196521322138,0.17239602339351326,1.1467750955850726,1.1012459410849904
17.6,1.4717873407960227,0.17243227078066536,1.1463496137762084,1.1008063337201126
17.7,1.4718608273741667,0.17247197480022997,1.1459236710062124,1.1003660944923244
17.8,1.4719259894998078,0.17251900258768355,1.1454972647976465,1.099925220599463
17.9,1.4720072600734324,0.17256317519259087,1.145070392421123,1.0994837089445326
18.0,1.4720943760851624,0.1725979926969951,1.1446430512883805,1.0990415568015903
18.1,1.472177778870337,0.17263598375518022,1.144215239132197,1.098598761831401
18.2,1.4722482211516328,0.17267702634030757,1.143786953471738,1.0981553212589448
18.3,1.4723289023387303,0.17271601894652724,1.143358191662878,1.0977112318554918
18.4,1.472411883122262,0.17276440097242884,1.1429289512356118,1.0972664905390606
18.5,1.472506148334783,0.17282461317790135,1.142499229526321,1.0968210943368035
18.6,1.472607485382846,0.17288983355385962,1.1420690234926214,1.0963750405122459
18.7,1.4727016314566665,0.17295329707732204,1.1416383301026822,1.0959283265387865
18.8,1.4727926487759495,0.17301602404855787,1.1412071466315004,1.0954809495985764
18.9,1.4728848690982153,0.1730826418675583,1.140775470579707,1.0950329069162072
19.0,1.4729658383549302,0.17315552426904607,1.140343299360375,1.09458419590962
19.1,1.4730472530714982,0.17322753809011643,1.1399106302359732,1.094134813806459
19.2,1.473131115630655,0.17329727689381025,1.1394774607254228,1.0936847578302018
19.3,1.4732237012997287,0.1733746717298264,1.1390437885464821,1.0932340254637916
19.4,1.473319641309812,0.1734485691730239,1.1386096113373694,1.0927826143299575
19.5,1.4734280424944581,0.17352329655212836,1.1381749270022385,1.092330522160852
19.6,1.4735379197666871,0.17360252301081452,1.1377397336048118,1.0918777469466983
19.7,1.4736464947585313,0.17367923336925253,1.1373040292782155,1.0914242865221628
19.8,1.4737686949028572,0.17376743501032163,1.1368678123651292,1.090970138581024
19.9,1.4738917313370048,0.17385907643584603,1.1364310810968836,1.0905153009592494
20.0,1.4740341730921585,0.17395629032816456,1.1359938336435909,1.0900597716127194
20.1,1.4741733697663226,0.17405606074798474,1.1355560683161054,1.0896035490149658
20.2,1.4743001670024924,0.17416489077028902,1.1351177834399822,1.0891466314420806
20.3,1.4744385529614903,0.17427483988731252,1.1346789772710986,1.088689016685004
20.400000000000002,1.4745763799973073,0.1743880867984691,1.134239648183036,1.0882307030226994
20.5,1.4747081956427577,0.1745052297045462,1.1337997945376765,1.087771688898842
20.599999999999998,1.4748410220685582,0.17461740775829346,1.1333594146551895,1.0873119724745188
20.7,1.474975257907052,0.1747324154630348,1.1329185069828163,1.0868515520780653
20.8,1.4751038944646058,0.17484154799985033,1.1324770699931606,1.0863904262402386
20.9,1.475228129056865,0.1749546205442352,1.1320351023252349,1.0859285934112721
21.0,1.4753480148821816,0.17507555738899377,1.1315926026382885,1.0854660520569168
21.1,1.4754609814006636,0.17520224286349517,1.1311495694143776,1.0850028006214751
21.2,1.4755785123437055,0.17533482803314673,1.1307060010844059,1.0845388373304563
21.299999999999997,1.4757066262078746,0.17547166637084552,1.1302618958502861,1.084074160695297
21.400000000000002,1.4758274781685512,0.17559563121805222,1.129817251986029,1.0836087695453254
21.5,1.4759558325164033,0.1757259929310887,1.1293720681791455,1.083142662390734
21.599999999999998,1.4760951379172766,0.17585416566705173,1.1289263431274552,1.08267583782075
21.700000000000003,1.476236379748599,0.1759900897392909,1.1284800753784607,1.0822082949439376
21.8,1.476368745286742,0.1761215620784953,1.1280332636009098,1.0817400328809588
21.9,1.4765026954376257,0.17626705988261546,1.1275859065933196,1.0812710504612142
22.0,1.4766404170043934,0.17640818898711677,1.1271380030179914,1.080801346698434
22.1,1.476774387753177,0.176550460241049,1.1266895518520508,1.080330920975644
22.2,1.476904245226582,0.17670399808250367,1.126240552363322,1.0798597727363632
22.299999999999997,1.4770265478519904,0.17686127598124082,1.1257910034659715,1.0793879013062178
22.400000000000002,1.4771515437420872,0.17701243157749844,1.1253409040547235,1.0789153059077938
22.5,1.4772760360361958,0.1771651044669816,1.1248902532903953,1.0784419858520007
22.599999999999998,1.4774017072179442,0.1773158794782835,1.124439050263201,1.077967940389926
22.700000000000003,1.4775374201171747,0.177462106689505,1.1239872941862823,1.0774931686734182
22.8,1.4776824299582079,0.177619313451334,1.1235349844269875,1.0770176701213523
22.9,1.4778279803077419,0.1777771512075058,1.1230821200819985,1.0765414443087897
23.0,1.4779797697631685,0.17793669633146536,1.1226287002517636,1.0760644908810624
23.1,1.4781211380488344,0.17809743364666006,1.1221747242092444,1.0755868094455525
23.2,1.4782733105602368,0.17825802068406024,1.1217201915176742,1.0751083993039348
23.299999999999997,1.478432515895525,0.17843612163598732,1.1212651019715592,1.0746292598595624
23.400000000000002,1.4786054534884878,0.17862131388652863,1.1208094550208212,1.0741493909957003
23.5,1.4787712667851265,0.178804046085828,1.1203532500855355,1.073668792939874
23.599999999999998,1.4789344535208138,0.17898901388460578,1.1198964870133246,1.073187465570841
23.700000000000003,1.4791123896647755,0.17917622328844732,1.119439165632728,1.0727054084443133
23.8,1.4793043049061476,0.17935356899531696,1.1189812859183346,1.0722226214850668
23.9,1.4795065846006519,0.17954751441279712,1.1185228481458047,1.0717391049354845
24.0,1.4797155240216793,0.17974293817873463,1.1180638521784347,1.07125485908412
24.1,1.4799290484372236,0.1799362340013013,1.1176042976684424,1.0707698840107776
24.2,1.4801593778412252,0.18012594134583995,1.1171441844982606,1.0702841796962281
24.3,1.4803962924940413,0.1803129515208008,1.1166835129393602,1.0697977464630766
24.400000000000002,1.480635426592164,0.1805198686892287,1.1162222832166646,1.069310584650032
24.5,1.4808861401912472,0.18071804752035875,1.115760495096155,1.0688226946631638
24.599999999999998,1.481125021093908,0.18092111394008356,1.1152981485496076,1.0683340772340113
24.7,1.4813632636316965,0.1811205718626996,1.1148352437064286,1.067844732859504
24.8,1.4816011728079763,0.18131853804858805,1.1143717807290054,1.0673546618916312
24.9,1.4818435620008332,0.18151765745971912,1.113907759900437,1.06686386504312
25.0,1.4820754973963464,0.1817122840229494,1.1134431816091692,1.066372343217372
25.1,1.482312249021472,0.18191195423471768,1.112978046677316,1.0658800971655984
25.2,1.4825500518584431,0.18212950584724535,1.1125123557665528,1.065387127728115
25.3,1.482791907707405,0.18233875221402476,1.112046109050439,1.0648934360302214
25.4,1.4830252412105336,0.1825491268102876,1.1115793069082713,1.064399023297726
25.5,1.4832560694450436,0.18275343696001597,1.1111119498763393,1.0639038905515414
25.6,1.483486905496465,0.18295470477066708,1.1106440384420437,1.0634080387598321
25.7,1.4837137566586112,0.18314976404718056,1.1101755731709202,1.062911468761198
25.8,1.4839627000057691,0.18334321849468194,1.1097065548541034,1.0624141812923735
25.9,1.4842185456633517,0.18354640536709443,1.109236984248396,1.0619161777726491
26.0,1.4844689324853713,0.18374423500455908,1.1087668619685935,1.0614174598453368
26.1,1.4847259329286338,0.18395263840548412,1.1082961890701748,1.060918028877864
26.2,1.4849803926378713,0.18418113219913285,1.1078249665411006,1.0604178864692668
26.3,1.4852301616944419,0.18440941973601266,1.1073531949313646,1.0599170343165174
26.4,1.4854788973008999,0.1846421337747945,1.1068808752088286,1.0594154741717319
26.5,1.4857143241380313,0.18488884397373076,1.1064080085437324,1.0589132078920622
26.6,1.4859477620845944,0.18513387437648593,1.1059345957081868,1.0584102370073099
26.7,1.4861889230133987,0.18537325345387026,1.1054606375467317,1.0579065630005626
26.8,1.4864335092150096,0.1856097762611118,1.1049861352646304,1.0574021877261721
26.9,1.4866813525829463,0.18584762039551064,1.104511090269851,1.0568971131396916
27.0,1.4869349122950124,0.18609648159786396,1.1040355038898166,1.056391341319892
27.1,1.4871800752099167,0.1863490830815248,1.1035593771286,1.0558848744320983
27.2,1.4874301430183265,0.18660192049506527,1.1030827111328825,1.0553777145355392
27.3,1.4876744264184374,0.18686972755907788,1.1026055071996024,1.0548698636327096
27.4,1.4879321540952024,0.18713503550919597,1.1021277661943436,1.0543613235362743
27.5,1.488202868543573,0.18738861773605595,1.1016494891310846,1.0538520962997748
27.6,1.4884744143179982,0.18764433962804405,1.1011706775451602,1.053342184295872
27.7,1.4887495889371196,0.18789805356234304,1.1006913330187742,1.0528315898884928
27.8,1.4890149155110182,0.1881558799350228,1.100211457123743,1.052320315501031
27.900000000000002,1.4892736788543757,0.18841488459881597,1.099731051570391,1.051808363317297
28.0,1.4895361277873282,0.18868781258100598,1.099250118044719,1.0512957354988741
28.099999999999998,1.4897911225964844,0.1889596269703071,1.0987686580080498,1.0507824344463386
28.2,1.4900502321278128,0.18923563086143236,1.0982866728469654,1.0502684625531795
28.3,1.4903056007732116,0.1895030952086645,1.0978041640099137,1.0497538222784517
28.4,1.4905669467888063,0.18976789532463012,1.097321133285424,1.049238516045889
28.5,1.4908397722920845,0.1900389547573184,1.0968375828466865,1.0487225465542285
28.6,1.4911012651647304,0.19032941276980328,1.0963535146260885,1.048205916710687
28.7,1.491373027442205,0.1906216313453533,1.0958689301550855,1.047688629110642
28.799999999999997,1.4916451188544468,0.1909196120909783,1.0953838310830282,1.0471706865514565
28.900000000000002,1.4919110286452253,0.1912216323255089,1.0948982191221248,1.0466520920073175
29.0,1.492172881907279,0.19152026306298764,1.094412096051903,1.0461328483237904
29.099999999999998,1.4924239841731664,0.19182850053824627,1.0939254637707407,1.0456129582045977
29.200000000000003,1.4926822362986307,0.19213028227418677,1.0934383241625159,1.0450924242505617
29.3,1.4929399713522113,0.19244073438264064,1.0929506792969517,1.044571249361223
29.4,1.493200260646066,0.19274986182243276,1.0924625314269603,1.044049436693
29.5,1.4934583525127534,0.19307452144658493,1.0919738828280694,1.0435269895462578
29.6,1.4937109585913302,0.19339967915984593,1.0914847355743706,1.0430039111572655
29.7,1.4939714805841904,0.19372763990132322,1.0909950917212066,1.042480204694559
29.799999999999997,1.4942306031236323,0.1940523722059667,1.0905049534909321,1.0419558734631773
29.900000000000002,1.4945002858848082,0.19437819683441324,1.0900143230584438,1.0414309207845065
30.0,1.4947732541847762,0.19469183833138934,1.089523202583386,1.0409053503087131
30.1,1.4950342642433823,0.19500133797583288,1.0890315945438225,1.040379165795049
30.2,1.4952983200940637,0.19531182987210985,1.088539501469379,1.0398523707651253
30.3,1.495553945811183,0.19561243352351418,1.0880469258198662,1.039324968825445
30.400000000000002,1.495810719916304,0.19591806507934117,1.087553870270124,1.03879696351039
30.5,1.4960755369020677,0.19622074523833277,1.087060337372336,1.038268358476046
30.6,1.4963375705707913,0.19651639029399312,1.086566329527817,1.0377391576787176
30.700000000000003,1.4966045616218668,0.19679954695659108,1.0860718493662371,1.0372093650109198
30.799999999999997,1.4968732741833284,0.19707986021773594,1.0855768996451984,1.0366789844491469
30.900000000000002,1.4971386026422535,0.19734695273213915,1.0850814830455926,1.0361480201230855
31.000000000000004,1.4973998057697921,0.1976063557826702,1.0845856025269636,1.0356164760521829
31.099999999999998,1.4976632659367464,0.1978707876829886,1.0840892612173574,1.035084355999261
31.200000000000003,1.4979445390191788,0.19813271227544577,1.0835924619117134,1.0345516637960817
31.299999999999997,1.4982361439251455,0.1983855377779552,1.0830952074117193,1.034018403811103
31.4,1.4985306939009986,0.1986363771670139,1.0825975008710493,1.033484580727905
31.5,1.4988252041705563,0.19888852982956728,1.0820993454125334,1.032950199121145
31.599999999999998,1.499125621588216,0.19913273384746302,1.0816007440826723,1.032415263356778
31.7,1.4994394513622138,0.19937985680674075,1.0811017001207506,1.0318797778696172
31.8,1.4997599224199618,0.19962688843386556,1.0806022167429317,1.0313437473543554
31.9,1.500083934367763,0.19987716414512685,1.080102297022441,1.0308071764760314
32.0,1.5004146358323114,0.20012536768059286,1.0796019440883327,1.030270069814906
32.1,1.5007459593765535,0.20038071296574364,1.0791011613039392,1.0297324320040282
32.199999999999996,1.5010788242661328,0.20065066320401206,1.0785999518840292,1.0291942678073052
32.3,1.501396700033566,0.20091895646231983,1.0780983187258657,1.0286555819454473
32.400000000000006,1.5017175683944695,0.2011880968082591,1.0775962649788007,1.0281163787572634
32.5,1.5020445148469193,0.20146243010824244,1.0770937940049965,1.0275766625954927
32.6,1.5023757377437108,0.2017385439027681,1.0765909091459076,1.0270364382936787
32.7,1.502693689467094,0.20202178249726035,1.0760876139064228,1.026495710977409
32.8,1.5030005007841076,0.20231414776854528,1.075583911832312,1.0259544855496017
32.9,1.5033073092788916,0.20261151494954713,1.0750798063052946,1.0254127668961495
33.0,1.5036020283107594,0.20290761533386853,1.074575300561912,1.02487056033302
33.1,1.5038872106861134,0.20319052874590426,1.074070398070007,1.0243278711665351
33.2,1.5041752281882201,0.2034776537145997,1.0735651026666035,1.0237847045281463
33.300000000000004,1.5044705310273325,0.203763727956463,1.0730594179545598,1.0232410656949436
33.4,1.5047764018895788,0.20404052288094612,1.072553347444517,1.0226969602039209
33.5,1.5050841893221396,0.20432066297775697,1.072046894842613,1.0221523938416117
33.6,1.5053831025936473,0.20459476114828845,1.0715400638404728,1.021607372319725
33.699999999999996,1.5056767634404433,0.20487488065984988,1.0710328581352169,1.0210619008569544
33.800000000000004,1.5059791019994138,0.20514955549427144,1.0705252813051642,1.020515984378764
33.9,1.506288013038755,0.20542047438038705,1.0700173369347072,1.019969628029247
34.0,1.5065997194832885,0.20568428183315005,1.069509028781531,1.0194228370390748
34.1,1.5069275655797907,0.20594192425310276,1.0690003609390406,1.0188756166363133
34.199999999999996,1.5072620075637106,0.20621240000729169,1.0684913376453131,1.0183279723718777
34.3,1.5076009912735895,0.20648417202231129,1.0679819626100748,1.0177799100562435
34.4,1.5079354510198504,0.2067413922876891,1.067472239411357,1.0172314356008403
34.5,1.5082629595441208,0.2069924224783568,1.066962171984653,1.0166825549076843
34.6,1.5085827593034904,0.20722835162699346,1.0664517644013753,1.0161332737263742
34.7,1.5089029215350371,0.207459173143383,1.0659410208328266,1.0155835977852343
34.8,1.5092169603092878,0.20768124339531405,1.065429945577258,1.0150335329306457
34.9,1.5095320531328391,0.20790774123720815,1.0649185429298413,1.0144830851103344
35.0,1.5098380171532082,0.20812934651757634,1.0644068169716698,1.0139322603273173
35.099999999999994,1.51014489052367,0.20834558601422956,1.0638947718405734,1.0133810645167465
35.2,1.510449754434112,0.20856464938075825,1.0633824120044633,1.0128295035859856
35.300000000000004,1.510759826112394,0.20879707634382788,1.062869741689222,1.0122775834431788
35.4,1.5110754843299359,0.2090187300966083,1.0623567645719034,1.0117253101871693
35.5,1.511384677202848,0.2092216590457347,1.061843484747514,1.0111726898985882
35.6,1.5117087017596762,0.20943361063956314,1.0613299069646889,1.010619728361595
35.699999999999996,1.5120406344267936,0.2096501859119391,1.0608160355431937,1.0100664315640242
35.8,1.512381138408853,0.20985454827470204,1.0603018746548067,1.0095128058999432
35.900000000000006,1.5127134711559733,0.2100677412115031,1.0597874288377478,1.008958857769113
36.0,1.5130567485687378,0.21027404262512853,1.059272702617762,1.0084045933525931
36.1,1.5134037066048707,0.21048933669693082,1.0587577004523159,1.0078500191411137
36.2,1.5137446979410547,0.21069337525960163,1.0582424266848192,1.0072951419299718
36.3,1.5140807986003502,0.21089323750707276,1.0577268858853566,1.0067399682687046
36.4,1.514424249142812,0.2110950172015944,1.0572110829984382,1.0061845046603812
36.5,1.5147678479455084,0.21130732826761778,1.0566950229051175,1.0056287579278607
36.6,1.5151075625819508,0.21152657108199488,1.05617871031687,1.0050727349838828
36.7,1.51544295186142,0.21175784098147493,1.0556621498450813,1.004516442610378
36.8,1.5157759025481023,0.21199144655702695,1.0551453459248936,1.0039598875613023
36.9,1.5161024205182767,0.21222114995777835,1.0546283030786594,1.0034030765512743
37.0,1.516428466811852,0.21245624043155037,1.0541110262450126,1.0028460161741413
37.099999999999994,1.5167557324234644,0.21270694667815823,1.0535935201578785,1.0022887130161446
37.2,1.5170850210011309,0.21294630434004203,1.0530757891622067,1.0017311737245023
37.300000000000004,1.5174160197391804,0.2131865970451792,1.052557837922163,1.0011734049820686
37.4,1.517749492564273,0.21342669827568084,1.0520396713109645,1.0006154135223073
37.5,1.5180867956767723,0.21366697119774625,1.051521294031288,1.0000572061778688
37.6,1.5184268431232824,0.21389536424991962,1.0510027109221158,0.9994987898968327
37.699999999999996,1.5187671076328384,0.21413024389701885,1.0504839272842,0.9989401717277198
37.8,1.5191046072668937,0.2143786183904375,1.0499649483649742,0.9983813587717194
37.900000000000006,1.5194409422284099,0.2146272106031834,1.0494457789657778,0.9978223581991574
38.0,1.5197669290830433,0.21486900928482636,1.0489264240986746,0.9972631772524341
38.1,1.5200875677557828,0.21511975472896924,1.0484068891273317,0.9967038231120741
38.2,1.520403678208787,0.21537047678115567,1.0478871791224218,0.9961443029679138
38.3,1.520713148826711,0.2156131066873633,1.0473672989883203,0.9955846242084276
38.4,1.521008578670883,0.21584941325820184,1.046847253885998,0.9950247941926461
38.5,1.5213060286436115,0.21608487603731108,1.0463270489955254,0.9944648200455917
38.6,1.5216075075102655,0.21631291195030838,1.0458066893479432,0.9939047091425391
38.7,1.521896518143049,0.21653822518382407,1.045286180060992,0.9933444691278345
38.8,1.5221805012019738,0.2167671957172816,1.0447655262250133,0.9927841075494277
38.9,1.5224463380019961,0.21699175877996796,1.0442447326565927,0.9922236318470531
39.0,1.5227091687611651,0.21720686999975206,1.0437238041965473,0.9916630491493995
39.099999999999994,1.522982054710363,0.2174160330058106,1.0432027459110056,0.9911023666693594
39.2,1.523251324612191,0.2176186665164767,1.042681562977765,0.9905415919383974
39.300000000000004,1.5235304049920433,0.21782152369719843,1.0421602605744862,0.9899807324418661
39.4,1.523809508083775,0.21802152709991732,1.0416388436658464,0.9894197958722278
39.5,1.524076840193167,0.21820814875968,1.0411173173379171,0.9888587898092649
39.6,1.524359260754717,0.21840522289924913,1.0405956870612616,0.9882977214895091
39.699999999999996,1.5246434553139452,0.21860817537449193,1.0400739580419363,0.9877365985367723
39.8,1.5249208107218462,0.21880342477453388,1.039552135298497,0.9871754287569884
39.900000000000006,1.5251964049273043,0.21899915396010405,1.039030224173615,0.9866142196838276
40.0,1.5254723956507126,0.2191940393050746,1.038508230130045,0.9860529787711303
40.1,1.5257536955717186,0.21939043792582721,1.0379861585583934,0.9854917135919534
40.2,1.5260347493759034,0.21958066917982033,1.0374640149874697,0.9849304319040189
40.3,1.5263125942761995,0.21978309578196525,1.0369418050782102,0.9843691414521801
40.4,1.5265923216983168,0.2199863033216763,1.0364195341643332,0.9838078498117543
40.5,1.5268800068806212,0.22018106941045326,1.0358972074779067,0.9832465646565144
40.6,1.5271641859581142,0.22037341490588178,1.0353748306287383,0.9826852939134731
40.7,1.527446715903817,0.22057066429790453,1.034852409324095,0.9821240454628533
40.800000000000004,1.527730297060083,0.2207715269774276,1.0343299490321973,0.9815628270538772
40.9,1.5280213181801732,0.22096874648243003,1.0338074551825776,0.9810016465588062
41.0,1.5283107809599952,0.22117111801490075,1.033284933330594,0.9804405119978075
41.1,1.5286000380532878,0.22137753305146288,1.0327623890001372,0.9798794313367177
41.199999999999996,1.5288871941842526,0.22159199751727668,1.0322398275692715,0.9793184124837654
41.300000000000004,1.5291738367881658,0.22180237960535337,1.0317172540658877,0.9787574633457926
41.4,1.529459400545087,0.22198568927560797,1.0311946736993454,0.9781965918877975
41.5,1.5297400041118276,0.22216866834096893,1.0306720923761137,0.9776358061341786
41.6,1.5300135656641458,0.22235457536866457,1.0301495160088585,0.9770751139831924
41.699999999999996,1.530288572802911,0.22254490007983568,1.0296269502857025,0.9765145233010373
41.8,1.5305567294408462,0.22274357037321774,1.029104400883879,0.9759540420606962
41.9,1.5308271083593645,0.2229470945762945,1.0285818733113437,0.9753936782321494
42.0,1.5310980398431868,0.22314527577530793,1.0280593730178327,0.974833439901892
42.1,1.5313623045373195,0.2233448942391291,1.0275369056570869,0.9742733352892582
42.2,1.5316200861529787,0.22354987986989086,1.027014476829415,0.9737133724769944
42.3,1.5318818682886728,0.2237468812151595,1.0264920917386855,0.9731535595264303
42.4,1.5321319354769063,0.2239216973902117,1.0259697557111296,0.9725939045761334
42.5,1.5323851534319792,0.22409296039756388,1.0254474745590232,0.9720344156709108
42.599999999999994,1.5326329969596384,0.2242606012007007,1.0249252541529916,0.9714751009374916
42.7,1.5328756377128228,0.22443263968928187,1.024403100165593,0.9709159686076144
42.800000000000004,1.533109402885497,0.22459746622961685,1.0238810181186462,0.9703570268977931
42.9,1.5333350230667133,0.2247563884499628,1.0233590136837025,0.9697982838880072
43.0,1.5335640472381606,0.22491947924562253,1.0228370926844792,0.9692397475348778
43.1,1.5337952958176277,0.22508091378606224,1.0223152610616004,0.968681425974119
43.199999999999996,1.5340275565946577,0.2252602556055828,1.0217935247220182,0.9681233276200302
43.3,1.5342467419678714,0.2254252099742014,1.0212718894039525,0.9675654607670006
43.400000000000006,1.534477642313668,0.22559432192847123,1.0207503611499034,0.9670078335104977
43.5,1.5346997649634635,0.22575880918466665,1.020228946156635,0.9664504542448205
43.6,1.5349086334633038,0.2259199213498984,1.01970765050346,0.9658933312787902
43.7,1.5351218699050013,0.22606784962170187,1.0191864803426196,0.9653364726582944
43.8,1.5353243879791025,0.22621336526148864,1.018665441992139,0.964779886488527
43.9,1.5355376946669406,0.22635893447581243,1.018144541801386,0.9642235808988815
44.0,1.535744560834282,0.22651210696924873,1.0176237858103117,0.9636675642434762
44.1,1.5359458121176583,0.22665779734822628,1.0171031797943628,0.9631118449278991
44.2,1.536138356635788,0.2268100204893448,1.0165827295749226,0.9625564312581002
44.3,1.536327094300471,0.2269637759434041,1.0160624409252763,0.9620013313828046
44.4,1.5365285222380498,0.22712816518959125,1.0155423194372257,0.9614465533898282
44.5,1.5367330995228603,0.22729549945670688,1.0150223704701613,0.9608921057200291
44.599999999999994,1.5369292012772158,0.22745607697108847,1.014502599301353,0.960337996936764
44.7,1.5371218522514074,0.22760915536102327,1.0139830115336146,0.95978423535568
44.800000000000004,1.5373122845164364,0.22777071650344177,1.0134636128805858,0.9592308291538616
44.9,1.5375049057230719,0.22792571598262407,1.0129444088559156,0.9586777865568947
45.0,1.537690909790648,0.22808265399242006,1.0124254050215664,0.9581251157932652
45.1,1.5378823592407977,0.22823847002328543,1.0119066069022313,0.9575728250810983
45.199999999999996,1.5380646245597938,0.22838334922153686,1.0113880199197642,0.9570209227566085
45.3,1.5382442427462812,0.22851735761027892,1.010869649715707,0.9564694171463296
45.400000000000006,1.538410074799878,0.22865179777905795,1.010351502042289,0.9559183165094238
45.5,1.5385713509683512,0.22877683785683303,1.0098335825894869,0.9553676289660492
45.6,1.5387357466924563,0.22889911212635392,1.009315897164025,0.9548173625800235
45.7,1.5389018632132976,0.22902090171909384,1.0087984516170694,0.9542675255814882
45.8,1.5390610554635982,0.22914228867769806,1.0082812518526063,0.9537181262467576
45.9,1.5392204938555543,0.22927743103941894,1.0077643038388768,0.9531691727199105
46.0,1.5393823580979544,0.22941993463993485,1.007247613303115,0.9526206731128672
46.1,1.539545688494642,0.2295652052023101,1.0067311857970498,0.952072635626591
46.2,1.5397069335316562,0.2297052317425964,1.0062150269559016,0.9515250684346834
46.3,1.5398729990486106,0.22984033241611607,1.0056991426264685,0.9509779796222819
46.4,1.5400415826259994,0.22997167680347513,1.005183538855409,0.9504313773332227
46.5,1.5402090135858317,0.2300998732068766,1.0046682217955614,0.9498852697608731
46.599999999999994,1.5403744648728879,0.23022627730229508,1.0041531976246894,0.949339665028121
46.7,1.5405398757399427,0.23034737733624067,1.0036384725483498,0.9487945712431077
46.800000000000004,1.5407018911518584,0.23046948345982152,1.0031240527356047,0.9482499965497656
46.9,1.540862163800274,0.23058472774169353,1.0026099441647733,0.9477059490816213
47.0,1.5410177245145613,0.23069492408571024,1.002096152774344,0.9471624368805159
47.1,1.5411835737770174,0.23080600345861152,1.0015826844954225,0.9466194679467067
47.199999999999996,1.5413491173373024,0.23091832304291895,1.0010695450515519,0.946077050461002
47.3,1.5415094950050325,0.23102606892808503,1.000556739983602,0.9455351925923329
47.400000000000006,1.5416745981044297,0.23112349122835493,1.0000442749043101,0.9449939024227586
47.5,1.5418293545128396,0.23121814472905605,0.9995321557192174,0.9444531880933104
47.6,1.5419831022928867,0.23132245366854584,0.9990203883220135,0.9439130576701527
47.7,1.5421261366687204,0.231424572106541,0.9985089782982146,0.943373519159025
47.8,1.5422638718015003,0.2315246711295518,0.9979979311410834,0.9428345805097665
47.9,1.5423934520101874,0.23161907789121824,0.9974872524036392,0.9422962495951748
48.0,1.542523908226248,0.2317139674967203,0.9969769475793756,0.9417585341884755
48.1,1.5426636344209734,0.23179951300063145,0.9964670221352409,0.941221442201728
48.2,1.5427893120368625,0.23188901610028634,0.9959574815490115,0.9406849817685013
48.300000000000004,1.5429085548045294,0.23196469683882726,0.9954483313022925,0.9401491608087452
48.4,1.543022320292056,0.23204502352230558,0.994939577061071,0.9396139871125064
48.5,1.5431281557063439,0.23212183103709536,0.9944312246480117,0.9390794684917436
48.6,1.5432375788187116,0.23220977278122923,0.9939232798920139,0.9385456126516538
48.699999999999996,1.5433543269820347,0.23230169715363969,0.9934157483423454,0.9380124273130962
48.800000000000004,1.5434740258831332,0.23238855958911372,0.9929086352615721,0.9374799201593708
48.9,1.5436120753454001,0.23247300042111843,0.9924019459095604,0.9369480989693061
49.0,1.5437271481468458,0.23256001718064725,0.9918956853886063,0.9364169716538352
49.1,1.543848139437736,0.23263353973667483,0.9913898585742789,0.9358865457613967
49.199999999999996,1.5439727595661905,0.2326927586718161,0.9908844706846001,0.9353568287958299
49.3,1.5440956298364905,0.23276119989944816,0.9903795273237042,0.9348278284591027
49.4,1.5442174482093345,0.2328234736273609,0.9898750340431263,0.9342995524434708
49.5,1.5443270267423925,0.23288300759300154,0.9893709965808059,0.9337720082992709
49.6,1.5444482890339342,0.23294204793641238,0.9888674209060437,0.9332452033524661
49.7,1.544579125596743,0.23299619142477135,0.9883643129876453,0.9327191450940385
49.8,1.5447060084757203,0.2330469308163739,0.9878616788849436,0.9321938412088012
49.9,1.544830625118627,0.2331064162868462,0.987359524754229,0.9316692992348287
50.0,1.5449530478749844,0.23319067999764248,0.986857856241708,0.9311455265609999
50.099999999999994,1.5450772027740192,0.23325804176667844,0.9863566783462555,0.9306225306419313
50.2,1.5451847931714566,0.2333178493430442,0.9858559961108808,0.9301003189511197
50.300000000000004,1.5452881589284277,0.23336435279624018,0.9853558147508384,0.9295788987651037
50.4,1.5453847954722542,0.23341400250037977,0.9848561394800901,0.9290582773008383
50.5,1.5454799098455068,0.233465188640339,0.9843569753007847,0.9285384617588377
50.6,1.5455728232387145,0.23351334289114656,0.9838583270450738,0.928019459369811
50.699999999999996,1.5456519753220543,0.2335635168313802,0.9833601995344703,0.9275012774020709
50.8,1.545719469198787,0.2336059474830509,0.9828625975645062,0.9269839228516753
50.900000000000006,1.545800161209199,0.23364749134411925,0.9823655260832549,0.9264674026125503
51.0,1.545869739762724,0.2336933840927407,0.9818689901169257,0.925951723806561
51.1,1.5459394119527856,0.23373197077864927,0.9813729946303241,0.92543689348972
51.2,1.5460098956007355,0.23375988567948233,0.9808775447220289,0.9249229186072353
51.3,1.5460830313651968,0.23377632237897278,0.9803826457800779,0.9244098061359076
51.4,1.54615616855569,0.23379462470132548,0.9798883032389166,0.9238975630159403
51.5,1.5462296859435214,0.23379997506564001,0.9793945223860778,0.9233861961533781
51.6,1.5462981076576414,0.23380056566284332,0.9789013085231103,0.922875712404839
51.7,1.5463701865798096,0.23379239544308855,0.9784086668989118,0.9223661185081344
51.8,1.5464494557816035,0.23377646691808765,0.9779166026170063,0.9218574212206078
51.9,1.5465225873334851,0.23375486215471786,0.9774251206811824,0.9213496274125909
52.0,1.5465792593605006,0.23373351119569138,0.9769342259896542,0.9208427438049446
52.099999999999994,1.5466390147636946,0.23371648313261834,0.9764439232525077,0.9203367768758229
52.2,1.5467016939482947,0.23369630713616216,0.9759542169350888,0.919831733124193
52.300000000000004,1.5467621175347295,0.2336708881321523,0.9754651114618681,0.9193276191530391
52.4,1.5468127923751764,0.23364248628278236,0.9749766112709092,0.9188244414837415
52.5,1.5468678493375487,0.23359920147199326,0.9744887208056358,0.9183222065007848
52.6,1.546915925989573,0.2335511548999279,0.9740014446740419,0.9178209205874219
52.699999999999996,1.5469601163401183,0.23349870375120485,0.9735147874986388,0.91732059003869
52.8,1.5470106429605794,0.2334293025697168,0.9730287538950446,0.9168212210889922
52.900000000000006,1.547055827775884,0.23335172786845265,0.9725433486738068,0.9163228200064656
53.0,1.5471072658716938,0.23326551540693205,0.972058576704261,0.9158253930190201
53.1,1.5471482842140185,0.23317602294540868,0.9715744427266029,0.9153289463577521
53.2,1.547183266336762,0.23307255797397744,0.9710909514273854,0.9148334861914917
53.3,1.5472075698078482,0.23297027830525946,0.9706081075152548,0.9143390185660301
53.4,1.5472266853936203,0.232867986326055,0.9701259154776367,0.9138455494015025
53.5,1.547244319237196,0.23275675043094948,0.9696443796154995,0.9133530845084289
53.6,1.547270182497615,0.23264395843261707,0.9691635043032528,0.9128616297226643
53.7,1.547287816352478,0.2325311691399811,0.9686832939531074,0.9123711909896726
53.8,1.5472943175971126,0.2324207287694972,0.9682037529328023,0.9118817741694414
53.9,1.5472960459022256,0.2323050854232563,0.9677248855776385,0.9113933849192268
54.0,1.547299521242499,0.23218132959788074,0.9672466964301375,0.9109060288257529
54.099999999999994,1.54730725244625,0.232065540609504,0.9667691902410509,0.9104197114603142
54.2,1.5473271554096217,0.23194806547192126,0.966292371696514,0.9099344384039543
54.300000000000004,1.5473505034952895,0.23183082518298131,0.9658162454010306,0.9094502153111743
54.4,1.5473707164370953,0.2317050442033496,0.9653408158691829,0.9089670478221805
54.5,1.5473816551595299,0.2315733879132669,0.9648660875578812,0.908484941460843
54.6,1.5473830047290191,0.2314480246187888,0.9643920647445595,0.9080039016019947
54.699999999999996,1.5473805531126181,0.23131865398828128,0.963918751391938,0.9075239335638846
54.8,1.5473618710764445,0.23119164232526238,0.9634461513180477,0.9070450425871034
54.900000000000006,1.547348499646586,0.23106628526907014,0.962974268189688,0.9065672337538341
55.0,1.547325697239553,0.2309367257861847,0.9625031055797466,0.9060905121482767
55.1,1.5473004867305624,0.23080291985540846,0.96203266715968,0.9056148828486573
55.2,1.5472597558205246,0.23066795708337814,0.9615629566921,0.9051403507999016
55.3,1.547223049537993,0.23053389354092663,0.9610939780412109,0.9046669208143796
55.4,1.547186780194445,0.2304127634858506,0.9606257351133062,0.9041945977414766
55.5,1.5471465025459463,0.23030153335256592,0.9601582315655619,0.9037233864510354
55.6,1.5471022697906434,0.23018548449744464,0.9596914707529433,0.9032532916880933
55.7,1.547061875823353,0.2300587178535302,0.9592254559491016,0.9027843180903338
55.800000000000004,1.5470236807199744,0.22992449111439098,0.958760190393282,0.9023164701906972
55.9,1.5470020692809554,0.22978496040198207,0.9582956771857901,0.9018497524628468
56.0,1.5469756622027855,0.22963627271242507,0.9578319193516011,0.9013841693815355
56.1,1.546957088744425,0.22948101339120341,0.9573689200630862,0.9009197253622758
56.199999999999996,1.546939679266757,0.22932406598364447,0.9569066825718756,0.9004564247763249
56.300000000000004,1.5469235160496144,0.22915018354692854,0.9564452101155785,0.8999942718885031
56.4,1.546914072126471,0.22896224157548548,0.955984506206066,0.8995332709097197
56.5,1.546900439023521,0.22877220830823028,0.9555245745305273,0.8990734259894745
56.6,1.5468988053157042,0.228573311214712,0.9550654187129348,0.8986147411614963
56.699999999999996,1.5468968098629776,0.22837560654286987,0.95460704231208,0.8981572204882274
56.8,1.5468960819496063,0.2281642995745132,0.9541494487305877,0.8977008679986661
56.9,1.5468909371676656,0.22794833297687236,0.9536926413214439,0.8972456876536646
57.0,1.5468751782783405,0.22773843135397512,0.9532366232746126,0.8967916832887448
57.1,1.546871144990137,0.2275223002883372,0.9527813974244312,0.89633885861399
57.2,1.546855528677351,0.22729706027685304,0.9523269664870581,0.8958872173425325
57.3,1.5468344244380432,0.22706386892422956,0.951873333264586,0.8954367631223386
57.4,1.5468078251790367,0.22682274924277143,0.9514205006740845,0.8949874995137681
57.5,1.5467780219705343,0.2265820496002899,0.9509684716418922,0.8945394300010138
57.599999999999994,1.5467463050467687,0.22632743850100473,0.9505172490729664,0.8940925580315713
57.7,1.5467076106458189,0.22606333725699143,0.9500668359407732,0.8936468870313721
57.800000000000004,1.5466557358544222,0.22579017209120425,0.9496172352618119,0.8932024203370363
57.9,1.546587061065198,0.22552568829889905,0.949168449891112,0.8927591611262258
58.0,1.5465234918890234,0.2252531241047969,0.9487204823466364,0.892317112417261
58.1,1.5464556909731393,0.2249788018232666,0.94827333497627,0.8918762771949869
58.199999999999996,1.5463861174941314,0.2247052217684438,0.9478270100373453,0.8914366584064823
58.3,1.5463185421421821,0.22442965851527868,0.9473815096465782,0.8909982589120308
58.400000000000006,1.5462483955442305,0.22415624823704489,0.9469368359118965,0.8905610815223788
58.5,1.546177946781862,0.22388491189731666,0.9464929909528125,0.8901251289793216
58.6,1.5461033499778978,0.2236099054859717,0.9460499768726398,0.8896904039301234
58.7,1.5460292539479006,0.2233205263850587,0.9456077959106525,0.8892569089716656
58.8,1.545952033410006,0.22302274672883896,0.9451664505193894,0.8888246466633947
58.9,1.5458676545199816,0.22272320300448023,0.9447259432290775,0.8883936195068176
59.0,1.545785052451778,0.22242302881065343,0.9442862764182248,0.8879638299161152
59.1,1.5456989017082348,0.2221148512749409,0.9438474522414393,0.8875352802300667
59.2,1.545610271928263,0.22180005612622836,0.9434094727194834,0.8871079727282382
59.3,1.5455094377667813,0.22148377006265899,0.9429723396876865,0.8866819095762373
59.4,1.5454075339670401,0.22115966475692592,0.9425360548337574,0.8862570928344048
59.5,1.5453065529798344,0.22083190740271777,0.9421006199172812,0.885833524535059
59.599999999999994,1.5451901516008084,0.22051513370916093,0.9416660367685549,0.8854112066413614
59.7,1.5450750674103335,0.22019778159497294,0.9412323072290083,0.8849901410212914
59.800000000000004,1.544955137925852,0.2198733106180195,0.9407994333476669,0.8845703295272712
59.9,1.544830030481044,0.2195510326863594,0.9403674174089911,0.8841517739755913
60.0,1.5446996599586678,0.2192243883468259,0.9399362616879632,0.8837344760927138
60.1,1.5445557245982058,0.2188914545873344,0.9395059683951315,0.8833184375152673
60.2,1.5444042599156116,0.21855886590815496,0.9390765396175902,0.8829036597861617
60.3,1.5442594364994795,0.21821678712308842,0.9386479771581169,0.8824901443502629
60.4,1.5441089520827267,0.21787268917505884,0.9382202825253894,0.8820778925760779
60.5,1.5439353647404017,0.21752385663371324,0.9377934569628569,0.8816669057413902
60.6,1.5437676164350438,0.21715948279206707,0.9373675016146215,0.8812571850161653
60.7,1.5436021506878557,0.21679565914753693,0.9369424177063818,0.8808487315501846
60.800000000000004,1.5434236527936085,0.21642413134247274,0.9365182065508937,0.8804415464835603
60.89999999999999,1.543243499370063,0.21604450116589777,0.936094869606131,0.8800356308708663
61.0,1.5430544625515799,0.21565686466853223,0.9356724085274607,0.8796309856852483
61.1,1.5428679083162549,0.21526713997998567,0.9352508250484941,0.8792276118533794
61.2,1.5426747468605642,0.21486386503856542,0.934830120788271,0.8788255102556825
61.300000000000004,1.5424653294449824,0.21444225230773847,0.9344102972566488,0.8784246816590485
61.400000000000006,1.5422441098248652,0.21403326617494217,0.9339913557494568,0.8780251266987141
61.49999999999999,1.5420064781966,0.21361972154902173,0.9335732971080368,0.8776268459046253
61.599999999999994,1.5417640346104566,0.21320512929058716,0.9331561218338437,0.8772298396985507
61.7,1.5415239792688036,0.2127833871686805,0.9327398302498201,0.8768341083828302
61.800000000000004,1.5412853106262971,0.2123596619218529,0.9323244226546278,0.876439652199083
61.900000000000006,1.541045992964099,0.21193406861349137,0.9319098994446523,0.8760464713661159
62.00000000000001,1.54081217954349,0.21149834386297692,0.9314962611195092,0.8756545660181638
62.099999999999994,1.5405738556211792,0.21105200441252236,0.9310835084038087,0.8752639362298004
62.199999999999996,1.540320965313938,0.21059575663531682,0.9306716423110536,0.8748745820469995
62.3,1.5400574098248683,0.21014149984648994,0.9302606640166102,0.8744865034621297
62.400000000000006,1.539792926556998,0.20968041736781923,0.929850574729085,0.8740997004006166
62.50000000000001,1.539524982565425,0.209219238773809,0.9294413756427501,0.8737141727138025
62.599999999999994,1.5392557440817847,0.20874124818515805,0.9290330679754107,0.8733299201864431
62.699999999999996,1.5389843202130542,0.2082619208220457,0.9286256529896301,0.872946942548274
62.8,1.5387014714914575,0.20776261577579289,0.9282191319049352,0.8725652394363785
62.9,1.5384153762573562,0.2072512052259501,0.9278135059991905,0.8721848104315492
63.0,1.5381271857202532,0.20674229894200127,0.9274087765549581,0.8718056550818079
63.10000000000001,1.537822130634253,0.2062254783837738,0.9270049446198061,0.8714277728431741
63.199999999999996,1.5375120103655426,0.20570196119785303,0.9266020110373554,0.871051163083475
63.3,1.537194406877404,0.20517914732427409,0.9261999763681075,0.8706758250646437
63.4,1.536884860435155,0.2046446801832231,0.9257988407784589,0.8703017579098156
63.5,1.5365697040601314,0.2040999755262128,0.9253986041799613,0.8699289606360655
63.6,1.536239938031272,0.20355675659972394,0.9249992662626221,0.8695574321946317
63.7,1.5359218699345354,0.20300062672977412,0.9246008264498246,0.8691871714582546
63.8,1.5355907235833695,0.2024302712117268,0.9242032840747572,0.8688181771943231
63.9,1.5352631259054577,0.20186523646901372,0.9238066384291317,0.8684504480605327
64.0,1.5349305814989134,0.20129152103409834,0.9234108887025486,0.8680839826079795
64.1,1.5346053231180463,0.2007173292845972,0.9230160341432535,0.8677187793407213
64.2,1.53428485328345,0.20014128948994686,0.9226220740715219,0.8673548367145424
64.30000000000001,1.533956867600384,0.19955129018129594,0.9222290078345676,0.866992153110081
64.39999999999999,1.5336239217114758,0.1989436663947282,0.9218368348931123,0.8666307268851433
64.5,1.533277025116738,0.1983141278297046,0.9214455548018052,0.8662705563455905
64.6,1.5329323309249383,0.1976811283445734,0.9210551671274175,0.865911639720379
64.7,1.5325836376416582,0.19704337724908944,0.9206656713258827,0.8655539751414596
64.80000000000001,1.532218059238293,0.19639466622069168,0.9202770666660232,0.8651975606418111
64.9,1.5318456225160877,0.1957248118037003,0.9198893522944432,0.8648423941968647
65.0,1.5314737617494718,0.1950585482328657,0.91950252727975,0.8644884737295729
65.1,1.5311171029034525,0.19440161658652974,0.9191165905405296,0.8641357970851101
65.2,1.5307643225585914,0.19374227558015297,0.9187315408305476,0.8637843619879618
65.3,1.530416215850921,0.19306949029888876,0.9183473768986556,0.863434166051
65.4,1.5300646548010264,0.19239456179676429,0.9179640976076073,0.8630852068446504
65.5,1.5297155195858596,0.191709190622,0.9175817019284153,0.8627374819114632
65.6,1.5293552808330124,0.19101993629019973,0.9172001888965999,0.8623909887369532
65.7,1.5289819751733065,0.1903207485529096,0.9168195574942566,0.862045724735519
65.8,1.5286080495724603,0.1896150752566687,0.9164398065908912,0.8617016872748827
65.9,1.5282340920480952,0.1889095889829938,0.9160609348915453,0.8613588736266641
66.0,1.5278505141522656,0.1881998693580865,0.9156829408546379,0.8610172809293694
66.1,1.5274552056886979,0.18749177352888208,0.9153058226573416,0.8606769062218564
66.2,1.527053212686188,0.18677199534219097,0.9149295782379275,0.8603377464983542
66.3,1.5266537781587157,0.18604133222078814,0.9145542054565411,0.8599997987656796
66.4,1.5262582192942153,0.18530530813150956,0.9141797021137782,0.8596630599680769
66.5,1.5258608687085058,0.18455814296068265,0.9138060658863972,0.8593275269111925
66.60000000000001,1.5254658723164063,0.18379230464634103,0.9134332944638754,0.8589931963544245
66.69999999999999,1.5250835300032324,0.18302119239560982,0.9130613856686974,0.8586600650111103
66.8,1.5246983589578942,0.1822344856446464,0.9126903375042232,0.8583281294993734
66.9,1.5243058997505672,0.1814438006466747,0.9123201481826791,0.8579973863556205
67.0,1.5238933557258545,0.1806575699473747,0.9119508160460467,0.8576678320525898
67.10000000000001,1.52347026426122,0.17985947274453576,0.9115823395381378,0.8573394630741503
67.2,1.523043620568333,0.1790549189504867,0.9112147172133498,0.8570122759214479
67.3,1.5226141715501809,0.17824234971965697,0.9108479476148348,0.856686267034124
67.39999999999999,1.5221859850975041,0.17743698026453328,0.9104820291051235,0.8563614327388719
67.5,1.5217530100896497,0.17663888863173244,0.9101169598061282,0.8560377692775952
67.60000000000001,1.5213151011180743,0.1758411951070596,0.9097527375452605,0.8557152728418057
67.7,1.520887001892956,0.17504108216665076,0.9093893598605112,0.8553939395033986
67.8,1.5204536778870117,0.17423811757530216,0.909026824145838,0.8550737651874234
67.89999999999999,1.5200102987015147,0.1734354130148224,0.9086651277440547,0.8547547457691818
68.0,1.519559585248197,0.1726332186202876,0.9083042679886731,0.8544368772070529
68.1,1.5191302624395375,0.1718291470979035,0.9079442422214538,0.8541201554335784
68.2,1.5187023476042194,0.17100938896480705,0.9075850478458206,0.85380457622859
68.30000000000001,1.5182760173602663,0.17017590727416254,0.9072266823259096,0.8534901353087136
68.39999999999999,1.517849910542402,0.16934103170160467,0.9068691431167065,0.8531768283568465
68.5,1.5174230213494841,0.1685074457009959,0.9065124276603856,0.8528646510147886
68.6,1.5170011441318787,0.167652849170941,0.9061565334088301,0.8525535989011903
68.7,1.516588366640945,0.1667897608924954,0.9058014578801706,0.8522436675501492
68.8,1.5161719021517548,0.16591484604805856,0.9054471987064153,0.8519348523867886
68.9,1.515744807232208,0.16503498136490447,0.9050937536037253,0.8516271487710844
69.0,1.5153044035290686,0.16415723267905422,0.9047411203407187,0.8513205520743987
69.1,1.5148628542839317,0.16326784851248896,0.9043892967477472,0.8510150576839657
69.2,1.514414726184922,0.16237774379368958,0.9040382806685134,0.8507106609217989
69.3,1.5139625550139277,0.16146593309943727,0.9036880698381746,0.8504073570151893
69.4,1.5135076118537527,0.1605462899666676,0.9033386618151316,0.8501051411067547
69.5,1.5130476879141335,0.1596358136477415,0.9029900539726782,0.8498040083021641
69.6,1.5125946825734171,0.15871923982879094,0.902642243511199,0.8495039536643074
69.7,1.5121353601137744,0.15779760506900672,0.9022952274690105,0.8492049721371849
69.8,1.5116727421941833,0.15687208400335198,0.9019490027530179,0.848907058606795
69.9,1.511205154134543,0.15593150453081042,0.901603566218515,0.8486102079765064
70.0,1.5107400756048541,0.15498913688232943,0.9012589147140038,0.8483144150991067
70.1,1.5102685721409401,0.15404587354194066,0.9009150451017978,0.8480196746868461
70.19999999999999,1.509784150013089,0.15310260399276815,0.9005719543232863,0.8477259814685578
70.3,1.5093058038238227,0.15215151896305315,0.9002296394188316,0.847433330287362
70.4,1.5088350153208732,0.1511973920550444,0.8998880974661647,0.8471417158291102
70.5,1.5083547185145074,0.15024381322845662,0.8995473255570308,0.8468511325903388
70.60000000000001,1.5078663284773894,0.1492813693283003,0.8992073207441983,0.8465615751505975
70.69999999999999,1.5073901456509897,0.1483216366843164,0.8988680799835261,0.8462730381125326
70.8,1.5069105340138145,0.14734613417025863,0.8985296001319505,0.8459855158275048
70.9,1.506408989096298,0.1463461549987438,0.8981918779034654,0.8456990025445639
71.0,1.5058938204606878,0.14534133191442752,0.8978549098633223,0.8454134926585269
71.10000000000001,1.5053683483853062,0.14433079043036756,0.8975186924512738,0.8451289805869371
71.2,1.5048410562132153,0.14331865680359418,0.897183222072543,0.8448454607006929
71.3,1.5043105990933114,0.1423082808691901,0.8968484951692738,0.844562927340458
71.39999999999999,1.5037829231681046,0.14129219151973094,0.89651450814566,0.8442813747505458
71.5,1.5032587022816652,0.1402817359850984,0.896181257420417,0.8440007970839059
71.6,1.502727997587512,0.13927041168991103,0.8958487394694947,0.843721188412793
71.7,1.502185155178617,0.1382542764605562,0.8955169507044323,0.8434425428180031
71.80000000000001,1.5016408076061523,0.1372356935902108,0.8951858874074959,0.8431648544468868
71.89999999999999,1.5010961684988198,0.1362142798618715,0.8948555457550238,0.8428881173936768
72.0,1.5005476232147443,0.1351799286994293,0.8945259218190313,0.8426123256712803
72.1,1.5000000518040477,0.13413052492159153,0.8941970115465907,0.8423374733276804
72.2,1.499467109895415,0.13307994416605382,0.8938688108774266,0.8420635543823393
72.30000000000001,1.4989326557298055,0.13201957867669667,0.8935413158466248,0.841790562673187
72.4,1.4983950203016387,0.13095729178327728,0.8932145225760734,0.8415184920233798
72.5,1.4978682443946947,0.12987925383797638,0.8928884273296804,0.8412473363435552
72.6,1.497348543842091,0.1288034927888908,0.8925630265587902,0.84097708948204
72.7,1.4968346518167794,0.12772336695967512,0.8922383168571634,0.8407077451787062
72.8,1.4963197156785135,0.12664375604229658,0.8919142948862344,0.840439297156181
72.9,1.4958108838495119,0.1255602946150173,0.8915909573033297,0.8401717390689134
73.0,1.495288190682753,0.12447332585995924,0.8912683007038007,0.8399050645652377
73.1,1.4947768457511004,0.12339180773387133,0.8909463216048386,0.8396392673773808
73.2,1.494259668866397,0.12230854224484243,0.8906250164235396,0.8393743410895971
73.3,1.493740151250502,0.1212197903111877,0.890304381459835,0.8391102791394321
73.4,1.4932056374013292,0.12012945709108089,0.8899844129908329,0.8388470749993177
73.5,1.4926584112958081,0.1190232316275497,0.889665107257588,0.8385847222153131
73.6,1.4921048425341963,0.11791660551105736,0.8893464604194565,0.8383232143976995
73.7,1.4915502615781524,0.11680582164603989,0.8890284687109583,0.8380625451769489
73.8,1.4909999208652565,0.11567604276639691,0.8887111284518533,0.837802708151916
73.9,1.4904536686031866,0.11453989487826655,0.888394435911904,0.8375436967558104
74.0,1.489901850378855,0.11340223267435648,0.8880783873828262,0.8372855043927919
74.10000000000001,1.4893627919151409,0.11224901632070547,0.887762979215001,0.8370281245511642
74.19999999999999,1.4888271232321006,0.11108899467592356,0.8874482077438004,0.8367715506478227
74.3,1.488297359541519,0.10991404419349421,0.8871340692197064,0.836515775994371
74.4,1.487765444504877,0.10872682934031089,0.8868205596467075,0.8362607938379496
74.5,1.4872374221492342,0.10754774849480403,0.886507674805417,0.836006597397116
74.60000000000001,1.4867056212912089,0.10636970068861393,0.8861954104437384,0.8357531798050929
74.7,1.48615958457935,0.10517322102755139,0.8858837622458603,0.8355005341751106
74.8,1.4856044701130522,0.10397541606129078,0.8855727257606099,0.8352486538009313
74.89999999999999,1.4850460332303679,0.10278380099052177,0.8852622964921467,0.8349975320288293
75.0,1.484488183645755,0.10158492727765779,0.8849524699817337,0.8347471620737518
75.10000000000001,1.4839219258948744,0.1003855677062199,0.8846432417672033,0.8344975371466039
75.2,1.483361062433109,0.0991980701968699,0.8843346073607009,0.8342486505061564
75.3,1.4827954792148959,0.09801397500513069,0.884026562285976,0.8340004953092252
75.39999999999999,1.4822241881719418,0.09683160018243858,0.8837191020271403,0.8337530646158143
75.5,1.4816411835799046,0.0956262758548755,0.8834122219651667,0.8335063516183184
75.6,1.481067678051417,0.09440994570887072,0.8831059173288301,0.8332603496071148
75.7,1.4804876958064954,0.09319622038645194,0.8828001833572131,0.8330150516909769
75.80000000000001,1.479899008194388,0.09195744830825033,0.8824950154067173,0.832770451009973
75.89999999999999,1.4793152573664021,0.09072144111382094,0.8821904088223672,0.8325265408338755
76.0,1.4787314774460516,0.08948760146141285,0.8818863590898033,0.832283314293908
76.1,1.4781404058124326,0.0882643460954087,0.8815828619332965,0.8320407644517557
76.2,1.4775441583360254,0.08703941509617667,0.8812799131720928,0.8317988844022755
76.3,1.4769419717996934,0.08581430129737462,0.8809775086875543,0.8315576673391315
76.4,1.4763445503943542,0.08457700190342782,0.8806756443609899,0.8313171064650103
76.5,1.4757399521838024,0.08333408861099627,0.8803743159301367,0.8310771948071106
76.6,1.475128019701298,0.08208735642168938,0.8800735190423848,0.8308379253849387
76.7,1.4745072697804937,0.08083714051259952,0.879773249334785,0.8305992912583886
76.8,1.4738727968363254,0.07957741745600501,0.8794735024010527,0.8303612855279943
76.9,1.4732411859454007,0.07830842436652999,0.8791742738742574,0.8301239013959553
77.0,1.4726052986160687,0.07702059279198033,0.878875559406372,0.8298871320302798
77.1,1.471975504954338,0.07574260099497766,0.8785773546624451,0.8296509705399335
77.2,1.4713417604272279,0.07446047003041523,0.8782796554990121,0.8294154100001903
77.3,1.470708462754089,0.07316915501389816,0.8779824578690669,0.8291804434230763
77.4,1.4700600057056135,0.07186804657843181,0.877685757540157,0.8289460637954494
77.5,1.4694071629849477,0.07058165166582026,0.877389550132501,0.8287122642073051
77.6,1.4687495373787136,0.06928855707546289,0.8770938312977214,0.8284790378614597
77.69999999999999,1.4680964626915558,0.0679961049789255,0.8767985966288625,0.8282463778075491
77.8,1.4674208851470698,0.06670472961574163,0.8765038416452713,0.8280142769136455
77.9,1.4667302581702784,0.06540797328766935,0.8762095618641339,0.8277827282811673
78.0,1.466035959796011,0.06410163357523257,0.875915752748265,0.8275517253591728
78.10000000000001,1.4653575442704267,0.06279106952313157,0.875622409788743,0.8273212615023732
78.19999999999999,1.4646718838456803,0.06146527281237357,0.8753295285047336,0.8270913297595719
78.3,1.4639830173304413,0.060134491286475154,0.8750371043322138,0.8268619231731987
78.4,1.4632910908424637,0.05878129693371593,0.8747451327002392,0.8266330348985329
78.5,1.4625933409116694,0.05741904538037255,0.87445360902938,0.8264046581013073
78.60000000000001,1.4618913251818546,0.05605043615477033,0.8741625287516273,0.8261767859562672
78.7,1.461182481626872,0.054677516414781184,0.8738718874012832,0.8259494115780951
78.8,1.4604586042444123,0.053305976417456054,0.8735816806666057,0.8257225280829689
78.89999999999999,1.4597243241166313,0.05191520628881766,0.8732919043230312,0.825496128758511
79.0,1.458990664623404,0.05051201091288865,0.8730025540173955,0.8252702069244116
79.1,1.4582479174447838,0.049106987372177474,0.8727136252356538,0.8250447557767262
79.2,1.4575009115602486,0.047709397997676276,0.872425113423446,0.8248197685483576
79.30000000000001,1.4567493533156375,0.04631066083224129,0.8721370140155291,0.8245952384055373
79.39999999999999,1.455977952124879,0.04491424086572155,0.8718493224219216,0.8243711585238579
79.5,1.455205308212462,0.043509536958133456,0.8715620341263244,0.8241475223006647
79.6,1.4544217664567431,0.04209052259821499,0.8712751446406027,0.8239243230850838
79.7,1.453628724906877,0.040671675141667495,0.8709886494163284,0.8237015542228868
79.80000000000001,1.4528344229026213,0.03925627247750992,0.8707025440333562,0.8234792091529652
79.9,1.4520317588367568,0.037837709766396464,0.870416824225561,0.8232572812500291
80.0,1.4512231606758859,0.03641906477946914,0.8701314856648006,0.8230357638485127
80.1,1.4504030227466693,0.035003832536167075,0.869846524020805,0.8228146503677094
80.2,1.4495823648822457,0.03356892459922045,0.8695619349799477,0.8225939342564663
80.3,1.4487464348626926,0.032124339749407115,0.8692777140123523,0.822373609005037
80.4,1.4479172539121505,0.030679636529764735,0.8689938564729587,0.8221536681472346
80.5,1.4470709686599754,0.029231672095286584,0.8687103578103164,0.821934105193985
80.6,1.4462269978735405,0.027787953810303523,0.8684272136293215,0.8217149137853459
80.7,1.4453744522327632,0.02632542820278033,0.8681444196724762,0.8214960875173974
80.8,1.4445133473424814,0.02485149956104568,0.8678619716638264,0.8212776199754743
80.9,1.443652997146261,0.023362809890617158,0.8675798652715773,0.821059504883113
81.0,1.4427910992253303,0.02187540455296584,0.8672980961443707,0.8208417358271227
81.1,1.441918920560688,0.020393302892954726,0.8670166600198058,0.8206243062978189
81.2,1.44103881180417,0.018896342077647926,0.8667355526793715,0.8204072099075569
81.3,1.4401500984024393,0.017399171672632312,0.866454769749989,0.8201904403848577
81.4,1.439253149196487,0.01590200478967794,0.8661743067894709,0.8199739915106161
81.5,1.4383541543306155,0.014393456719505308,0.8658941594100997,0.8197578571310249
81.60000000000001,1.4374500517155897,0.012878430317401383,0.8656143232131781,0.8195420311623649
81.69999999999999,1.4365460334971716,0.011366397140524006,0.8653347937855594,0.8193265075592633
81.8,1.4356433849442138,0.00985135964317033,0.8650555668003705,0.8191112802022574
81.9,1.4347374019159302,0.00833402222286721,0.8647766380518285,0.8188963428785971
82.0,1.43382367676295,0.006807276662929053,0.8644980033818731,0.8186816895073393
82.10000000000001,1.4329133584123859,0.005278421250280813,0.8642196586138952,0.8184673140736475
82.2,1.431990506551338,0.003742111804768895,0.8639415995413969,0.8182532104129344
82.3,1.4310569036746936,0.0022050302588587393,0.8636638219028034,0.8180393725063331
82.39999999999999,1.4301193556073402,0.0006683763087004306,0.8633863214045902,0.8178257946219228
82.5,1.4291837169900539,-0.0008620236010633416,0.8631090937658448,0.8176124709176921
82.60000000000001,1.4282337964144927,-0.0023906651447558186,0.8628321347428837,0.8173993955886542
82.7,1.4273006765329885,-0.003924466446904396,0.8625554400909483,0.8171865630644265
82.8,1.4263687376406453,-0.005461492378448907,0.8622790055161091,0.8169739674528326
82.89999999999999,1.4254246369162196,-0.0070001139885459435,0.862002826722451,0.8167616027641352
83.0,1.4244807142173401,-0.00854160405296702,0.8617268994333487,0.816549463336855
83.1,1.4235293288619681,-0.010080273195232334,0.8614512194702157,0.8163375434501889
83.2,1.4225628969128836,-0.011631967891479016,0.8611757827174419,0.8161258375197921
83.30000000000001,1.421604154577108,-0.013182820886118926,0.860900584974437,0.8159143401753609
83.39999999999999,1.4206372778688399,-0.014737489980081047,0.8606256221180757,0.8157030458934065
83.5,1.4196689066343962,-0.016304450272025147,0.8603508901219566,0.8154919491648654
83.6,1.4186946821668938,-0.0178823039596513,0.8600763848673154,0.8152810446324564
83.7,1.4177215400946745,-0.01946363162297907,0.8598021021650608,0.8150703269272175
83.8,1.4167361666784213,-0.021040689630124766,0.859528037961104,0.8148597907465177
83.9,1.4157545689056654,-0.022633097788839127,0.8592541882802063,0.8146494309773324
84.0,1.4147734569989412,-0.024222169891335354,0.8589805490217073,0.8144392424531146
84.1,1.4137895752276661,-0.025808623379111734,0.8587071161548782,0.8142292198563437
84.2,1.4127967958671406,-0.027400089866283485,0.8584338858152594,0.8140193579350429
84.3,1.4117978348634734,-0.02900173849833767,0.8581608541643447,0.8138096515649071
84.4,1.4107900550040204,-0.03061691433084894,0.8578880173687682,0.8136000957320639
84.5,1.4097788087382548,-0.03224921658149485,0.8576153714720978,0.8133906855240235
84.6,1.4087647883522678,-0.033873744215389454,0.857342912462091,0.813181416037214
84.7,1.4077438238156108,-0.035503945387239916,0.8570706365479961,0.8129722823613739
84.8,1.4067153342038683,-0.03713861539202893,0.8567985400107875,0.8127632797223948
84.9,1.405686028875508,-0.03877981950841986,0.8565266190713694,0.8125544035870832
85.0,1.4046699755655168,-0.0404320484953293,0.8562548699992433,0.8123456493078074
85.1,1.4036404084805496,-0.04209403261652252,0.855983289066394,0.8121370119069818
85.19999999999999,1.4025983022119295,-0.04375469315503507,0.8557118725621835,0.811928486725927
85.3,1.4015598871792283,-0.04542245726518761,0.8554406168463894,0.8117200694220602
85.4,1.4005145450195706,-0.04708768308871726,0.8551695183110458,0.8115117553424038
85.5,1.399452046071764,-0.04876049182422595,0.8548985733961603,0.8113035398201457
85.60000000000001,1.398382326343041,-0.05043694709358442,0.8546277785632148,0.8110954185412117
85.69999999999999,1.3973089820324875,-0.05212544706484417,0.854357130311583,0.8108873871871698
85.8,1.396221553662691,-0.053825200292552784,0.8540866251053512,0.8106794413776327
85.9,1.3951307411671,-0.05552539918033222,0.8538162593282083,0.8104715769315682
86.0,1.3940390171985584,-0.05723073562909551,0.8535460294306169,0.8102637896825918
86.10000000000001,1.392942501125003,-0.058939118379091375,0.8532759319331257,0.8100560753715438
86.2,1.391840162319833,-0.06065366437275059,0.8530059634735391,0.8098484298662257
86.3,1.3907325852541041,-0.062383966553614674,0.8527361207538562,0.8096408491737668
86.39999999999999,1.3896184037978503,-0.06412723524831711,0.8524664003383544,0.8094333293875432
86.5,1.3885011531494822,-0.06587441690590132,0.8521967987122903,0.8092258667082829
86.6,1.3873785245067571,-0.06761942078396158,0.851927312446076,0.809018457324674
86.7,1.3862445724378718,-0.0693632605230147,0.8516579382974104,0.808811097421008
86.80000000000001,1.3851000963346813,-0.07112045313728506,0.8513886730937764,0.8086037834206551
86.89999999999999,1.3839588036024617,-0.07288655891594185,0.8511195135765514,0.8083965120159308
87.0,1.3828241698575268,-0.07466037914992887,0.8508504565048014,0.8081892798538752
87.1,1.3816891977621333,-0.0764375211405628,0.8505814986404239,0.8079820833788481
87.2,1.380549555563509,-0.07821151088109737,0.8503126368287727,0.8077749191088672
87.30000000000001,1.379406970430214,-0.07999316312417848,0.8500438681556642,0.8075677837700397
87.4,1.3782588555107504,-0.08178824150048324,0.8497751897535517,0.8073606740633623
87.5,1.3770973119352257,-0.08359637882672016,0.8495065986228897,0.8071535867922242
87.6,1.3759375912753713,-0.08540615900750574,0.8492380916881145,0.8069465189518393
87.7,1.374769870304772,-0.08721114803538015,0.848969666009063,0.8067394674635017
87.8,1.3735995255890536,-0.08902203561952281,0.8487013187799057,0.8065324291788483
87.9,1.3724228013347992,-0.09084342668079981,0.8484330471180372,0.8063254009974975
88.0,1.371244615893704,-0.0926674663241349,0.8481648480475746,0.8061183799444442
88.1,1.370062819348918,-0.09448411825973166,0.8478967186245049,0.8059113631948837
88.2,1.3688869838312712,-0.09630106432751691,0.8476286560822759,0.8057043480120614
88.3,1.3677107319396715,-0.09812353084165745,0.8473606576993131,0.8054973316731914
88.4,1.3665333834464128,-0.09993459615014909,0.8470927207014773,0.8052903115479921
88.5,1.3653579819982817,-0.10174720442668345,0.8468248424654388,0.8050832851734635
88.6,1.3641862951943806,-0.10356558737025465,0.8465570204111051,0.8048762501008419
88.7,1.3630148892678016,-0.10538636487051085,0.8462892518725532,0.8046692037859019
88.8,1.3618371683502737,-0.1072086643975848,0.8460215342390508,0.8044621436137489
88.9,1.3606458180431522,-0.10903531877193101,0.8457538649754504,0.8042550670302213
89.0,1.3594431854514353,-0.11087107904192316,0.8454862414605478,0.8040479718240306
89.10000000000001,1.3582479913786387,-0.11269970590965675,0.8452186610689366,0.8038408559183372
89.19999999999999,1.3570448140194762,-0.11453564258149614,0.8449511213514515,0.8036337170512009
89.3,1.355844388771989,-0.11637620137731974,0.8446836199006826,0.803426553061123
89.4,1.354641463200014,-0.11822244500491567,0.8444161543751595,0.8032193618272786
89.5,1.3534285462869506,-0.12008432486038319,0.8441487225619791,0.8030121411291383
89.60000000000001,1.352196659594453,-0.12196218021573162,0.8438813221672359,0.8028048890445001
89.7,1.3509593615719686,-0.12384060324817768,0.8436139508527052,0.8025976039788085
89.8,1.3497085703482496,-0.1257275911111496,0.8433466064065536,0.8023902844114267
89.89999999999999,1.3484565725808768,-0.12761764731064293,0.84307928660316,0.8021829289680346
90.0,1.3472054593140084,-0.1295024305051433,0.8428119892483854,0.8019755362267464
90.10000000000001,1.3459495723866206,-0.1313983042432758,0.8425447122675458,0.8017681045258536
90.2,1.3446813448861696,-0.1332929986555336,0.8422774534966131,0.801560632478415
90.3,1.34342639564945,-0.13518535600956216,0.8420102107493103,0.8013531189520027
90.39999999999999,1.3421695220482208,-0.13708128213774176,0.8417429819348365,0.8011455626259769
90.5,1.3409209977197318,-0.1389780533036175,0.8414757650094111,0.8009379621846969
90.6,1.339674769417649,-0.14088464834861988,0.8412085579128892,0.8007303163729895
90.7,1.3384302200428317,-0.1427840422649348,0.8409413585012103,0.8005226239412672
90.80000000000001,1.3371859437441127,-0.14467735878405957,0.8406741647351385,0.8003148836309001
90.89999999999999,1.335929226860182,-0.1465666622533166,0.8404069747959049,0.800107094192773
91.0,1.3346630506185082,-0.1484608754947071,0.8401397869008196,0.7998992547912775
91.1,1.3334032858165366,-0.15035306301421614,0.8398725991367283,0.799691364863851
91.2,1.3321454708982887,-0.15223692571111955,0.8396054096883191,0.799483423595792
91.3,1.330879025805178,-0.15412771755945984,0.8393382169640367,0.7992754299820187
91.4,1.3296001415459986,-0.1560293501564651,0.839071019234201,0.7990673832989421
91.5,1.328322137532244,-0.15792781136021394,0.8388038147466067,0.7988592832035925
91.6,1.3270425701931845,-0.15983749663195593,0.8385366019211457,0.7986511292926719
91.7,1.32575314486516,-0.16174319001662052,0.8382693791863621,0.7984429212180972
91.8,1.3244700231621522,-0.1636552743561153,0.8380021450796757,0.7982346589578697
91.9,1.3231854360187203,-0.1655649448827153,0.8377348983090321,0.7980263426603063
92.0,1.3219145810972626,-0.1674787149064577,0.837467637678864,0.7978179725627914
92.1,1.3206478564769397,-0.16939191937415798,0.8372003620261579,0.7976095488237431
92.2,1.319390811084853,-0.17131280976192492,0.836933070237251,0.7974010714533183
92.3,1.3181281621416412,-0.17324766526827298,0.8366657611293115,0.7971925401783806
92.4,1.3168437643479496,-0.17518802133356914,0.8363984332741147,0.7969839548430281
92.5,1.315557383318345,-0.17712637900939096,0.8361310852258652,0.7967753158386366
92.6,1.314268161497896,-0.17906711922280477,0.8358637157027018,0.7965666236148139
92.69999999999999,1.3129768450801111,-0.18100711491614765,0.8355963235628932,0.7963578784949302
92.8,1.311674283265228,-0.18294869766103855,0.8353289078640443,0.7961490811407966
92.9,1.3103810623384,-0.18489288015579397,0.835061467829472,0.7959402325157556
93.0,1.3090763640705052,-0.18683414773932527,0.8347940028464522,0.7957313335254027
93.10000000000001,1.3077666460139012,-0.18877765887568007,0.8345265124959735,0.7955223852831468
93.19999999999999,1.3064491517926138,-0.19071938789064183,0.8342589964423534,0.7953133889113309
93.3,1.3051070409845982,-0.1926688942153167,0.8339914543079853,0.7951043456145588
93.4,1.303772822655358,-0.19462361516547277,0.8337238854906386,0.7948952568187193
93.5,1.302421277311717,-0.19656932620022446,0.8334562891979558,0.7946861235036774
93.60000000000001,1.3010551733881897,-0.1985119513060601,0.8331886647448574,0.7944769467516084
93.7,1.2996929940673265,-0.20046428712851383,0.8329210114824512,0.7942677280241734
93.8,1.298326007042092,-0.20241404340688687,0.8326533285605942,0.7940584685987006
93.89999999999999,1.2969583837606966,-0.20435449259961674,0.8323856153112571,0.7938491698222276
94.0,1.2955911548496442,-0.20631111996871448,0.8321178713637958,0.793639833216981
94.1,1.294218143643475,-0.20826228689426254,0.8318500963399661,0.793430460444023
94.2,1.2928460112660602,-0.21021771498460573,0.8315822900357854,0.7932210535380058
94.30000000000001,1.2914844631967501,-0.21217856906185475,0.8313144524192682,0.7930116147619742
94.39999999999999,1.290135101055925,-0.2141436703559913,0.831046583548609,0.7928021462061919
94.5,1.2887851147174607,-0.21612136158929704,0.8307786835351471,0.7925926497054046
94.6,1.2874261357502552,-0.21809968664705204,0.8305107524796765,0.792383127351364
94.7,1.2860743023596883,-0.22009069879470788,0.8302427906654012,0.7921735815627254
94.80000000000001,1.284714770120734,-0.22209752923185402,0.8299747983651242,0.7919640148245646
94.9,1.2833685899148513,-0.2241085250265337,0.8297067755758085,0.7917544297877743
95.0,1.282029282201565,-0.22611074431825864,0.8294387223391045,0.7915448290322173
95.1,1.2806986848012492,-0.22811794556494927,0.8291706390009244,0.791335215105349
95.2,1.2793839908193965,-0.23014587864858402,0.8289025258482072,0.7911255905007093
95.3,1.2780674327675565,-0.23217866069074472,0.8286343829301386,0.7909159574792036
95.4,1.2767509087574578,-0.23422749646390903,0.8283662102333588,0.7907063183780297
95.5,1.2754288400716474,-0.23628069194332968,0.828098007618186,0.7904966756647214
95.6,1.2741026999456193,-0.23833300252673317,0.8278297749474888,0.7902870320132749
95.7,1.2727828953652174,-0.24038895737134489,0.8275615122010446,0.7900773902905721
95.8,1.2714682602259926,-0.24244356103575965,0.8272932193740704,0.7898677531969199
95.9,1.2701480201200803,-0.24449474909842048,0.8270248966359743,0.7896581234960536
96.0,1.268835624260706,-0.246554423858558,0.82675654445742,0.7894485043369419
96.1,1.2675258287244258,-0.24862640302276642,0.8264881633975811,0.7892388990364047
96.2,1.2662196364745817,-0.2506908527891437,0.8262197541703897,0.7890293111313486
96.3,1.2649202521704614,-0.2527637643408365,0.8259513178768142,0.7888197442643888
96.4,1.2636086982427415,-0.2548405955394808,0.8256828558528678,0.7886102021210427
96.5,1.2622964371292533,-0.25693809916804156,0.8254143694343546,0.7884006888489683
96.60000000000001,1.2609877268135439,-0.25903481422771074,0.8251458597602117,0.7881912088560757
96.69999999999999,1.2596893752458769,-0.2611260054020491,0.8248773278806231,0.7879817661301108
96.8,1.2583741229623093,-0.26320740468614395,0.824608774939198,0.7877723643303018
96.9,1.2570557993655382,-0.26528645131686696,0.824340202170119,0.7875630073762806
97.0,1.2557322602138041,-0.26737749544507966,0.8240716106750767,0.7873536993694563
97.10000000000001,1.254412072544298,-0.26945835142490504,0.8238030014664272,0.78714444435847
97.2,1.2530864799344428,-0.2715505595080002,0.8235343757825424,0.7869352463369226
97.3,1.2517506718490896,-0.2736407812806769,0.8232657349521842,0.7867261092189038
97.39999999999999,1.2503883022570101,-0.2757403518109485,0.8229970803353497,0.7865170373396239
97.5,1.2490286436414102,-0.27783836137885815,0.8227284133243316,0.7863080357212157
97.60000000000001,1.2476755106673896,-0.2799403779654491,0.8224597353629414,0.7860991092644117
97.7,1.2463184935126734,-0.2820467728658911,0.8221910478907608,0.7858902623757444
97.8,1.2449463091954716,-0.2841430187267923,0.821922352455219,0.7856814996723545
97.89999999999999,1.2435760974641539,-0.2862545687543462,0.8216536508985398,0.7854728261832846
98.0,1.2421991579318326,-0.28836875793398853,0.8213849451276306,0.785264246962815
98.1,1.240819877676182,-0.29048801803679675,0.8211162372121985,0.7850557670958254
98.2,1.2394329645412177,-0.29262080617677133,0.8208475294870279,0.7848473918104553
98.30000000000001,1.238040165555691,-0.2947682071946396,0.8205788242775407,0.7846391265769145
98.39999999999999,1.2366479269218704,-0.2969184296502617,0.8203101238252993,0.7844309770781133
98.5,1.2352542072479125,-0.2990666060545193,0.820041430413983,0.7842229489654101
98.6,1.2338573900182188,-0.30120990637115885,0.8197727462823056,0.7840150479516124
98.7,1.2324654911362338,-0.30333355890190544,0.8195040736606928,0.7838072799022184
98.8,1.231082768585127,-0.3054590922166274,0.8192354149476162,0.7835996505244814
98.9,1.2296982309094926,-0.3075881335204217,0.8189667725156252,0.7833921651981461
99.0,1.2283036458668655,-0.3097255844073504,0.8186981485572825,0.7831848294108134
99.1,1.2269114902061842,-0.3118672968981148,0.8184295451405443,0.7829776489482257
99.2,1.2255197275008014,-0.3140131489338588,0.8181609642628765,0.782770629567748
99.3,1.2241297834622606,-0.3161564496548738,0.8178924080061284,0.7825637769478171
99.4,1.222739420929436,-0.31831458579334765,0.8176238784791893,0.7823570967906271
99.5,1.2213479426514766,-0.320469353071526,0.8173553776664665,0.782150594846172
99.6,1.2199526007646937,-0.3226240549194063,0.8170869077779668,0.7819442770659075
99.7,1.2185585044232312,-0.324789391218018,0.8168184713432975,0.7817381496527657
99.8,1.2171628263207672,-0.3269578024530673,0.8165500709642518,0.7815322190820686
99.9,1.215776591249904,-0.329123446342526,0.8162817094922159,0.7813264920675022
100.0,1.2143944815197447,-0.3312982256823301,0.8160133900842896,0.7811209752923525
100.1,1.213008887661544,-0.3334726244817451,0.8157451159635001,0.7809156754374237
100.19999999999999,1.2116203572620918,-0.3356529704415061,0.8154768904036259,0.7807105994865876
100.3,1.2102393746202602,-0.3378432695677621,0.8152087166414138,0.7805057545727483
100.4,1.2088627967871421,-0.340041033060658,0.8149405977119519,0.7803011475751129
100.5,1.2074829462004235,-0.34224069281870845,0.8146725365233025,0.7800967852660111
100.60000000000001,1.2061116420786941,-0.34445283074730476,0.814404535904772,0.7798926744383005
100.69999999999999,1.2047409075311868,-0.3466824766573817,0.8141365983931572,0.7796888215427346
100.8,1.2033595822877832,-0.3489085298551847,0.813868726240482,0.7794852329286088
100.9,1.2019780775883637,-0.3511359430502004,0.8136009217606351,0.7792819153350186
101.0,1.2006085119797651,-0.3533689844609416,0.8133331873981205,0.7790788754377602
101.10000000000001,1.1992316887192742,-0.3556152137978096,0.8130655255365312,0.7788761197076912
101.2,1.197861096029667,-0.35785675968376074,0.8127979385537552,0.7786736549152925
101.3,1.1964900302302863,-0.36009710974435943,0.8125304291745941,0.7784714881132322
101.39999999999999,1.1951250808030798,-0.36233958949789813,0.812263000477483,0.77826962640501
101.5,1.193750036487831,-0.3645836805759214,0.8119956556936594,0.778068077165734
101.6,1.1923876994453266,-0.3668260224554926,0.8117283983202922,0.7778668482108353
101.7,1.1910300530637425,-0.3690814313696841,0.8114612321206106,0.7776659472212701
101.80000000000001,1.1896632807106706,-0.3713479368839493,0.8111941608273644,0.7774653818508547
101.89999999999999,1.1883036191813927,-0.3736201849819712,0.8109271880808779,0.7772651601980122
102.0,1.1869483582057607,-0.3758917918401204,0.8106603175606173,0.7770652902556487
102.1,1.1855854203774823,-0.3781607999793246,0.8103935529120355,0.776865779921144
102.2,1.1842278463447709,-0.380412784392937,0.8101268977628927,0.7766666372015754
102.30000000000001,1.1828610612240384,-0.382664303695473,0.8098603558946579,0.7764678699497088
102.4,1.1814892768929528,-0.3849233780396621,0.809593930999115,0.7762694859549047
102.5,1.1801051711537596,-0.3871827589077914,0.8093276265743601,0.7760714930977469
102.6,1.1787170117135763,-0.3894501242108046,0.8090614461671546,0.7758738993323643
102.7,1.1773155413794747,-0.39171722964960787,0.8087953933864209,0.7756767127003016
102.8,1.1759086575991704,-0.39398415029413014,0.8085294719359043,0.7754799414383381
102.9,1.1744929280261027,-0.3962455520418278,0.808263685793607,0.775283594040985
103.0,1.1730767530080184,-0.3985143188415516,0.8079980392442836,0.7750876793108717
103.1,1.171667930689116,-0.40079516938390003,0.8077325365448924,0.7748922060224935
103.2,1.17025050161497,-0.40307447316098854,0.8074671818041764,0.7746971826974755
103.3,1.1688275378033983,-0.40535262048306175,0.8072019792349243,0.7745026179077465
103.4,1.167396053063322,-0.40763908272278954,0.8069369330992098,0.7743085204043032
103.5,1.165975320031846,-0.4099347936485494,0.8066720474067588,0.7741148989161462
103.6,1.1645577427180485,-0.41222557224729744,0.8064073259212129,0.7739217617237013
103.7,1.1631333340502523,-0.4145155207185857,0.8061427724030354,0.7737291169781623
103.8,1.1617145750309819,-0.4168044539261696,0.8058783905978313,0.7735369730528742
103.9,1.160286616274968,-0.41907909147465694,0.8056141842993755,0.7733453384353461
104.0,1.1588632460412658,-0.4213466369760474,0.8053501576779519,0.773154221756162
104.10000000000001,1.1574247618521538,-0.42362295688719503,0.8050863152390494,0.7729636317770896
104.19999999999999,1.1559804918313006,-0.425901162829176,0.8048226616286996,0.7727735777055847
104.3,1.1545375602789922,-0.42818791406968737,0.8045592016889456,0.7725840689959682
104.4,1.1530845302961579,-0.4304794957191335,0.804295940348221,0.7723951149283662
104.5,1.1516191611757203,-0.43276722494069525,0.804032882606926,0.7722067250415716
104.60000000000001,1.1501601616532822,-0.4350667971608707,0.8037700335432124,0.7720189090777222
104.7,1.1486954011256088,-0.437367148659278,0.8035073980423417,0.7718316765977938
104.8,1.1472395991740325,-0.4396683635156719,0.8032449806770215,0.7716450370788596
104.89999999999999,1.1457858520936748,-0.44195243441682575,0.8029827859679382,0.7714589998602008
105.0,1.1443361622639912,-0.44424189126415004,0.8027208186277524,0.7712735740938029
105.10000000000001,1.1428761626306032,-0.4465349326513922,0.8024590834271436,0.7710887689672771
105.2,1.1414122313004946,-0.44883895551476993,0.8021975851454284,0.7709045939951447
105.3,1.1399451811419372,-0.45114020489304474,0.8019363286666438,0.7707210590305504
105.39999999999999,1.1384862284586081,-0.45344464156503406,0.801675318992744,0.7705381739516696
105.5,1.1370226390256777,-0.455737466668784,0.8014145613229943,0.7703559485538259
105.6,1.1355589942702164,-0.45803437579515793,0.8011540610214131,0.7701743927961289
105.7,1.1340975235505328,-0.460324230996483,0.8008938234533226,0.7699935166854334
105.80000000000001,1.1326316998051746,-0.46262405399018447,0.8006338540318668,0.7698133301659295
105.89999999999999,1.1311685756937302,-0.46493906504110966,0.8003741579891531,0.7696338432419971
106.0,1.1297047706495356,-0.46724979245677234,0.8001147402193874,0.7694550657150909
106.1,1.1282275312968486,-0.4695570699070827,0.7998556056255557,0.7692770073078051
106.2,1.126749558522833,-0.47187091451975355,0.7995967591405266,0.7690996780850262
106.3,1.1252795122810948,-0.4741869717872536,0.7993382056436052,0.7689230882098418
106.4,1.1238157647074787,-0.4765150757356414,0.7990799500081431,0.7687472476566196
106.5,1.1223542316008293,-0.4788410218338076,0.7988219972143943,0.7685721665569101
106.6,1.1209103517805794,-0.48117728927552256,0.7985643525631015,0.7683978552237944
106.7,1.1194667386648036,-0.4835251081163351,0.7983070215682536,0.7682243238529729
106.8,1.1180236256162333,-0.4858732401995525,0.7980500098570277,0.768051582789542
106.9,1.116576094286499,-0.4882115762381075,0.797793323373786,0.7678796425865921
107.0,1.115115344988613,-0.49054442074173277,0.797536968374475,0.7677085140992771
107.1,1.1136645955333555,-0.4928698100789677,0.7972809511110138,0.7675382084509115
107.2,1.1122103811085498,-0.49517350348760136,0.797025277778821,0.7673687365006456
107.3,1.1107546962911288,-0.4974753082494237,0.7967699545913213,0.7672001090314624
107.4,1.1093040326768058,-0.4997750602282163,0.7965149876210667,0.7670323369325582
107.5,1.107858017878393,-0.5020865268283909,0.7962603826528035,0.7668654308206904
107.6,1.1063992014769954,-0.5043902439541317,0.796006145164469,0.7666994012119042
107.69999999999999,1.1049390487427617,-0.5066815256874901,0.7957522806964938,0.7665342589305336
107.8,1.1034729846330673,-0.5089677911621896,0.7954987949899618,0.7663700149011782
107.9,1.1020010885906726,-0.5112382763925892,0.7952456937957746,0.766206680118343
108.0,1.10053819723089,-0.5135048422247955,0.7949929830270024,0.7660442655422259
108.10000000000001,1.0990667423898637,-0.5157785168725226,0.7947406686085832,0.7658827818666252
108.19999999999999,1.0975986872723102,-0.5180474044058702,0.7944887562186809,0.7657222397553239
108.3,1.0961312967830183,-0.5203201630744589,0.7942372513893098,0.7655626497428523
108.4,1.0946608392477757,-0.5225869316150675,0.7939861596203353,0.7654040222945853
108.5,1.093199814817929,-0.5248654799600159,0.7937354864600494,0.7652463678965039
108.60000000000001,1.091732087424717,-0.5271522431579261,0.7934852374395871,0.765089696857912
108.7,1.0902585607278727,-0.5294472933070133,0.7932354180703229,0.7649340196507661
108.8,1.0887833253120829,-0.5317402686856991,0.792986034084488,0.7647793470904384
108.89999999999999,1.0873110654535227,-0.5340446166752589,0.7927370914776947,0.7646256900035634
109.0,1.0858280851064568,-0.536347108108927,0.792488596341781,0.7644730592014279
109.1,1.0843410453910667,-0.5386481233064868,0.7922405549164044,0.7643214659126587
109.2,1.0828655702547458,-0.5409436268328501,0.7919929736269239,0.7641709214439231
109.30000000000001,1.081377122574563,-0.5432415914645685,0.7917458590419103,0.7640214368653299
109.39999999999999,1.079890535418469,-0.5455557599398223,0.7914992176027315,0.7638730233433976
109.5,1.078392224102542,-0.5478587369177094,0.7912530554251417,0.7637256920543867
109.6,1.0768922984066673,-0.5501532667055619,0.7910073786699052,0.7635794542072983
109.7,1.0753929430023257,-0.5524488974578697,0.7907621935051349,0.7634343209532886
109.80000000000001,1.0738890139815438,-0.554720850910335,0.7905175060197754,0.7632903033695891
109.9,1.0723957799274844,-0.5569923749601977,0.7902733225487283,0.7631474124980189
110.0,1.0708928723262803,-0.5592711302077509,0.7900296494743944,0.7630056592129135
110.1,1.0693888262918565,-0.5615462142806207,0.7897864930222632,0.762865054474507
110.2,1.0678742952612768,-0.5638146936335616,0.7895438594410681,0.7627256093520557
110.3,1.0663562751481517,-0.5660852967938869,0.7893017550148588,0.762587334992151
110.4,1.0648359944755654,-0.5683557838314655,0.7890601858893569,0.7624502424863154
110.5,1.0633052359004342,-0.5706187783470973,0.7888191580971247,0.7623143427458029
110.6,1.0617638944452665,-0.572881962990553,0.7885786776956948,0.7621796467129494
110.7,1.0602108196113165,-0.5751391253563968,0.7883387507854301,0.7620461656039414
110.8,1.0586703385646092,-0.5773996896367832,0.7880993835053219,0.7619139108477443
110.9,1.0571424704563912,-0.5796615109740005,0.7878605820468089,0.7617828934577634
111.0,1.0556039747821568,-0.5819415822383932,0.7876223525834424,0.7616531241746728
111.1,1.0540706811876224,-0.5842260343551847,0.7873847010772688,0.7615246139910612
111.2,1.0525376514646378,-0.5865152066414075,0.7871476333613127,0.7613973738483368
111.3,1.0510025236148444,-0.588809022049738,0.7869111551951312,0.7612714146691691
111.4,1.049478912112134,-0.5910866512689843,0.7866752722392075,0.7611467474775567
111.5,1.0479599409166076,-0.5933542116261984,0.7864399904319499,0.7610233831237095
111.60000000000001,1.0464420464607218,-0.5956430117174618,0.7862053159016246,0.760901332457037
111.69999999999999,1.0449293576312126,-0.5979292615973884,0.7859712546363448,0.7607806065030122
111.8,1.0434231164278331,-0.6002243583468779,0.7857378127204363,0.7606612162316042
111.9,1.0419106141644572,-0.6025257817683913,0.7855049963212125,0.760543172512673
112.0,1.0403959875302609,-0.6048284513750866,0.7852728115352021,0.7604264864455074
112.10000000000001,1.0388943079190018,-0.6071316555373859,0.78504126446624,0.7603111691312825
112.2,1.0373911359311425,-0.6094465441915882,0.7848103612095035,0.7601972313763071
112.3,1.0358945527220083,-0.6117716280554304,0.7845801077233328,0.760084683934951
112.39999999999999,1.0343991249861522,-0.6140952527561543,0.7843505099137401,0.7599735374108469
112.5,1.0328898898545038,-0.6164236158350138,0.7841215738122005,0.7598638024382102
112.60000000000001,1.0313869342431337,-0.6187512654218101,0.7838933055359825,0.7597554899797557
112.7,1.0298875656158508,-0.6210853889649739,0.7836657112517522,0.7596486110635601
112.8,1.0284036429063372,-0.6234201322252125,0.783438797126911,0.7595431765378834
112.89999999999999,1.0269160076841273,-0.6257541269734378,0.7832125692546695,0.7594391970318904
113.0,1.025426611257808,-0.6280806801687395,0.7829870336794095,0.7593366831552447
113.1,1.0239279533964374,-0.630406260622018,0.7827621965043322,0.7592356457855822
113.2,1.0224423751987584,-0.6327266625205334,0.7825380639389072,0.7591360958225781
113.30000000000001,1.020940018311843,-0.6350493456018922,0.7823146423197948,0.7590380440010147
113.39999999999999,1.0194357179289248,-0.6373731448146012,0.7820919381454778,0.7589415012299098
113.5,1.01791621139478,-0.6397001390512147,0.7818699581676071,0.7588464787076301
113.6,1.0164001882863054,-0.642043364184391,0.781648709285068,0.7587529878248698
113.7,1.0148854575487645,-0.6443902197937063,0.7814281982904348,0.758661039834346
113.8,1.0133651147707692,-0.6467465742489955,0.7812084317624823,0.7585706458204153
113.9,1.011854581034086,-0.6490907928053944,0.7809894160524419,0.7584818168557238
114.0,1.0103496338236573,-0.6514350015126726,0.7807711573759644,0.7583945637665691
114.1,1.0088557156654931,-0.6537820980239551,0.780553661791592,0.7583088970178279
114.2,1.007354692372166,-0.6561331343155983,0.7803369351911961,0.7582248268247507
114.3,1.0058500814058893,-0.6584944732523965,0.7801209833479718,0.7581423635551255
114.4,1.0043582408448821,-0.6608581495340683,0.7799058119193504,0.758061517713805
114.5,1.0028755851333857,-0.6632215967989189,0.7796914265195692,0.7579822994591693
114.6,1.0013885756956002,-0.6655870581156281,0.7794778327265673,0.7579047187268845
114.7,0.9999040701284315,-0.6679617321488054,0.7792650360136224,0.7578287855728292
114.8,0.9984223833649875,-0.6703406253044354,0.7790530417599904,0.757754510070311
114.9,0.9969431735184938,-0.6727271157308374,0.7788418553461927,0.7576819022177189
115.0,0.9954617939075778,-0.6751080992744419,0.7786314823275452,0.7576109721173957
115.1,0.9939860377071787,-0.6774926833847583,0.7784219285637665,0.7575417300617031
115.19999999999999,0.9925117065190275,-0.6798768833569314,0.7782132001243675,0.7574741864233574
115.3,0.9910390975435204,-0.6822537797229158,0.7780053032379467,0.7574083516215165
115.4,0.9895609609364371,-0.6846188352042651,0.7777982443073438,0.7573442361153753
115.5,0.9880744438583288,-0.6869657998925427,0.7775920299043418,0.7572818504443993
115.60000000000001,0.9865856598410435,-0.6893183058703705,0.7773866665549463,0.7572212052735924
115.69999999999999,0.9851071508810074,-0.6916553554296321,0.7771821605022536,0.7571623110700966
115.8,0.983624359126575,-0.6939923039458288,0.7769785179086524,0.7571051779683504
115.9,0.982143929381656,-0.6963407853719559,0.7767757448083886,0.7570498160509688
116.0,0.9806676100921894,-0.6986907022222234,0.7765738469550122,0.7569962354608223
116.10000000000001,0.9792069161753043,-0.7010373680660892,0.7763728301144818,0.7569444461942528
116.2,0.9777427331806098,-0.7033953136359239,0.7761727001626031,0.7568944581395285
116.3,0.9762902232904344,-0.7057463377201522,0.775973462902852,0.7568462812424449
116.39999999999999,0.9748378453432985,-0.7080936423226379,0.7757751241366883,0.75679992532606
116.5,0.9733845970861184,-0.7104554387311065,0.7755776896101102,0.7567554000269286
116.6,0.9719240493452409,-0.7128212490250208,0.7753811647316723,0.756712715035277
116.7,0.9704805001983092,-0.7151884046665743,0.7751855546112224,0.7566718799402867
116.80000000000001,0.9690329711323011,-0.7175527356742822,0.7749908642406916,0.7566329039331318
116.89999999999999,0.9675820217918643,-0.7199191927617048,0.774797098575131,0.7565957961313109
117.0,0.9661309242179148,-0.7222850673352861,0.7746042626687101,0.7565605657638123
117.1,0.9646724831836019,-0.7246617222818416,0.7744123617650415,0.7565272220557779
117.2,0.9632075668828721,-0.7270470075731721,0.7742214012539665,0.7564957744756736
117.30000000000001,0.9617518247924132,-0.7294357682769319,0.7740313867848037,0.7564662326839804
117.4,0.9602896088543152,-0.7318374945417613,0.773842324331971,0.7564386063252064
117.5,0.9588229221563132,-0.7342353681894699,0.7736542201554811,0.756412905281941
117.6,0.9573584002807689,-0.7366470712754499,0.7734670807781071,0.7563891398259384
117.7,0.9559087774454929,-0.7390547896125306,0.7732809128594653,0.7563673202387282
117.8,0.9544549782135197,-0.7414622547917477,0.7730957231948988,0.7563474566603621
117.9,0.953007547876226,-0.743878994045093,0.7729115185700667,0.7563295592027443
118.0,0.9515579584160813,-0.7462961658113635,0.7727283054918278,0.7563136378268475
118.1,0.9501152499714548,-0.7487065320375839,0.7725460901490273,0.7562997021235803
118.2,0.9486659095039771,-0.7511246388617363,0.7723648783717024,0.7562877613480822
118.3,0.9472317439976079,-0.7535491029534193,0.7721846754679417,0.7562778244853293
118.4,0.945805527016139,-0.7559602150666133,0.7720054863082756,0.7562699001079364
118.5,0.9443892999496664,-0.758368564498014,0.771827315616349,0.7562639963599856
118.6,0.9429634759505182,-0.760783507397897,0.7716501679865976,0.7562601212516682
118.7,0.9415405487804513,-0.7632003411653725,0.771474047868732,0.756258282881121
118.8,0.9401114151730396,-0.7656169026716921,0.7712989598196932,0.7562584893923239
118.9,0.9386800054073065,-0.7680466221247692,0.7711249085578652,0.7562607490507961
119.0,0.9372561611399334,-0.7704729472494172,0.7709518988770745,0.7562650702426558
119.10000000000001,0.9358387680470901,-0.7729019620258869,0.7707799357240481,0.7562714612860199
119.19999999999999,0.9344305512922919,-0.7753413050052214,0.7706090240799034,0.7562799303062074
119.3,0.9330139689651441,-0.7777791485105487,0.7704391688087017,0.75629048528137
119.4,0.9315979094115083,-0.7802204554427321,0.7702703747715913,0.7563031341914188
119.5,0.9301736013217019,-0.7826815400037727,0.770102646802687,0.7563178850608753
119.60000000000001,0.9287595775100297,-0.7851462532049273,0.7699359895437061,0.7563347459900713
119.7,0.927359534183304,-0.7875993949124405,0.7697704075947482,0.7563537249445056
119.8,0.9259599668157783,-0.7900513914625678,0.7696059057440464,0.7563748297061441
119.89999999999999,0.9245610470601705,-0.7925089465313547,0.7694424889388684,0.7563980681713329
120.0,0.9231628742197217,-0.7949674455142546,0.7692801622981048,0.756423448415415
120.1,0.9217691884784383,-0.7974432878239736,0.769118931106606,0.7564509786011536
120.2,0.9203740997381712,-0.7999031651180277,0.7689588008682396,0.7564806669675208
120.3,0.9189827178577107,-0.8023802195973381,0.768799777374191,0.7565125218679797
120.4,0.917589704581015,-0.8048508916280105,0.7686418665039736,0.75654655163179
120.5,0.9161894187774002,-0.8073293474360029,0.7684850740925249,0.7565827645985044
120.6,0.9147934739555706,-0.8097942264961332,0.7683294058312456,0.7566211691619856
120.7,0.9134110556609247,-0.8122520623332439,0.7681748671976363,0.7566617734229294
120.8,0.912020354784182,-0.8147063364263009,0.7680214634267345,0.7567045851219748
120.9,0.9106396863807817,-0.8171598575874784,0.7678691994387116,0.7567496119410307
121.0,0.9092689064610031,-0.8195911850538019,0.7677180799422877,0.7567968613370512
121.10000000000001,0.9079014837119742,-0.8220265103162645,0.7675681095863842,0.7568463404891266
121.2,0.9065405142653383,-0.8244669445059677,0.7674192929470751,0.7568980564907831
121.29999999999998,0.9051844986428726,-0.8269142143876962,0.7672716344486906,0.756952016309197
121.4,0.9038274325480847,-0.8293519452759934,0.7671251383491674,0.7570082267250113
121.5,0.9024611270144198,-0.8317703160857177,0.7669798088735544,0.757066694512388
121.60000000000001,0.9011026763767986,-0.8341832909969805,0.7668356502371373,0.7571274265718017
121.7,0.8997640225529303,-0.8365972495021061,0.7666926664877582,0.7571904295888753
121.79999999999998,0.8984228627557703,-0.8390096139483774,0.7665508615181393,0.7572557098698576
121.9,0.8970773754812116,-0.8414196475560769,0.7664102391781455,0.75732327363889
122.0,0.8957203995509293,-0.8438201919384479,0.7662708033460217,0.7573931272200569
122.10000000000001,0.8943675276934193,-0.8462208389132585,0.7661325579602345,0.7574652770742114
122.2,0.893027829836143,-0.84861475641787,0.7659955070297952,0.7575397295798018
122.30000000000001,0.8916835690113114,-0.8509946859141031,0.765859654681044,0.7576164909676729
122.4,0.8903388627546953,-0.8533768000467177,0.7657250051342326,0.7576955675850059
122.49999999999999,0.8889931705732961,-0.8557479321751507,0.7655915626994614,0.7577769659105379
122.60000000000001,0.8876540175206445,-0.858124947720052,0.7654593317619397,0.7578606924535137
122.69999999999999,0.8863239776770883,-0.8604999835246838,0.7653283166655506,0.7579467536174623
122.80000000000001,0.8849958395034798,-0.862876640307002,0.765198521671662,0.7580351556985346
122.9,0.8836789793482599,-0.8652521892137149,0.7650699509493829,0.7581259049166946
122.99999999999999,0.8823614758642209,-0.8676210634205184,0.7649426086190935,0.7582190073413
123.10000000000001,0.881041643025242,-0.8699877245382022,0.7648164988053715,0.7583144690022803
123.19999999999999,0.879721364045312,-0.8723466767942423,0.7646916256692687,0.7584122959826686
123.30000000000001,0.8784020589599743,-0.8747008752300945,0.7645679934652566,0.7585124943746057
123.4,0.8770846009279407,-0.8770504078990442,0.7644456065862085,0.7586150702188251
123.49999999999999,0.8757583056363228,-0.8793990076814177,0.7643244695994406,0.7587200296013691
123.60000000000001,0.8744435110858505,-0.8817540653180346,0.7642045871618917,0.758827378751487
123.69999999999999,0.8731430282656909,-0.884099517914031,0.764085963979495,0.7589371237877608
123.80000000000001,0.8718465587267099,-0.8864636351979349,0.7639686048133867,0.7590492706929357
123.89999999999999,0.8705693206810049,-0.8888302101270672,0.7638525142975086,0.7591638253099992
124.00000000000001,0.8692829077449461,-0.8911730750505136,0.7637376968969853,0.7592807932484117
124.1,0.8680012776896256,-0.89352379523897,0.7636241569193009,0.7594001800193365
124.19999999999999,0.8667197107768685,-0.8958698564500988,0.7635118983282808,0.7595219909097662
124.30000000000001,0.8654365209806348,-0.8982128563390651,0.7634009246849116,0.7596462308491171
124.39999999999999,0.8641459260188984,-0.9005624681473577,0.7632912391756702,0.7597729045405329
124.50000000000001,0.8628625043073102,-0.9029133552048827,0.7631828446292451,0.7599020164784474
124.6,0.8615802508409371,-0.9052659209269079,0.7630757435869908,0.7600335709401058
124.69999999999999,0.860312814131871,-0.907596642215798,0.7629699384764038,0.7601675720112784
124.80000000000001,0.8590426402159502,-0.9099352497042538,0.7628654318428739,0.7603040236729816
124.89999999999999,0.8577767930954562,-0.9122937172042243,0.7627622263908914,0.7604429299738092
125.00000000000001,0.8565127540163027,-0.9146535329620167,0.7626603249723335,0.7605842950305414
125.1,0.8552378221026813,-0.9170046251683402,0.7625597306411903,0.7607281230377025
125.19999999999999,0.8539605821140432,-0.9193595872800737,0.7624604466187502,0.7608744184058527
125.3,0.8526879639932478,-0.9217063523232405,0.7623624761852478,0.7610231856446794
125.39999999999999,0.8514229525098791,-0.9240494571233487,0.7622658225986684,0.7611744292213328
125.5,0.85016483480896,-0.9263824677113888,0.7621704890763767,0.7613281534906863
125.6,0.8489033933034803,-0.9287117438859495,0.7620764788352988,0.7614843627270569
125.70000000000002,0.8476437477812516,-0.9310497630869444,0.7619837950891453,0.7616430612133345
125.8,0.8463878197586174,-0.9333914328204334,0.7618924410671515,0.7618042532208223
125.89999999999999,0.8451389316358798,-0.9357423651566354,0.7618024200839671,0.7619679429105729
126.0,0.8438774249320986,-0.9380844184424486,0.7617137355675605,0.7621341344293279
126.1,0.8426210536353614,-0.9404322695512486,0.7616263910870934,0.7623028321193541
126.20000000000002,0.8413798977264755,-0.942787921660711,0.7615403903392315,0.7624740403010793
126.3,0.8401356655618283,-0.9451466005863577,0.7614557370408972,0.7626477630824641
126.39999999999999,0.83888741801726,-0.9475017812062705,0.7613724348113368,0.7628240045303901
126.5,0.837646447281503,-0.9498668170536216,0.7612904871247744,0.7630027685774936
126.6,0.8364000468050887,-0.9522473162756842,0.7612098972048118,0.7631840588226328
126.7,0.8351517049664687,-0.9546373864660774,0.7611306679195257,0.7633678786437997
126.8,0.8339135239842925,-0.957028771595302,0.7610528018273984,0.7635542312277114
126.9,0.8326843810233816,-0.9594149615050459,0.7609763012786361,0.7637431194768667
127.0,0.8314579802630329,-0.9617968431250324,0.7609011685300668,0.7639345461070247
127.1,0.8302330059363195,-0.9641693338252972,0.7608274058759685,0.7641285137949873
127.2,0.8290039687062493,-0.9665474590856605,0.7607550157441847,0.7643250252906127
127.3,0.8277774786170086,-0.9689185809737185,0.7606840007369384,0.7645240835261006
127.4,0.826567038061437,-0.9712940019083018,0.7606143636754824,0.7647256915574145
127.5,0.8253626755832725,-0.9736726977525655,0.760546107577598,0.7649298524062276
127.6,0.8241586706110535,-0.976046549513649,0.7604792355369134,0.7651365691084312
127.7,0.8229629404439667,-0.9784112123329001,0.7604137505895531,0.7653458447037083
127.8,0.8217766689174614,-0.9807830272719348,0.7603496555611423,0.7655576820185203
127.9,0.8205847243577673,-0.9831673352685664,0.7602869529535893,0.7657720835539104
128.0,0.8193804357205893,-0.9855585110956371,0.7602256449442708,0.7659890516458655
128.1,0.8181856582128371,-0.9879479111306784,0.7601657334774133,0.7662085885302697
128.2,0.8170003024615647,-0.9903328353318934,0.7601072203555823,0.7664306962180671
128.29999999999998,0.8158129457662381,-0.9927219543332219,0.7600501073323297,0.7666553765893684
128.4,0.8146262196605929,-0.9951202937409138,0.7599943962644587,0.7668826315918542
128.5,0.813441832868261,-0.9975285683662731,0.759940089193424,0.7671124632709063
128.60000000000002,0.8122586710659543,-0.9999291965329532,0.759887188353811,0.7673448737329218
128.7,0.8110700958376736,-1.0023288096211478,0.75983569614805,0.7675798651420741
128.79999999999998,0.8098694212438869,-1.0047405793896587,0.759785615099586,0.7678174398049346
128.9,0.808687407146519,-1.0071362370817394,0.759736947799495,0.7680576000648646
129.0,0.8075016280556888,-1.0095401570400935,0.759689696784895,0.7683003481350714
129.10000000000002,0.8063244805517116,-1.0119497823890202,0.7596438644625799,0.7685456860866837
129.2,0.8051405988899996,-1.014352044385082,0.7595994530923524,0.7687936158367591
129.29999999999998,0.8039591820892452,-1.0167516472837437,0.7595564647179919,0.7690441391213845
129.4,0.8027741840060187,-1.0191482897079258,0.7595149011312089,0.7692972574801511
129.5,0.8015908074162923,-1.0215425452676403,0.7594747639237031,0.76955297222366
129.60000000000002,0.800404653899723,-1.0239341826651116,0.7594360545407529,0.7698112844945637
129.7,0.7992259410413979,-1.0263064148117647,0.7593987743262272,0.7700721953451735
129.8,0.7980558831769196,-1.0286749784814984,0.7593629246005144,0.7703357057636623
129.9,0.7968862119002503,-1.031034166142029,0.7593285067442166,0.7706018167100616
130.0,0.7957155334207566,-1.0333953767099715,0.7592955222565149,0.7708705292743462
130.1,0.7945624117530887,-1.0357560152047942,0.7592639727681633,0.7711418446779065
130.2,0.7934167527318622,-1.0381164390066224,0.7592338600385964,0.7714157641816037
130.3,0.7922802679177058,-1.0404762816683195,0.7592051859328961,0.771692289119962
130.4,0.7911573727540998,-1.0428493719809355,0.7591779523930262,0.7719714209065837
130.5,0.7900422147389004,-1.0452197426814558,0.7591521614227934,0.772253160951143
130.6,0.7889341356340152,-1.0475860762207398,0.7591278150653024,0.7725375106238482
130.7,0.7878246840322068,-1.0499507983414258,0.7591049153568541,0.7728244712541895
130.8,0.7867298668915145,-1.0523067758080134,0.7590834642943763,0.7731140440800462
130.9,0.7856454063740667,-1.0546629007910249,0.7590634638097634,0.7734062301541321
131.0,0.784584863742975,-1.0570180469634196,0.7590449157148013,0.7737010302918607
131.1,0.783532158272102,-1.059366010140635,0.7590278216870355,0.773998445021463
131.2,0.782467702415947,-1.06170769631575,0.7590121832719907,0.7742984747072832
131.3,0.7814097665347267,-1.0640428951899426,0.758998001877476,0.7746011196996729
131.4,0.7803519881340469,-1.0663876592875459,0.7589852788436264,0.7749063802696228
131.5,0.7792862576935982,-1.0687366324138012,0.7589740155108222,0.7752142566913374
131.6,0.7782423980754437,-1.0710960978396558,0.7589642132368983,0.7755247493046344
131.7,0.7772000968213832,-1.0734606212710154,0.758955873448569,0.7758378584050855
131.8,0.7761728087979426,-1.0758143072189008,0.758948997625435,0.7761535842518611
131.9,0.7751506909356177,-1.078162443768213,0.7589435872405138,0.7764719270297558
132.0,0.7741224673626014,-1.0805060410475091,0.7589396437552585,0.7767928868219675
132.1,0.773100045234953,-1.0828413986925518,0.7589371685781201,0.7771164636553687
132.2,0.7720761080390476,-1.085181252514848,0.7589361630633299,0.7774426574811572
132.3,0.771063324018422,-1.0875027618015554,0.7589366285379562,0.7777714681965704
132.4,0.7700676229890283,-1.089815604777615,0.7589385662489074,0.7781028956673416
132.5,0.7690787171453886,-1.092131764420738,0.7589419774186048,0.7784369397182044
132.6,0.7680989507508246,-1.094441925789955,0.7589468633321044,0.7787736001746549
132.7,0.767113616301064,-1.0967492355302217,0.7589532253049308,0.7791128769351622
132.8,0.7661378454665624,-1.0990631266862996,0.7589610646976888,0.7794547699972867
132.89999999999998,0.7651697720575253,-1.1013748890059538,0.758970382973611,0.779799279372163
133.0,0.7642026860190022,-1.1036821016015124,0.7589811816732353,0.7801464050173527
133.1,0.7632284579706041,-1.1059843809756533,0.7589934623476169,0.7804961468519569
133.20000000000002,0.7622535490000957,-1.10829623720789,0.7590072265258437,0.780848504760163
133.3,0.7612801210786379,-1.110612173809784,0.7590224757129864,0.7812034785780088
133.39999999999998,0.7603200841987545,-1.1129270506847493,0.7590392113844587,0.781561068067571
133.5,0.7593717104857312,-1.1152296975710965,0.7590574349497293,0.7819212728675724
133.6,0.758420110143645,-1.1175240210269612,0.7590771476979423,0.7822840925059623
133.70000000000002,0.7574635262163758,-1.1198155685755018,0.7590983507624418,0.7826495264427566
133.8,0.7564963204139027,-1.1221162283014798,0.7591210451389132,0.7830175740800441
133.89999999999998,0.7555266285002591,-1.1244192912293607,0.7591452317764975,0.783388234706922
134.0,0.754548180901234,-1.1267132606521801,0.7591709115978922,0.7837615075033754
134.1,0.7535731670765144,-1.1289995652066704,0.7591980854410229,0.7841373915932306
134.20000000000002,0.752588596048413,-1.1312942599915854,0.7592267541301109,0.7845158860789406
134.3,0.7516084674307592,-1.1335845697485731,0.7592569185292117,0.7848969900676934
134.4,0.7506320187173174,-1.135880953936603,0.7592885794997685,0.7852807026284221
134.5,0.7496355157503747,-1.1381700946138409,0.759321737847172,0.785667022753924
134.6,0.7486509454872494,-1.140466612233823,0.7593563942149365,0.786055949408863
134.70000000000002,0.7476806067952699,-1.142769816966447,0.7593925490953636,0.786447481446797
134.79999999999998,0.7467147736419913,-1.145073529389813,0.7594302029199109,0.7868416175755313
134.9,0.7457352189379287,-1.1473737646902955,0.7594693560950053,0.7872383565083932
135.0,0.7447566310346833,-1.1496807551317183,0.7595100091414442,0.7876376970761669
135.1,0.7437723849949457,-1.1519875893873865,0.7595521628747248,0.7880396382449565
135.20000000000002,0.7427878488621891,-1.1543014240525529,0.7595958184443748,0.7884441791515736
135.29999999999998,0.7418088361252579,-1.156622108940511,0.7596409772958369,0.7888513190822483
135.4,0.7408334536408948,-1.1589496840948514,0.7596876410441821,0.7892610573825045
135.5,0.7398580867752335,-1.161286906845065,0.7597358113067935,0.789673393351582
135.6,0.7388827326910478,-1.163622266263882,0.7597854895161179,0.7900883261493623
135.7,0.7379144326893081,-1.1659720260170054,0.7598366767896436,0.7905058547384765
135.79999999999998,0.7369401014551692,-1.1683250936761642,0.7598893739941195,0.7909259778584251
135.9,0.7359633621341757,-1.1706826326343747,0.7599435818562706,0.7913486940999293
136.0,0.7349817945673408,-1.1730336334990858,0.7599993010866969,0.7917740020119395
136.10000000000002,0.734003318178924,-1.1753820880699872,0.7600565325071746,0.7922019002298412
136.2,0.7330419942912937,-1.177721607525498,0.7601152771588366,0.7926323875267431
136.29999999999998,0.7320840509795762,-1.1800498539557083,0.760175536288175,0.7930654627988911
136.4,0.7311254749789288,-1.1823810386277716,0.7602373112699966,0.7935011250248936
136.5,0.7301635815584987,-1.1847053745702512,0.76030060351992,0.7939393731814557
136.60000000000002,0.729221218238941,-1.1870316504668201,0.7603654142790623,0.7943802061714176
136.7,0.7282831327697448,-1.189357652587846,0.7604317445144885,0.7948236227200551
136.79999999999998,0.7273428732851696,-1.191679408036931,0.7604995949434793,0.7952696213041706
136.9,0.726407592447226,-1.1939872098666013,0.7605689659888027,0.7957182001963033
137.0,0.7254749133647223,-1.1962990320535327,0.7606398578628073,0.7961693575335991
137.10000000000002,0.7245354646602649,-1.1985994015772705,0.7607122707471756,0.7966230913699072
137.2,0.7236069669757605,-1.2009126242472117,0.76078620489127,0.7970793997673714
137.3,0.7226857609911116,-1.2032274832745473,0.7608616607024401,0.7975382808433537
137.4,0.7217624994454512,-1.2055611377734328,0.7609386387916234,0.7979997328112574
137.5,0.7208347621799298,-1.2078888733062523,0.7610171399471517,0.7984637539424104
137.6,0.7198971428490925,-1.2102227356891277,0.7610971649816999,0.7989303425475077
137.7,0.7189569274647132,-1.2125645962229277,0.7611787146658929,0.7993994969604848
137.8,0.7180262005069749,-1.2149097821243497,0.7612617897548957,0.7998712154714559
137.9,0.7170786884987713,-1.2172626687942523,0.7613463909559938,0.8003454963061561
138.0,0.7161320837092473,-1.2196161524245444,0.7614325189246471,0.8008223376617498
138.1,0.7151815103553546,-1.2219755165385924,0.7615201742929963,0.801301737718736
138.2,0.7142320548846245,-1.2243373839330387,0.7616093577622188,0.8017836946244625
138.3,0.7132770930698927,-1.2266875659602112,0.7617000700966835,0.8022682065369352
138.4,0.7123164631890041,-1.229029629984514,0.7617923120516777,0.8027552716517128
138.5,0.7113611403641865,-1.2313563038941358,0.7618860843697144,0.803244888171234
138.6,0.7104211698147583,-1.2336802553837791,0.7619813877638721,0.8037370542865863
138.7,0.7094710334773351,-1.2360070423480383,0.7620782229537063,0.8042317681936807
138.8,0.7085174995685686,-1.2383352239662333,0.7621765907282517,0.8047290280898621
138.9,0.7075674802945214,-1.2406527341387386,0.7622764918853268,0.8052288321521962
139.0,0.7066158764402763,-1.2429726631656757,0.7623779271615603,0.8057311785452033
139.1,0.705669732143101,-1.245291422532401,0.7624808973140712,0.8062360654235072
139.2,0.7047237290119386,-1.2475993090517983,0.7625854030899142,0.8067434909443392
139.3,0.7037863056834027,-1.249916858398987,0.7626914451878771,0.8072534532718378
139.4,0.7028623294284911,-1.252235607956228,0.7627990244013573,0.8077659505850643
139.5,0.701965774322764,-1.2545528893428453,0.7629081416280671,0.8082809810944471
139.6,0.7010663961847885,-1.2568712707572307,0.7630187978575771,0.8087985430590638
139.7,0.7001688955982722,-1.2591803050278294,0.7631309941939116,0.8093186347902325
139.8,0.6992635032650479,-1.2614830219097988,0.7632447317963058,0.8098412546590719
139.9,0.6983555914834527,-1.2637792951913975,0.7633600118603656,0.8103664010752344
140.0,0.6974577554343562,-1.2660664133979418,0.7634768355728407,0.8108940724600555
140.1,0.6965471071695597,-1.2683555515818372,0.7635952040458314,0.8114242672323241
140.2,0.6956265853519162,-1.2706445670111608,0.7637151183976657,0.8119569837601195
140.3,0.6947111209132117,-1.2729077170954726,0.7638365796399106,0.812492220337124
140.39999999999998,0.6937824966981808,-1.2751806628627427,0.7639595885003104,0.8130299752151018
140.5,0.6928471461297337,-1.2774681403134582,0.764084145673849,0.813570246578721
140.6,0.6919026036536393,-1.2797563749997114,0.7642102519244464,0.8141130325528008
140.70000000000002,0.6909760258325585,-1.2820538286265075,0.7643379079879067,0.8146583312113377
140.8,0.6900411505410852,-1.2843441143853558,0.764467114618363,0.8152061405970836
140.89999999999998,0.6891043083523346,-1.2866291156156036,0.7645978725244638,0.8157564587267678
141.0,0.688180269184729,-1.2889105784886163,0.7647301823768314,0.8163092835630098
141.1,0.6872618002254861,-1.291188679188645,0.7648640448743197,0.8168646130157984
141.20000000000002,0.6863726015792424,-1.2934668870914314,0.7649994607618461,0.8174224450287747
141.3,0.685486924659859,-1.295728946438586,0.7651364307958669,0.8179827776195061
141.39999999999998,0.6846078379332224,-1.2979942018422073,0.7652749557120089,0.8185456087983505
141.5,0.6837315990908375,-1.3002487695454936,0.7654150362701084,0.8191109365686468
141.6,0.6828533252571836,-1.302504652833819,0.7655566732038886,0.819678758957301
141.70000000000002,0.6819820324447693,-1.3047565438873538,0.7656998671588238,0.8202490739495016
141.8,0.6811194563298939,-1.3070252112629854,0.7658446187595049,0.8208218794864459
141.9,0.6802452532532162,-1.3092853305270036,0.7659909286999556,0.8213971734274846
142.0,0.6793814209799817,-1.3115350282150795,0.7661387976043319,0.8219749535492021
142.1,0.6785150380485544,-1.31378152954412,0.7662882259844104,0.8225552176401018
142.20000000000002,0.6776408562900189,-1.3160255904471436,0.7664392143781735,0.8231379634934161
142.29999999999998,0.676765991480975,-1.3182810066264998,0.7665917634591062,0.8237231889467413
142.4,0.6758830916453953,-1.3205280547057172,0.7667458740796328,0.8243108919954574
142.5,0.6749898068464018,-1.3227743664600171,0.7669015472206803,0.8249010707839766
142.6,0.6741007793262522,-1.325001860547185,0.7670587839887987,0.8254937235821546
142.70000000000002,0.6732226538809034,-1.3272129139454185,0.7672175855131608,0.826088848830179
142.79999999999998,0.6723480295920659,-1.3294222956451185,0.7673779529310183,0.8266864450900797
142.9,0.6714824390609454,-1.3316300286410168,0.7675398875043014,0.8272865109616189
143.0,0.6706167655536321,-1.3338359637083714,0.7677033905554016,0.8278890450353171
143.1,0.6697538902785938,-1.3360404772997252,0.7678684633866275,0.8284940458164812
143.2,0.6688871209162629,-1.3382325941692181,0.7680351071846232,0.8291015116452559
143.29999999999998,0.6680217027981684,-1.3404255574149033,0.7682033229370936,0.8297114407052563
143.4,0.6671478630808487,-1.3426086090584775,0.7683731115095792,0.8303238310263428
143.5,0.6662797276299823,-1.344782287738324,0.7685444736419133,0.8309386804748655
143.60000000000002,0.665414435097686,-1.3469515658588394,0.7687174099047622,0.8315559868560671
143.7,0.66454050675524,-1.3491355962826121,0.7688919209159287,0.8321757479859712
143.79999999999998,0.6636787118453331,-1.351305702710027,0.7690680074635783,0.8327979617161998
143.9,0.6628130029875003,-1.3534807746715245,0.7692456703874123,0.8334226260417934
144.0,0.661937371635164,-1.3556528928357954,0.7694249106037749,0.834049739048322
144.10000000000002,0.6610674509328601,-1.3578424477537814,0.7696057292709346,0.8346792988954055
144.2,0.6601950455379386,-1.3600096495233365,0.7697881278035676,0.8353113038544667
144.29999999999998,0.6593176288959531,-1.3621608863952486,0.7699721075804054,0.8359457522710474
144.4,0.6584519130084272,-1.3642978825456165,0.7701576698507157,0.8365826424738715
144.5,0.6575953237971685,-1.3664250106257532,0.7703448158091738,0.8372219727706661
144.60000000000002,0.656734146086199,-1.3685510570838326,0.7705335465737482,0.8378637414289043
144.7,0.6558825263105237,-1.3706783729665322,0.7707238632643143,0.8385079466537277
144.8,0.6550263811634971,-1.372800077233971,0.7709157669879947,0.8391545866153477
144.9,0.6541885943335879,-1.3749292329745344,0.7711092587954107,0.8398036594947182
145.0,0.6533491633405332,-1.3770631616711198,0.7713043398290351,0.8404551635393416
145.1,0.6525100933974868,-1.3791880651840294,0.7715010112815335,0.8411090970497294
145.2,0.6516715256566801,-1.3813219481306118,0.771699274265463,0.8417654584027456
145.3,0.650838306108961,-1.3834648095076107,0.7718991299712812,0.8424242460552275
145.4,0.6500100070416608,-1.385611636715009,0.77210057973074,0.8430854585808982
145.5,0.6491744425468373,-1.3877603229647506,0.7723036249319529,0.8437490947011832
145.6,0.6483450157045494,-1.389908404985411,0.7725082670265032,0.8444151531980553
145.7,0.6475251092035633,-1.3920518334060894,0.772714507515445,0.8450836328863478
145.8,0.6467164012659935,-1.3941941368460358,0.7729223479269574,0.8457545326696121
145.9,0.645897172178069,-1.3963271534979955,0.7731317897500187,0.8464278514303218
146.0,0.6450794674046169,-1.3984748640120113,0.7733428344639413,0.8471035878898016
146.1,0.6442743209374217,-1.4006097279648582,0.7735554835775967,0.8477817407080966
146.2,0.6434647583319308,-1.4027538575737086,0.7737697384828035,0.8484623085156106
146.3,0.6426572250679186,-1.4049023213036456,0.7739856005607586,0.8491452898007964
146.4,0.6418494620000902,-1.4070466929708043,0.7742030712114244,0.8498306830112017
146.5,0.641044380836828,-1.4091957571918736,0.7744221517886005,0.8505184866106711
146.6,0.6402301006729633,-1.4113342977571413,0.7746428436808954,0.8512086990922662
146.7,0.6394065512870905,-1.4134659985067863,0.77486514824153,0.8519013189975357
146.8,0.6385797000854948,-1.4155893063316174,0.7750890667884506,0.8525963448361344
146.9,0.6377472439458813,-1.4177040890090276,0.7753146006099743,0.8532937750427899
147.0,0.6369263268368417,-1.419817257687187,0.7755417509111604,0.853993608000805
147.1,0.6361113835295822,-1.4219320636691952,0.7757705188526127,0.8546958420423937
147.2,0.6352944754516241,-1.424050726895625,0.7760009055684447,0.8554004753840123
147.3,0.6344704501914396,-1.426177533069447,0.7762329122094637,0.856107506189191
147.4,0.6336404596648586,-1.4282994007291236,0.7764665399406061,0.8568169326524122
147.5,0.6328097350165656,-1.43042908687295,0.7767017899265757,0.8575287529934028
147.6,0.6319786365748803,-1.4325552853884675,0.776938663403326,0.8582429655322559
147.7,0.6311511180211572,-1.4346864765816016,0.7771771617458134,0.8589595687681104
147.8,0.6303227447633296,-1.436798399980548,0.7774172864281097,0.8596785613190022
147.89999999999998,0.6294950751504903,-1.4389115409397424,0.7776590389033249,0.8603999419118403
148.0,0.6286654088480458,-1.4410215405995908,0.7779024206875584,0.8611237093787364
148.1,0.6278387351266148,-1.4431317464152447,0.7781474333873963,0.8618498626199537
148.20000000000002,0.6270152235106967,-1.445244460452108,0.7783940786290618,0.8625784005389783
148.3,0.626203734672446,-1.4473606660113119,0.7786423580497187,0.8633093220374027
148.39999999999998,0.6253926125577874,-1.449485580088484,0.7788922733229852,0.8640426260988971
148.5,0.624577223968606,-1.451604150453621,0.7791438261872389,0.8647783117087205
148.6,0.623764749227038,-1.4537146257110032,0.7793970182935683,0.8655163777999054
148.70000000000002,0.6229539286025144,-1.455828889809682,0.7796518511576459,0.8662568233019463
148.8,0.6221454898447213,-1.4579518453376177,0.7799083263616043,0.8669996470909602
148.89999999999998,0.621337613579309,-1.4600677200442584,0.7801664456154322,0.8677448480189143
149.0,0.620524415389407,-1.4621709493894082,0.7804262105708394,0.8684924249439527
149.1,0.619712918130746,-1.4642701629590584,0.7806876227686905,0.8692423766747084
149.20000000000002,0.6189088409513979,-1.466365386755223,0.7809506837487824,0.8699947020366365
149.3,0.6180969933172805,-1.468459129137595,0.781215395088677,0.8707493999605911
149.4,0.6172828163278891,-1.4705452908372993,0.7814817583746758,0.8715064694293848
149.5,0.6164680250892588,-1.4726279112761929,0.7817497751660475,0.8722659094260514
149.6,0.6156646884720187,-1.4747050187540212,0.7820194470123834,0.8730277189373401
149.70000000000002,0.6148496255909107,-1.4767768115101796,0.7822907754448353,0.8737918969519721
149.79999999999998,0.6140394165135863,-1.478847004539485,0.782563761948733,0.8745584423951605
149.9,0.6132352443652271,-1.4809183014815388,0.7828384080437742,0.8753273541818595
150.0,0.6124292549815932,-1.4829788602604568,0.7831147152608312,0.8760986312420415
150.1,0.6116178294747945,-1.4850422532482284,0.7833926850878083,0.8768722724548536
150.20000000000002,0.6108069423435756,-1.487097969158459,0.7836723190529254,0.8776482766491995
150.29999999999998,0.6099916759576576,-1.4891481708925374,0.7839536186526199,0.8784266426427366
150.4,0.6091916057907553,-1.4912038623705308,0.7842365853798674,0.8792073692488089
150.5,0.6083998047438123,-1.4932475357755448,0.7845212207863475,0.87999045534219
150.6,0.6076063545673186,-1.4952946751334564,0.7848075263497569,0.8807758998096099
150.7,0.6068206372740408,-1.4973456679582697,0.7850955036176259,0.8815637014512844
150.79999999999998,0.6060308953796961,-1.4993819749854003,0.7853851542461977,0.8823538590356634
150.9,0.6052539259995467,-1.5014119735775064,0.7856764798143039,0.8831463713729305
151.0,0.6044744421343065,-1.503434840582313,0.7859694818107744,0.8839412373785914
151.10000000000002,0.6036816658537664,-1.5054715415774123,0.7862641617452735,0.8847384560383066
151.2,0.6028841265828319,-1.5075081445512069,0.7865605212838679,0.8855380263395457
151.29999999999998,0.6020949280715278,-1.5095400031344914,0.7868585621359483,0.8863399473270155
151.4,0.601295771600368,-1.511570881447665,0.7871582859546052,0.8871442180913275
151.5,0.6005166970586598,-1.5135973858221876,0.7874596943948582,0.8879508377434536
151.60000000000002,0.599739724915373,-1.5156230771070511,0.7877627891054365,0.8887598054756922
151.7,0.5989742350550856,-1.5176475997937426,0.788067571727163,0.8895711204697659
151.79999999999998,0.5982145352836502,-1.5196739309413356,0.7883740439513238,0.8903847818702453
151.9,0.5974604340879262,-1.5216889705827188,0.7886822074807708,0.8912007887988901
152.0,0.5967057533980876,-1.5237066217417972,0.7889920639127773,0.8920191403374912
152.10000000000002,0.5959597042834174,-1.5257348172884309,0.7893036149093131,0.8928398355716786
152.2,0.595204183793702,-1.5277518914928139,0.7896168622672206,0.893662873627951
152.3,0.5944410957107386,-1.5297667875962713,0.7899318077113072,0.8944882536765864
152.4,0.5936856213463467,-1.53177625811156,0.7902484528629228,0.8953159749897982
152.5,0.5929330835257604,-1.5337942421752795,0.7905667993510836,0.8961460369380636
152.6,0.5922045323721826,-1.5358000182816824,0.790886848817286,0.8969784389193425
152.7,0.591469276852598,-1.5378071640818356,0.791208602805197,0.8978131804127424
152.8,0.5907233881119467,-1.5398084896638917,0.7915320627921256,0.8986502609296619
152.9,0.589984892494871,-1.5418127019902381,0.791857230257225,0.8994896799219894
153.0,0.5892525331081384,-1.5438151856903302,0.7921841067267522,0.9003314367845022
153.1,0.5885192970269818,-1.5458155702359224,0.7925126937917393,0.9011755309006687
153.2,0.5877879909817263,-1.5478125017388944,0.7928429930263191,0.9020219616316009
153.3,0.587058757543165,-1.5498198893763044,0.7931750060426184,0.9028707283310436
153.4,0.5863155230908005,-1.5518194949714124,0.7935087345304392,0.9037218303193674
153.5,0.5855667149087622,-1.553820230805538,0.7938441801250825,0.904575266827716
153.6,0.5848251324533826,-1.5558159243306566,0.7941813443976513,0.9054310370567379
153.7,0.5840888116517374,-1.5578095726677823,0.7945202288682134,0.9062891402354146
153.8,0.5833527525942441,-1.559804758757481,0.7948608350207497,0.9071495755842273
153.9,0.5826144954019989,-1.5618001727761273,0.795203164377015,0.9080123422555038
154.0,0.5818943220174014,-1.5637966548689324,0.7955472185737789,0.9088774393771404
154.1,0.5811726498752532,-1.565774546789561,0.7958929993008482,0.9097448661496622
154.2,0.5804523105315865,-1.567754900672086,0.7962405081731045,0.9106146217690182
154.3,0.5797267166464312,-1.5697361112833121,0.7965897468858605,0.9114867053838536
154.4,0.5790009348041584,-1.5717133639297347,0.796940717240381,0.9123611161493371
154.5,0.5782821573840435,-1.5736918527998238,0.7972934210120649,0.9132378532894126
154.6,0.5775584765296478,-1.5756735115718057,0.7976478599785649,0.9141169161111871
154.7,0.5768368760838055,-1.577657799486064,0.7980040359753582,0.9149983039294816
154.8,0.5761131541081355,-1.5796330212781264,0.7983619508236295,0.9158820160712529
154.9,0.5753830873850636,-1.581609805701843,0.7987216062357975,0.9167680519295799
155.0,0.5746489485362009,-1.5835868749696786,0.7990830038669676,0.917656410918864
155.1,0.5739141216681711,-1.5855673414018945,0.7994461453423239,0.9185470924891026
155.2,0.573172108813901,-1.5875484501582435,0.79981103219759,0.9194400961414095
155.3,0.572438138098521,-1.589540742911836,0.8001776658931504,0.9203354213530369
155.39999999999998,0.571715966724361,-1.5915357588777164,0.8005460478732871,0.9212330676259507
155.5,0.5709903928106416,-1.5935392440660245,0.8009161795991421,0.9221330344589622
155.6,0.5702740413234564,-1.5955350539549218,0.8012880625823892,0.9230353212831965
155.70000000000002,0.5695455571386222,-1.597523109414349,0.8016616982973721,0.9239399275388397
155.8,0.568817334697263,-1.5995139140825525,0.8020370881437022,0.9248468525882859
155.89999999999998,0.5680937787995599,-1.6015156343603256,0.8024142335947411,0.925756095701202
156.0,0.5673800900887881,-1.6035219083648224,0.8027931362406109,0.9266676561915125
156.1,0.5666624860088735,-1.6055342502140872,0.8031737977086709,0.9275815334252646
156.20000000000002,0.565955533609966,-1.6075481375797953,0.8035562196365386,0.9284977267261542
156.3,0.5652553260257225,-1.6095618991169567,0.8039404036045175,0.9294162354348209
156.39999999999998,0.5645610014473413,-1.6115938544599222,0.8043263511744005,0.9303370589693254
156.5,0.563857765136944,-1.6136324704832739,0.8047140640369059,0.9312601967928003
156.6,0.5631528874973817,-1.6156805250787483,0.80510354399721,0.9321856483221876
156.70000000000002,0.5624512301228669,-1.6177215651919852,0.8054947928849829,0.9331134129372783
156.8,0.5617475306603328,-1.6197672841983588,0.8058878125060166,0.9340434900805262
156.9,0.5610390206822369,-1.6218064763792084,0.8062826046176097,0.934975879212711
157.0,0.5603330571268755,-1.623858991566788,0.8066791709484433,0.9359105797752888
157.1,0.5596334645807083,-1.625904292943938,0.8070775132263633,0.9368475911910911
157.20000000000002,0.5589463991241987,-1.6279562449589953,0.807477633073926,0.937786912912437
157.29999999999998,0.5582624134895323,-1.6300151460361485,0.8078795320711785,0.9387285444414613
157.4,0.5575675882246558,-1.6320751349442626,0.8082832118882186,0.9396724852507853
157.5,0.5568689568235731,-1.6341257719967082,0.8086886741682786,0.9406187347628824
157.6,0.5561745380084642,-1.6361887076207142,0.8090959205401446,0.9415672924277948
157.70000000000002,0.5554737304681999,-1.6382503867578118,0.8095049527862936,0.942518157709197
157.79999999999998,0.5547770844436888,-1.6403138136244,0.8099157728002736,0.9434713300531592
157.9,0.5540789694513343,-1.6423734814627162,0.8103283824945043,0.9444268089397572
158.0,0.5533833178923059,-1.6444367255917243,0.8107427837708302,0.9453845939248781
158.1,0.5526778942109101,-1.6465069858606962,0.811158978570367,0.9463446845763133
158.2,0.5519826689618664,-1.6485712318988546,0.8115769688866273,0.9473070804797634
158.29999999999998,0.5512870841018896,-1.6506328164209316,0.8119967566331555,0.9482717812975463
158.4,0.5505983086025564,-1.652697921135544,0.8124183436478496,0.9492387866564442
158.5,0.549914974209497,-1.6547667813742706,0.8128417317964479,0.9502080961185665
158.60000000000002,0.5492459713836996,-1.6568360203669363,0.8132669229392047,0.9511797092611264
158.7,0.5485886785242909,-1.6589190390355792,0.8136939189065463,0.9521536257343333
158.79999999999998,0.5479255275014061,-1.6610133949491155,0.8141227216532805,0.9531298452005915
158.9,0.547264663293797,-1.6630949710305758,0.8145533331953819,0.9541083672390094
159.0,0.5465984906360373,-1.6651754137235424,0.8149857553820059,0.9550891913691599
159.10000000000002,0.5459333010861899,-1.6672594947683244,0.815419990010176,0.9560723170897029
159.2,0.54526861089646,-1.6693358080271523,0.8158560389064633,0.9570577439150048
159.29999999999998,0.5446086645632442,-1.6714136556483146,0.8162939038676231,0.958045471417009
159.4,0.5439458427046978,-1.6734802314997528,0.8167335866699763,0.9590354991990059
159.5,0.543275272377886,-1.6755462958018381,0.8171750889953066,0.9600278268474326
159.60000000000002,0.5426013917201877,-1.6776158351968133,0.8176184124323034,0.9610224539263459
159.7,0.5419227580000189,-1.679690512042134,0.8180635585244508,0.9620193799985827
159.8,0.5412334073594594,-1.6817611182878454,0.8185105287136814,0.9630186046288922
159.9,0.5405489317971375,-1.683828052485584,0.8189593242695882,0.9640201273565933
160.0,0.5398728459319099,-1.6858919495264795,0.8194099462877921,0.9650239476838471
160.1,0.539196452943832,-1.6879655084278615,0.819862395830549,0.9660300650916508
160.2,0.5385235306048751,-1.690040740858447,0.820316674100721,0.9670384790898691
160.3,0.5378318080766059,-1.6921178250767315,0.8207727824407477,0.9680491891961709
160.4,0.5371488504689518,-1.694200669627813,0.8212307223305255,0.9690621948886928
160.5,0.5364725773828053,-1.6962822415233418,0.8216904953800859,0.9700774956990506
160.6,0.5357860668680141,-1.6983707894894602,0.822152103211816,0.9710950911742102
160.7,0.5351076126754389,-1.7004671356977974,0.8226155474526885,0.9721149807743268
160.8,0.5344263567251507,-1.7025593862415906,0.8230808297149332,0.9731371639567281
160.9,0.5337306564431463,-1.7046446159544435,0.8235479514126475,0.9741616402067398
161.0,0.5330471988163434,-1.7067459767709143,0.8240169137774369,0.9751884089523326
161.1,0.5323629772723077,-1.7088505853717508,0.8244877181082922,0.9762174696065774
161.2,0.5316659477690119,-1.7109409708810934,0.8249603656924668,0.9772488215755559
161.3,0.5309745643606651,-1.7130378187436297,0.8254348577419528,0.9782824642654651
161.4,0.5302803664269181,-1.7151233496323801,0.8259111955901579,0.9793183971428635
161.5,0.5295834539801092,-1.71719902261196,0.8263893805858837,0.9803566196868428
161.6,0.5288766360604359,-1.7192880107146382,0.8268694140985086,0.9813971313476462
161.7,0.5281742938781323,-1.7213731534764924,0.8273512976776767,0.9824399315671192
161.8,0.5274780403984701,-1.7234655026608252,0.8278350329295666,0.9834850198429199
161.9,0.5267780446190093,-1.7255748362349441,0.828320621571377,0.9845323957189559
162.0,0.5260774764350804,-1.7276838485137045,0.8288080655461435,0.9855820587440776
162.1,0.5253668297071475,-1.7297908570972902,0.8292973668997241,0.986634008488697
162.2,0.5246554020382911,-1.7318937259302152,0.8297885277128286,0.9876882445902072
162.3,0.5239473641567349,-1.7339992997875402,0.8302815500699339,0.9887447667123547
162.4,0.5232532811980262,-1.736111029603294,0.8307764360087674,0.9898035744538238
162.5,0.5225706812253461,-1.738229158734979,0.8312731874894124,0.9908646673941978
162.6,0.5218883266795098,-1.740345083891529,0.8317718063051769,0.9919280451076536
162.7,0.5212049649233941,-1.7424595491367731,0.8322722939377996,0.9929937071094107
162.8,0.5205165387179403,-1.7445878002870596,0.832774651574201,0.9940616528469277
162.89999999999998,0.5198180389334185,-1.7467248291942605,0.8332788802957984,0.9951318816952012
163.0,0.5191225998171828,-1.748854304486299,0.8337849810872302,0.9962043929587037
163.1,0.5184224906265318,-1.750985355232308,0.834292954820337,0.9972791859097134
163.20000000000002,0.5177219203922608,-1.7531045331717727,0.8348028024037465,0.9983562597981973
163.3,0.5170325941069865,-1.7552081229672598,0.8353145247498193,0.9994356138749845
163.39999999999998,0.5163427386844701,-1.7573224743722482,0.8358281228137412,1.0005172474303075
163.5,0.5156412442410603,-1.7594354429954946,0.8363435978037794,1.0016011597512628
163.6,0.5149513923773188,-1.7615424452600266,0.8368609510692253,1.0026873501310969
163.70000000000002,0.5142597388785484,-1.7636648558254695,0.837380184011728,1.0037758179314318
163.8,0.513559446729602,-1.7657881709062524,0.8379012981373825,1.0048665625005186
163.89999999999998,0.5128568848026257,-1.7679167547690486,0.8384242949164891,1.0059595831693426
164.0,0.5121499187912895,-1.7700506635052875,0.8389491756636557,1.0070548792470402
164.1,0.5114539846456109,-1.7721981429607911,0.8394759416085239,1.0081524499864227
164.20000000000002,0.510750495671536,-1.7743300412928902,0.8400045939184392,1.0092522946253415
164.3,0.5100487480532623,-1.7764560223697479,0.8405351335724373,1.0103544123606143
164.4,0.5093506136532587,-1.7785864340586883,0.8410675614766007,1.0114588023757791
164.5,0.5086528431337867,-1.7807142592855654,0.8416018786157378,1.01256546387211
164.6,0.5079356439781606,-1.7828521141960285,0.8421380860780555,1.013674396046368
164.70000000000002,0.5072217126079619,-1.7849777678330454,0.8426761850812414,1.0147855981132146
164.79999999999998,0.506514032370505,-1.7870987600338004,0.8432161768218233,1.0158990693350942
164.9,0.5058094581962598,-1.7892271401356277,0.8437580624341312,1.0170148089622513
165.0,0.5051033966097912,-1.7913585198393625,0.8443018430576572,1.0181328162091767
165.1,0.5044004453422939,-1.7934909383313717,0.8448475197493241,1.019253090273736
165.20000000000002,0.5036893072531511,-1.7956311453403866,0.8453950934403708,1.0203756303072258
165.29999999999998,0.5029704221130032,-1.7977695891267682,0.8459445649778474,1.0215004354220762
165.4,0.5022533357821669,-1.7999072921662296,0.8464959351216551,1.022627504732196
165.5,0.5015420799644211,-1.8020387385178436,0.8470492045631289,1.023756837313584
165.6,0.5008148058608518,-1.8041608137014606,0.8476043739340784,1.0248884321731146
165.7,0.5000746521571492,-1.8062859005630414,0.8481614438325886,1.0260222882632337
165.79999999999998,0.4993325350956864,-1.8084221668860911,0.8487204149840216,1.0271584045921793
165.9,0.4985882553610257,-1.8105568432768204,0.8492812883043828,1.0282967802458938
166.0,0.497851651757396,-1.8126882543232228,0.8498440647897108,1.0294374142752947
166.10000000000002,0.49713585853160175,-1.8148103623172844,0.8504087454322072,1.030580305705738
166.2,0.4964125416864125,-1.8169323294880235,0.8509753311762508,1.0317254535796831
166.29999999999998,0.49571295189132025,-1.819056516242627,0.8515438229001698,1.032872856885872
166.4,0.49499925468460154,-1.8211863425406114,0.8521142214000341,1.0340225145681463
166.5,0.4942879889890323,-1.823328610213494,0.8526865274084813,1.0351744255485795
166.60000000000002,0.49357343211173604,-1.8254802218112205,0.8532607416683949,1.0363285887997795
166.7,0.4928660775476864,-1.827638749843134,0.8538368649239348,1.0374850032804803
166.79999999999998,0.49215983163618754,-1.8298099666675802,0.8544148979230971,1.0386436679025481
166.9,0.49145210043971516,-1.8319909791264788,0.8549948414529864,1.0398045815779797
167.0,0.4907526014708144,-1.834188036268948,0.855576696324454,1.0409677432270243
167.10000000000002,0.4900291257857601,-1.8363944604756293,0.8561604633587367,1.0421331517713757
167.2,0.48930209505641636,-1.8385992218108114,0.8567461433177069,1.043300806084917
167.3,0.4885776086178226,-1.8407953111452726,0.8573337368033276,1.0444707050296818
167.4,0.4878535257799456,-1.842986342711726,0.857923244228102,1.0456428474529955
167.5,0.4871355245491558,-1.8451721723071954,0.8585146658342582,1.0468172320948423
167.6,0.48643074055867985,-1.8473584180673692,0.8591080017593329,1.0479938576480494
167.7,0.4857328006807122,-1.8495445802833295,0.8597032520921934,1.049172722843451
167.8,0.485018960261483,-1.8517468554219467,0.8603004169230439,1.0503538264224708
167.9,0.48429743662817093,-1.8539666645648127,0.8608994964750905,1.051537167150303
168.0,0.4835700236193792,-1.8561990345363146,0.8615004911637981,1.0527227437840183
168.1,0.4828333073381869,-1.8584461945899848,0.862103401651217,1.0539105550623222
168.2,0.4820999943187656,-1.860680584817664,0.8627082288334923,1.0551005997863918
168.3,0.48137226000710587,-1.8629370547220714,0.8633149737576888,1.056292876812219
168.4,0.4806492468504146,-1.8651990984116154,0.8639236376811867,1.0574873850035789
168.5,0.47991957188224715,-1.867458942639207,0.8645342219446741,1.058684123232043
168.6,0.4791963934655841,-1.8697224869668663,0.8651467277872595,1.0598830903717387
168.7,0.4784778390286345,-1.8719796788340237,0.8657611562671504,1.0610842852391096
168.8,0.47775608561920413,-1.8742406990188027,0.8663775081730408,1.0622877065562333
168.9,0.477039964824633,-1.8765052080435956,0.8669957840474966,1.0634933530157504
169.0,0.4763271380581278,-1.8787790504066555,0.8676159842634057,1.0647012232723259
169.1,0.4756209695649908,-1.8810481346792012,0.8682381090861219,1.0659113159170994
169.2,0.4749234695225466,-1.883317366993176,0.868862158724096,1.0671236294947464
169.3,0.47422746470427024,-1.8855814236374226,0.8694881333775056,1.0683381625403343
169.4,0.47353517737043094,-1.8878641933091143,0.8701160332970042,1.0695549136376044
169.5,0.47283921724644273,-1.8901656820490877,0.8707458588531025,1.0707738813432732
169.6,0.472135825002686,-1.8924741828840361,0.8713776105400725,1.071995064213538
169.7,0.4714215271604642,-1.8947816301188225,0.8720112888824942,1.0732184608808863
169.8,0.4707097076424068,-1.8970971480223893,0.872646894370987,1.074444069932042
169.9,0.47000347605241516,-1.8994220214834114,0.8732844275351942,1.0756718899261615
170.0,0.46928925624549994,-1.90175272139987,0.8739238890268469,1.0769019194362865
170.1,0.46856042612712867,-1.9040663394924768,0.8745652795347421,1.0781341569749952
170.2,0.4678374378688038,-1.9063923796573772,0.875208599719334,1.0793686010851429
170.3,0.4671021381644883,-1.9087294739368665,0.8758538502520679,1.0806052503560488
170.39999999999998,0.4663805082373424,-1.9110752579095973,0.8765010317507573,1.0818441033010655
170.5,0.46566367606952236,-1.9134102292324278,0.877150144631035,1.0830851583672725
170.6,0.46494728793176326,-1.9157509750496229,0.8778011890214276,1.084328413918777
170.70000000000002,0.4642120988939117,-1.918092455054702,0.8784541648357862,1.0855738682464509
170.8,0.46347783479653937,-1.9204305602804794,0.8791090718720305,1.0868215196599313
170.89999999999998,0.462743267119083,-1.9227809315101994,0.8797659099340619,1.088071366493531
171.0,0.4620071155615384,-1.925127724705184,0.8804246789924507,1.0893234070633178
171.1,0.46127290112611546,-1.9274808402963914,0.8810853792403787,1.090577639701099
171.20000000000002,0.460543761079677,-1.929845668155418,0.8817480111447266,1.0918340628169163
171.3,0.459827255221095,-1.9322131961810194,0.8824125754108915,1.0930926748886003
171.39999999999998,0.4591112522648119,-1.9345769800105024,0.8830790727559781,1.0943534743375318
171.5,0.4583939931282917,-1.9369427239725163,0.8837475036963198,1.0956164594935338
171.6,0.4576690067995516,-1.9393071813592861,0.8844178683983184,1.0968816286099226
171.70000000000002,0.4569445049310249,-1.9416800643419658,0.8850901665771297,1.0981489798293038
171.8,0.45622736071194736,-1.9440552329947998,0.8857643975006589,1.0994185111624548
171.9,0.4555159335141191,-1.9464373721699517,0.8864405600832397,1.100690220508051
172.0,0.4548036544411321,-1.9488257518302594,0.8871186530761033,1.1019641057155893
172.1,0.4540887083751725,-1.9512122471533304,0.8877986752687347,1.1032401646242738
172.20000000000002,0.45336701963556897,-1.9536012055007945,0.8884806256601846,1.1045183951211746
172.29999999999998,0.4526401543731642,-1.955989250970861,0.8891645035952043,1.10579879517655
172.4,0.4519105135936717,-1.9583825115237081,0.889850308817956,1.1070813628840883
172.5,0.451182141768171,-1.9607933271881492,0.8905380414740539,1.1083660964308015
172.6,0.4504476493315671,-1.9632073160120886,0.8912277020518294,1.109652994047502
172.70000000000002,0.4497095557439153,-1.965623601740027,0.8919192912427277,1.110942054041258
172.79999999999998,0.44897532788475064,-1.9680403176686834,0.8926128097727956,1.1122332747138262
172.9,0.44825184816424685,-1.9704619764067066,0.8933082582755719,1.1135266542908044
173.0,0.4475240877760486,-1.972897091414918,0.8940056372250436,1.1148221909338503
173.1,0.4467862218873369,-1.9753408617154176,0.8947049468928617,1.1161198827386958
173.2,0.446047484971809,-1.9777976497049379,0.8954061873548975,1.1174197277467781
173.29999999999998,0.44531307341581944,-1.9802407253689485,0.8961093585370615,1.1187217239652367
173.4,0.44456671357849087,-1.9826819841057155,0.8968144602355073,1.1200258693822296
173.5,0.44382325835781716,-1.9851276580390085,0.8975214921786531,1.121332161945502
173.60000000000002,0.4430831078031618,-1.9875887122181946,0.8982304541362854,1.1226405996144972
173.7,0.44235752997262184,-1.9900571930490834,0.8989413459755913,1.1239511803798659
173.79999999999998,0.441632167064762,-1.9925323124128886,0.899654167633094,1.1252639022040878
173.9,0.4409040116159695,-1.9950183596092579,0.9003689190919222,1.126578763017841
174.0,0.44017703716654016,-1.9975135340354704,0.9010856003926407,1.1278957607858096
174.10000000000002,0.4394497669383346,-2.000018022996052,0.9018042116151519,1.1292148934851423
174.2,0.4387299380569516,-2.0025161886501395,0.9025247528339754,1.1305361590541299
174.29999999999998,0.43800770178845283,-2.0050072819270848,0.9032472240583418,1.1318595554290392
174.4,0.4372907470255253,-2.0075131087434315,0.9039716251887935,1.1331850805443946
174.5,0.4365790780239726,-2.0100284665220283,0.904697955991199,1.1345127322446735
174.60000000000002,0.4358553933565544,-2.0125494996582955,0.9054262160322114,1.1358425082553936
174.7,0.4351349906569198,-2.0150948184097586,0.9061564046762753,1.1371744062475218
174.8,0.4344095369811778,-2.0176436043507,0.9068885211686953,1.1385084238990757
174.9,0.43368067934119137,-2.020179860093799,0.9076225646512264,1.1398445588814414
175.0,0.4329546419097509,-2.0227269728931296,0.9083585341939104,1.1411828088412617
175.1,0.43222829309446054,-2.025297162673206,0.9090964288981799,1.1425231713641886
175.2,0.4315019088158856,-2.0278714316563797,0.9098362479464631,1.1438656439869066
175.3,0.43075985097282155,-2.030450195485861,0.9105779905670267,1.1452102242702162
175.4,0.43001029078699343,-2.0330257158556413,0.911321655944126,1.146556909796901
175.5,0.42925563635714736,-2.0356120403674782,0.9120672431226288,1.1479056981499476
175.6,0.4285031460263037,-2.0382080444052946,0.9128147509285955,1.149256586829159
175.7,0.4277466268311669,-2.040805559035948,0.9135641779151247,1.150609573170291
175.8,0.426987287431592,-2.043413883914938,0.9143155224272155,1.1519646544183524
175.9,0.4262192405758062,-2.0460276281783005,0.9150687827742418,1.1533218278720323
176.0,0.4254582038073383,-2.0486527585977448,0.9158239574055844,1.1546810908895304
176.1,0.42469348644443056,-2.0512875827307973,0.9165810450730227,1.1560424408565644
176.2,0.4239160114797725,-2.053938647211785,0.9173400449326381,1.1574058752236767
176.3,0.42313696327303724,-2.0565987124605667,0.9181009565486385,1.158771391552263
176.4,0.42236004724625176,-2.059272755808481,0.9188637798154303,1.160138987504295
176.5,0.421588105594284,-2.061938433524743,0.9196285148084501,1.161508660805664
176.6,0.42081712718354225,-2.0646013208132916,0.9203951616048736,1.1628804092384237
176.7,0.42005865599252146,-2.0672726021047834,0.9211637201225455,1.1642542305069161
176.8,0.419289533133391,-2.06994684046542,0.9219341900253963,1.1656301221559942
176.9,0.41852555488272863,-2.0726285235062436,0.9227065707157169,1.1670080816512531
177.0,0.4177713757158864,-2.075302186568641,0.9234808613798062,1.1683881064051733
177.1,0.4170255153082038,-2.077982274878347,0.9242570610718213,1.1697701937812321
177.2,0.41627678362555603,-2.0806504966273853,0.9250351687815991,1.171154341114643
177.3,0.4155303302398904,-2.0833192981085915,0.9258151834839039,1.172540545726131
177.4,0.41478562529852275,-2.0859960832229243,0.9265971041872825,1.1739288049478933
177.5,0.4140398755487516,-2.0886820107083226,0.927380929927321,1.1753191160877894
177.6,0.4132847551399063,-2.091368810461003,0.9281666597269916,1.1767114764773217
177.7,0.4125372945434255,-2.0940546908771998,0.9289542925509031,1.178105883504505
177.8,0.4117891416642587,-2.0967419663907556,0.9297438272315173,1.1795023344745759
177.89999999999998,0.4110447608833546,-2.099434447630647,0.9305352624456682,1.1809008265380747
178.0,0.41029261957115737,-2.102127294526218,0.9313285967865204,1.1823013568149168
178.1,0.40954511003777655,-2.1048232761748387,0.9321238288706402,1.183703922497097
178.20000000000002,0.4088016194415583,-2.107520537886467,0.9329209574241116,1.185108520814833
178.3,0.40805091093416423,-2.1102132210900826,0.9337199813315139,1.1865151489500496
178.39999999999998,0.4072769470745966,-2.1129201404726947,0.9345208996745635,1.187923804170061
178.5,0.4065003616159837,-2.115642491825823,0.9353237117037603,1.189334483875766
178.6,0.40571729025143194,-2.118379078433194,0.9361284167305742,1.190747185411845
178.70000000000002,0.4049234225196837,-2.1211236671741447,0.9369350140537277,1.1921619060780038
178.8,0.4041227191934093,-2.1238770812960786,0.9377435028950584,1.1935786432594222
178.89999999999998,0.4033305403249419,-2.126632648021113,0.9385538823044222,1.1949973943339696
179.0,0.4025450615755397,-2.129378130390493,0.9393661511180188,1.196418156557325
179.1,0.4017563271061226,-2.1321320046112304,0.9401803079641734,1.1978409270379595
179.20000000000002,0.4009530972311899,-2.1348765987329643,0.9409963512974525,1.1992657027774773
179.3,0.40013216091602194,-2.1376282698498463,0.941814279500079,1.200692480810415
179.4,0.39931019255958905,-2.140391206157059,0.9426340909682184,1.2021212582325973
179.5,0.39847776759410697,-2.1431649039578797,0.9434557841338166,1.2035520320953983
179.6,0.39763943197085583,-2.145932048813444,0.9442793574994612,1.204984799461649
179.70000000000002,0.396804149207747,-2.1486957252933903,0.9451048096606994,1.2064195574627035
179.79999999999998,0.39597125964884744,-2.1514693621977474,0.9459321392447736,1.2078563031996148
179.9,0.3951360584579871,-2.154241408566524,0.9467613448255167,1.2092950337154036
180.0,0.3943026929556522,-2.1570187315439027,0.9475924248794282,1.210735746004482
180.1,0.3934648652012065,-2.1597952892760546,0.9484253777733076,1.2121784370156685
180.20000000000002,0.3926236575977616,-2.1625801481494715,0.9492602017735435,1.2136231036689609
180.29999999999998,0.39177997664018605,-2.165364682502812,0.9500968950977937,1.215069742893888
180.4,0.39093414931918324,-2.1681559517704696,0.9509354559811276,1.2165183516605451
180.5,0.39010270036973643,-2.1709554471843457,0.9517758827152335,1.217968926916846
180.6,0.38925855410891613,-2.1737598038386583,0.952618173682512,1.2194214656327291
180.7,0.3884149795506433,-2.1765618271699108,0.9534623273389462,1.2208759648610414
180.79999999999998,0.38757346340324905,-2.179364968299806,0.9543083421536377,1.2223324216436042
180.9,0.3867366371972374,-2.1821755996568197,0.9551562165580363,1.2237908329740557
181.0,0.38590941004923157,-2.184984781106134,0.956005948923739,1.2252511958147951
181.10000000000002,0.385071833397333,-2.1878107665972877,0.9568575375180027,1.2267135070407111
181.2,0.38423531219552737,-2.190632133595432,0.9577109804763569,1.2281777634621764
181.29999999999998,0.3833863774052206,-2.193450790956333,0.958566275870734,1.2296439618744675
181.4,0.3825205901805891,-2.196278354846346,0.9594234217210097,1.2311120990873068
181.5,0.38165726850916504,-2.1991154632435093,0.9602824159592656,1.232582171973488
181.60000000000002,0.38079390711712596,-2.201946534214426,0.9611432564533016,1.2340541773742992
181.7,0.3799276028091941,-2.2047997072991303,0.9620059410200704,1.2355281120698944
181.79999999999998,0.3790671673113924,-2.2076550621625173,0.9628704674191678,1.2370039728042033
181.9,0.37819610993557035,-2.210514106075226,0.9637368334159288,1.2384817563138961
182.0,0.3773360170343149,-2.2133856781128545,0.9646050368159188,1.2399614593228572
182.10000000000002,0.3764695176689829,-2.216267150450872,0.9654750754616678,1.2414430785066812
182.2,0.3755820220953443,-2.2191575356830233,0.9663469472389853,1.2429266106207955
182.3,0.37469469250013415,-2.2220438727190595,0.967220650034332,1.2444120524952895
182.4,0.37381047250910393,-2.2249368694020206,0.9680961817359761,1.2458994008747215
182.5,0.3729127905731177,-2.227836625930327,0.9689735402290147,1.2473886524831506
182.6,0.3720167017420336,-2.2307456540518857,0.9698527233318232,1.2488798040746576
182.7,0.37111528246617126,-2.233654730197032,0.9707337287807787,1.2503728523911526
182.8,0.3702117303033393,-2.2365757159221067,0.9716165542218523,1.2518677941444827
182.9,0.3693003764686844,-2.2395003540828937,0.9725011971688803,1.2533646260212448
183.0,0.3683914051980245,-2.242421165673653,0.9733876550376805,1.25486334467014
183.1,0.367488388563464,-2.2453461705803526,0.9742759252405543,1.2563639466792007
183.2,0.3665863890760871,-2.248276708829177,0.9751660052945957,1.2578664286558938
183.3,0.3656766517545046,-2.2512206741317176,0.9760578928755801,1.2593707873227389
183.4,0.3647656405171447,-2.2541658454771136,0.9769515858023189,1.260877019468684
183.5,0.36385966536271347,-2.2571151151813282,0.977847082060573,1.2623851219046354
183.6,0.36295473076254875,-2.260070135733626,0.9787443797958628,1.2638950914781582
183.7,0.36204670854751203,-2.2630307839999633,0.9796434772039266,1.2654069250519486
183.8,0.3611400262144394,-2.2659922038464324,0.9805443724445373,1.2669206194711884
183.9,0.3602273814435447,-2.268950926190894,0.9814470636368301,1.2684361716050954
184.0,0.3593211133464928,-2.2719201956561634,0.9823515488414792,1.269953578331918
184.1,0.35841421609399393,-2.274895539680182,0.9832578260240143,1.2714728364536916
184.2,0.3574958039452579,-2.277869806737145,0.9841658930999969,1.272993942739932
184.3,0.35657819189548673,-2.280851652670382,0.9850757480114931,1.2745168939929126
184.4,0.35565328178200767,-2.283848047843233,0.9859873887223042,1.2760416869787488
184.5,0.3547174965675727,-2.2868472639570103,0.9869008132509974,1.2775683185115383
184.6,0.35378094530133086,-2.289860341391382,0.987816019725971,1.2790967855111535
184.7,0.35283452756926414,-2.2928802948647196,0.9887330063630095,1.2806270849286994
184.8,0.35188746649556035,-2.295918850778797,0.9896517714256683,1.2821592137714815
184.9,0.3509462529522642,-2.2989638271544304,0.9905723131527633,1.2836931690154718
185.0,0.35000286183538726,-2.30200959470998,0.9914946297444752,1.2852289474897391
185.1,0.3490434027780422,-2.3050601964830273,0.9924187193801253,1.286766546030147
185.2,0.34809262280622705,-2.308113049688843,0.9933445802110368,1.2883059616041606
185.3,0.3471475676545835,-2.3111724257017983,0.9942722103629025,1.2898471911571883
185.39999999999998,0.3462003930925312,-2.314240801243157,0.9952016079367458,1.2913902315880674
185.5,0.3452589646298396,-2.3173180261391737,0.9961327709925146,1.2929350798345354
185.6,0.3443185341627445,-2.320382802890375,0.9970656975911232,1.2944817328221878
185.70000000000002,0.3433894994284207,-2.3234583689642725,0.9980003858742401,1.2960301874751678
185.8,0.34245448310483767,-2.3265318563511332,0.9989368340109517,1.2975804406929508
185.89999999999998,0.3415094265350553,-2.3296117967432095,0.9998750401346528,1.2991324893985132
186.0,0.3405695216649628,-2.3326890205941626,1.000815002310179,1.3006863305598555
186.1,0.3396315631344053,-2.335773321469752,1.001756718495449,1.3022419610912965
186.20000000000002,0.3386984356965596,-2.33886283565735,1.0027001864865266,1.3037993778864772
186.3,0.33777071743693704,-2.341940823384959,1.0036454039062666,1.3053585777583077
186.39999999999998,0.3368396732349178,-2.3450249859488177,1.0045923682733662,1.3069195574073738
186.5,0.3359049328320386,-2.3481081397457095,1.0055410770521829,1.3084823135954784
186.6,0.33497462630967856,-2.3512025950817415,1.0064915276726798,1.3100468430991614
186.70000000000002,0.33403346100036024,-2.3542978083747443,1.0074437175377662,1.311613142618035
186.8,0.33308675954679484,-2.357392762161961,1.0083976441171232,1.3131812089079289
186.9,0.33212994833490167,-2.360490296708557,1.0093533050334274,1.3147510388165302
187.0,0.3311716504146919,-2.363606906543195,1.0103106980354164,1.3163226292428674
187.1,0.3302151867633816,-2.3667294552249576,1.0112698209891968,1.3178959772184669
187.20000000000002,0.3292649146562806,-2.3698487281246043,1.0122306719165883,1.3194710797508717
187.29999999999998,0.32828977848777025,-2.3729737547080556,1.0131932489611326,1.3210479337500352
187.4,0.32730923314106536,-2.3760983137822818,1.0141575503464213,1.3226265362469642
187.5,0.3263177516929708,-2.379229377754194,1.015123574362521,1.3242068843817227
187.6,0.32532245842694757,-2.382376216444574,1.0160913192403243,1.325788975318882
187.70000000000002,0.3243351654389862,-2.3855161962829285,1.0170607830565774,1.3273728061893928
187.79999999999998,0.32334701135183225,-2.3886607002316533,1.0180319637779955,1.3289583739707327
187.9,0.32234753742801314,-2.391805018348165,1.0190048592741212,1.3305456755546536
188.0,0.3213387701587617,-2.3949641559839505,1.0199794673302054,1.332134707873148
188.1,0.32031995200380264,-2.3981243908007572,1.0209557857271223,1.3337254679954502
188.2,0.31930505560940586,-2.401298872394139,1.0219338122566306,1.3353179529824284
188.29999999999998,0.3182749062689333,-2.4044666126231187,1.0229135447543822,1.3369121598585159
188.4,0.31725230254047226,-2.40765482599741,1.0238949811684122,1.3385080857615814
188.5,0.3162283596396717,-2.4108512383283114,1.024878119445723,1.3401057277584667
188.60000000000002,0.3151902547075961,-2.414055866702434,1.0258629575251133,1.341705082837985
188.7,0.3141457433112356,-2.4172706520611555,1.0268494934316337,1.3433061481767654
188.79999999999998,0.3131114310458081,-2.4205017175676815,1.0278377252235038,1.344908921034723
188.9,0.31208011063894964,-2.4237380068323096,1.0288276509610914,1.3465133986018363
189.0,0.31104579979217134,-2.426978391232441,1.0298192687287482,1.3481195780603952
189.10000000000002,0.31001862954284504,-2.43022281473527,1.0308125766047704,1.3497274565686697
189.2,0.30898589264917936,-2.4334696249398386,1.0318075726202123,1.3513370312056072
189.29999999999998,0.3079365012181775,-2.436703039401167,1.0328042548074106,1.352948299118786
189.4,0.30687978193264914,-2.4399320084890896,1.0338026212555342,1.3545612575531907
189.5,0.305815331196712,-2.443164847639662,1.0348026701079853,1.356175903787697
189.60000000000002,0.30474362140910144,-2.446404512310797,1.035804399565287,1.35779223515395
189.7,0.3036674096476249,-2.44966478309309,1.0368078078371812,1.3594102489739748
189.8,0.30258894299807515,-2.4529366085629953,1.0378128930563966,1.361029942489737
189.9,0.3014940147429553,-2.456200430633768,1.0388196533606648,1.3626513129454159
190.0,0.3003950448545133,-2.459476215113124,1.0398280869749685,1.3642743577800822
190.1,0.29930886590615796,-2.4627486562340226,1.0408381921272252,1.3658990745073676
190.2,0.2982190177108523,-2.4660303067733547,1.0418499669819807,1.3675254603913967
190.3,0.29711915267689026,-2.4693191948521216,1.0428634096501657,1.369153512648098
190.4,0.29602362931352516,-2.4726140606438025,1.043878518272617,1.3707832287421666
190.5,0.294937333329956,-2.475916752962689,1.044895291021123,1.3724146061638136
190.6,0.29384434928727426,-2.479217742653613,1.0459137261000528,1.3740476422446035
190.7,0.29272927244793606,-2.4825358007917635,1.046933821769171,1.3756823342869509
190.8,0.2916012287606791,-2.4858593681843173,1.0479555762893955,1.3773186797610548
190.9,0.29048515534487523,-2.489179901123008,1.0489789880228035,1.3789566762183838
191.0,0.2893565491773004,-2.4925107856586424,1.0500040554721926,1.3805963211597103
191.1,0.2882291268439596,-2.495842893213309,1.0510307771750034,1.3822376121937747
191.2,0.2871092813321975,-2.4991842788725593,1.0520591516523263,1.3838805469724622
191.3,0.28597793085510387,-2.5025325391140028,1.0530891772990385,1.3855251230343322
191.4,0.2848418911472391,-2.5058799784945447,1.0541208523429966,1.3871713378976218
191.5,0.2837054882742715,-2.5092397016530232,1.0551541749347793,1.3888191891188122
191.6,0.28256733341238105,-2.512606871422948,1.0561891431731092,1.3904686742428036
191.7,0.2814231579498368,-2.515982460320557,1.057225755170417,1.3921197908085394
191.8,0.28027976343501393,-2.519367726285795,1.0582640091504305,1.3937725364472144
191.9,0.27913650014237046,-2.522750841690307,1.0593039034774638,1.3954269088419706
192.0,0.27799123021951233,-2.5261386067611897,1.06034543666867,1.3970829056758598
192.1,0.2768439437361512,-2.5295342063225728,1.0613886073258594,1.398740524684244
192.2,0.27569473006503015,-2.532944540762918,1.0624334139955214,1.4003997635972143
192.3,0.27453324963271203,-2.536364883078049,1.0634798550393296,1.4020606201234362
192.4,0.2733687425862708,-2.5397791262131317,1.0645279286558915,1.403723092010342
192.5,0.2722053200712026,-2.543194359832846,1.0655776329829847,1.405387176966427
192.6,0.2710394993883656,-2.5466037757978346,1.0666289661909094,1.407052872679376
192.7,0.2698712493282539,-2.550010247462631,1.0676819266417086,1.4087201769822393
192.8,0.268712476324249,-2.553422461891148,1.0687365129137616,1.410389087741728
192.89999999999998,0.2675469393657042,-2.556829335540256,1.069792723797138,1.4120596027646677
193.0,0.2663713266965896,-2.56024554345849,1.0708505582985464,1.4137317199790018
193.1,0.26520127428836804,-2.563661323067169,1.0719100155190446,1.4154054374084535
193.20000000000002,0.26401100023717905,-2.5670889157878665,1.0729710945308173,1.41708075311106
193.3,0.2628226391884953,-2.5705199010486504,1.0740337942155571,1.4187576652207943
193.39999999999998,0.261635053413324,-2.57395658436724,1.0750981131599788,1.4204361717866818
193.5,0.2604560743741943,-2.577397741965192,1.0761640496927596,1.4221162707016448
193.6,0.2592763746793714,-2.58084422117776,1.0772316019712231,1.4237979598198856
193.70000000000002,0.2580984248463875,-2.5842972649303957,1.0783007680623085,1.4254812369619156
193.8,0.256907879134021,-2.5877492127898014,1.0793715460638698,1.4271660999992684
193.89999999999998,0.25572037776946116,-2.591207204526195,1.0804439342174024,1.4288525469007118
194.0,0.25452606847359005,-2.5946614855538552,1.0815179309390814,1.4305405757085268
194.1,0.2533357837883173,-2.5981186368074907,1.0825935348541111,1.4322301844981633
194.20000000000002,0.2521377499209306,-2.601593903258429,1.083670744705236,1.4339213713689052
194.3,0.25093519209199155,-2.60508611221654,1.0847495591522334,1.435614134480476
194.4,0.24973342372288407,-2.608587227671938,1.0858299767004111,1.4373084720536957
194.5,0.24854355753184926,-2.6121001921095814,1.0869119957187414,1.4390043822732843
194.6,0.24735541921427023,-2.615611201841561,1.0879956144491123,1.4407018631826893
194.70000000000002,0.24615000287980074,-2.6191147125899126,1.0890808311258446,1.4424009128331345
194.79999999999998,0.24494813946665356,-2.6226099632498157,1.0901676441303305,1.4441015294333877
194.9,0.24373804241467942,-2.6261060355418233,1.0912560520502161,1.4458037112342892
195.0,0.24251844915685156,-2.629611326163305,1.0923460535888039,1.4475074565123809
195.1,0.24129550938788982,-2.633114397957194,1.0934376475293182,1.449212763691342
195.20000000000002,0.2400800067073561,-2.636630395781347,1.0945308327413332,1.450919631254161
195.29999999999998,0.23886755404933374,-2.640155711272022,1.0956256080317137,1.452628057583251
195.4,0.23765216485987276,-2.6436857415628516,1.0967219720837151,1.4543380409571078
195.5,0.2364258190009072,-2.6472146579345304,1.0978199235880357,1.4560495796778548
195.6,0.2351914196674361,-2.650766180196712,1.098919461261287,1.4577626721978338
195.7,0.23396257137426127,-2.6543182842173776,1.100020583769051,1.4594773170498068
195.79999999999998,0.23273657024181219,-2.657879525958474,1.1011232898619716,1.46119351279187
195.9,0.23151477175641966,-2.661447081225838,1.1022275783701188,1.4629112579684833
196.0,0.23028479992369227,-2.6650054106416734,1.103333448164635,1.4646305511869384
196.10000000000002,0.22907513981694894,-2.6685601116886035,1.1044408982932936,1.466351391146743
196.2,0.2278612522396031,-2.67211959112031,1.1055499279001504,1.468073776453438
196.29999999999998,0.22664526156715506,-2.675676071253929,1.1066605362148696,1.469797705750541
196.4,0.225420333623487,-2.679247193790594,1.1077727225919012,1.4715231778781757
196.5,0.22419578586976097,-2.682819956156469,1.1088864863988277,1.4732501916946301
196.60000000000002,0.22297271631374566,-2.6864009143164007,1.1100018270557683,1.474978746022566
196.7,0.22175081356954013,-2.6899852981266936,1.111118744092237,1.4767088397195216
196.79999999999998,0.2205272326054671,-2.6935657745627526,1.1122372371456188,1.4784404717210533
196.9,0.21931013967682117,-2.697151093905983,1.113357305991402,1.4801736409798598
197.0,0.2180818489147118,-2.7007473454371027,1.1144789504431614,1.4819083464305443
197.10000000000002,0.2168470474220164,-2.704347673851447,1.1156021702645103,1.4836445870671533
197.2,0.21561161748443108,-2.707954064212387,1.1167269651811609,1.4853823619241002
197.3,0.21436272986041252,-2.7115590973580432,1.1178533348400999,1.4871216699900616
197.4,0.2131059632521357,-2.7151604568335843,1.1189812788038322,1.4888625102738888
197.5,0.21184274620460453,-2.7187649910635137,1.1201107965764845,1.4906048818518924
197.6,0.2105808626564132,-2.7223772069331273,1.121241887542583,1.4923487837384268
197.7,0.2093077968799176,-2.725999165637413,1.1223745509922074,1.4940942149575
197.8,0.2080436449701577,-2.729635732611748,1.1235087861906627,1.4958411746683589
197.9,0.20678444686436537,-2.733280700520636,1.1246445923713075,1.4975896619960287
198.0,0.20552936628921942,-2.736934721420616,1.125781968807556,1.4993396760085376
198.1,0.20427626893901457,-2.740596721752028,1.1269209148128032,1.501091215830628
198.2,0.20303120804239727,-2.7442501053941775,1.128061429775802,1.5028442805760636
198.3,0.20177911791200642,-2.747922648562119,1.1292035132101348,1.5045988694031842
198.4,0.20052502753674972,-2.7515968537672015,1.1303471645740535,1.50635498156752
198.5,0.19927173229678044,-2.7552722193051387,1.1314923832875254,1.5081126163509981
198.6,0.19801476355606262,-2.758956921658059,1.1326391688055215,1.5098717730203843
198.7,0.19674836457651157,-2.7626415686242694,1.1337875205495502,1.5116324508799428
198.8,0.19549360178527578,-2.766326846294213,1.1349374380185016,1.5133946493115769
198.9,0.1942327056156522,-2.770003725002989,1.136088920926078,1.5151583677586025
199.0,0.19297821378365426,-2.773682925096083,1.1372419692285318,1.5169236056872892
199.1,0.19172458234337936,-2.7773706410599064,1.1383965831345162,1.5186903626118409
199.2,0.19046989616512944,-2.781079685462332,1.1395527630430136,1.5204586381333898
199.3,0.18920126784453709,-2.7847869321885232,1.1407105094195846,1.5222284319402197
199.4,0.1879350667756259,-2.788496883140823,1.1418698227958575,1.5239997437777557
199.5,0.1866758339437592,-2.7922016743986333,1.1430307037830236,1.5257725733465748
199.6,0.18539507860259732,-2.795907254086767,1.1441931530045577,1.527546920277577
199.7,0.18410426599545754,-2.799610675766654,1.1453571710652166,1.5293227843448614
199.8,0.18281174963446936,-2.803326102080568,1.146522758531749,1.5311001654434355
199.9,0.18151993407140946,-2.807052897130507,1.147689915816266,1.5328790634011191
200.0,0.18022812631307794,-2.810775938919159,1.1488586431923133,1.5346594779363538
200.1,0.17892799341740645,-2.8145070225006625,1.1500289409514093,1.5364414087702611
200.2,0.17762124197781579,-2.8182393866204714,1.151200809420662,1.5382248557100338
200.3,0.1763065455897333,-2.8219816244586955,1.152374248953049,1.5400098185958941
200.39999999999998,0.1749854328104435,-2.8257298641705697,1.1535492599285089,1.541796297309139
200.5,0.17365226535636072,-2.829475136117777,1.1547258427630303,1.5435842917977702
200.6,0.1723125268822301,-2.8332231921407343,1.155903997896282,1.5453738020564578
200.70000000000002,0.17097326506533128,-2.836969682645725,1.1570837257142694,1.5471648280672328
200.8,0.1696371958432975,-2.840719003407829,1.1582650265529846,1.5489573697668166
200.89999999999998,0.16829682041952437,-2.844470759886368,1.1594479007032386,1.5507514270993916
201.0,0.16695583144779094,-2.8482261519750414,1.1606323483588001,1.5525469999635308
201.1,0.16560170185220727,-2.851985585361228,1.161818369666634,1.554344088260558
201.20000000000002,0.16424503152089748,-2.8557632638538886,1.1630059647695126,1.5561426920649999
201.3,0.16288668722740776,-2.859544807506103,1.1641951337091072,1.5579428114681517
201.39999999999998,0.16151794094570812,-2.8633289734782132,1.1653858764793363,1.559744446465518
201.5,0.1601396892402889,-2.867115968145287,1.1665781931693135,1.5615475971623114
201.6,0.15875229385794792,-2.87090590474015,1.1677720839544528,1.5633522637442612
201.70000000000002,0.15735650879240484,-2.874698028163573,1.1689675491204599,1.5651584463358945
201.8,0.15594225904321368,-2.8785069809478894,1.1701645890444812,1.5669661450619705
201.9,0.15452705102332373,-2.8823085199515366,1.1713632042254243,1.568775360163133
202.0,0.15309992877265488,-2.8861190013388627,1.1725633953562355,1.5705860919788384
202.1,0.15167843416942423,-2.88992621040732,1.1737651631969266,1.5723983408783202
202.20000000000002,0.15026156496246923,-2.893729858763342,1.1749685085367958,1.574212107191431
202.29999999999998,0.14884330764478448,-2.8975364264192542,1.1761734322029576,1.5760273912147544
202.4,0.1474242559065998,-2.901344246870952,1.1773799350142036,1.5778441933400946
202.5,0.14600094690988874,-2.9051587244895267,1.1785880177565424,1.5796625140085176
202.6,0.14457407861306307,-2.9089843672765365,1.1797976810889848,1.5814823536675706
202.70000000000002,0.14315641358176637,-2.912804879212449,1.1810089255720617,1.583303712749305
202.79999999999998,0.14173303366566017,-2.9166357792475526,1.1822217517573068,1.585126591658132
202.9,0.14030265998382674,-2.9204603677274923,1.1834361601391121,1.5869509908470179
203.0,0.1388611388330378,-2.9242792205845953,1.1846521511965715,1.5887769108462324
203.1,0.13741929282353568,-2.9281043363547314,1.1858697254158208,1.5906043522079845
203.2,0.13596759099376082,-2.9319254452680337,1.1870888832382485,1.5924333154271306
203.29999999999998,0.13449585620331755,-2.9357458114110058,1.188309625146573,1.5942638011131598
203.4,0.1330300675398345,-2.9395510526268285,1.1895319517268175,1.5960958100193205
203.5,0.13156034151606788,-2.9433496620591537,1.1907558637245885,1.5979293427948176
203.60000000000002,0.13008076250961179,-2.9471479134411855,1.1919813620856237,1.5997644000854339
203.7,0.1285934939076784,-2.950945819843591,1.1932084479129403,1.6016009826557949
203.79999999999998,0.12709843073288438,-2.9547468496786875,1.19443712242449,1.603439091312096
203.9,0.12560153613134295,-2.9585512133262717,1.1956673868788512,1.6052787268297732
204.0,0.12409381112208931,-2.962354173520283,1.1968992425258933,1.6071198899741435
204.10000000000002,0.12258309355027769,-2.9661497841048554,1.198132690652466,1.608962581598786
204.2,0.12107443226492302,-2.9699504202727867,1.1993677325824792,1.610806802600942
204.29999999999998,0.11956102642823202,-2.9737495800181777,1.2006043696189856,1.6126525538472218
204.4,0.1180502585100284,-2.9775593270752276,1.2018426030353393,1.6144998362378158
204.5,0.11655050259159493,-2.981367150119589,1.2030824341070177,1.6163486507166969
204.60000000000002,0.11504968129859174,-2.985181389134599,1.2043238641028002,1.6181989981965295
204.7,0.11355101985106959,-2.9889908197714337,1.2055668942560764,1.620050879583297
204.8,0.11203975685622057,-2.9928011839880027,1.20681152575918,1.621904295800781
204.9,0.11052294353736497,-2.9966126270583264,1.208057759769256,1.6237592479053917
205.0,0.10902036956632193,-3.0004288257346863,1.2093055974068243,1.625615737025175
205.1,0.10751561235276968,-3.004248380909824,1.2105550397257747,1.6274737641566637
205.2,0.10600652695171199,-3.0080572177660887,1.2118060878300576,1.6293333303060882
205.3,0.10448616215240614,-3.011870771334112,1.2130587429744852,1.6311944365815634
205.4,0.10296810402555372,-3.015696749654883,1.2143130064683891,1.6330570840732703
205.5,0.10144434094610139,-3.0195414656281816,1.2155688796031803,1.6349212738407144
205.6,0.09990817847257556,-3.0233879939943984,1.216826363657839,1.6367870069917385
205.7,0.09836408949643485,-3.027244731881048,1.2180854598598523,1.638654284667272
205.8,0.09680999574762905,-3.0310981192310367,1.2193461693659782,1.640523108081043
205.9,0.09526091467867151,-3.0349571070307033,1.2206084932798058,1.6423934785402343
206.0,0.09370645777610054,-3.038806314360704,1.2218724326716868,1.6442653973588233
206.1,0.092147454220134,-3.0426675672973458,1.2231379886080296,1.6461388658311993
206.2,0.09057393186075355,-3.0465276202456955,1.2244051621101737,1.6480138852650954
206.3,0.08899916751047668,-3.0503861056709547,1.2256739542609159,1.6498904570674062
206.4,0.08743820486596059,-3.054243710683534,1.2269443663504263,1.651768582698652
206.5,0.08588020784095259,-3.0581111520803956,1.228216399788073,1.6536482634702887
206.6,0.08432714972812937,-3.061973526629305,1.2294900560971218,1.655529500648992
206.7,0.08276992656953977,-3.0658362638628764,1.2307653370060434,1.6574122955964388
206.8,0.08120076081178469,-3.069695920444579,1.2320422443659862,1.6592966497408217
206.9,0.07962739241517466,-3.073564030465546,1.2333207799978114,1.6611825645362572
207.0,0.07805390840787246,-3.077436674850003,1.234600945596298,1.6630700413736892
207.1,0.07646332442907892,-3.081312111932813,1.2358827427776244,1.6649590816555035
207.2,0.07486273355092582,-3.0852035704970695,1.2371661730939125,1.6668496869181273
207.3,0.07325374164502328,-3.089098446857208,1.2384512380067934,1.6687418587772391
207.4,0.07163978388621726,-3.0930106258468175,1.2397379389372403,1.6706355988403387
207.5,0.070022766892325,-3.0969211548004836,1.241026277322334,1.6725309087269273
207.6,0.0684110065809097,-3.1008406734625606,1.2423162547401103,1.6744277900779048
207.7,0.06679668638677756,-3.10476802207906,1.2436078728733018,1.6763262444978937
207.8,0.06518457781944002,-3.108692667154451,1.2449011334532238,1.678226273526263
207.89999999999998,0.06356376109483115,-3.112618570962964,1.2461960383410569,1.6801278787526344
208.0,0.061935749165287414,-3.11654590381889,1.2474925894227478,1.6820310618427192
208.1,0.06031280027761439,-3.1204640720913694,1.2487907885342109,1.6839358244407447
208.20000000000002,0.05869218856433889,-3.124398011066647,1.2500906375357836,1.6858421681522566
208.3,0.05706773028552426,-3.12834976103974,1.251392138233983,1.6877500946303057
208.39999999999998,0.055440004235907545,-3.1323018134999794,1.2526952923417334,1.6896596055886948
208.5,0.05381689862064745,-3.1362586275182127,1.2540001015899545,1.691570702726896
208.6,0.05217958771810715,-3.140217432787324,1.2553065677617232,1.6934833877591458
208.70000000000002,0.050532376313663516,-3.1441737532885528,1.256614692657842,1.6953976624287503
208.8,0.048884899636023244,-3.148144814251827,1.2579244780843069,1.6973135285100198
208.89999999999998,0.0472399119249714,-3.1521109436757095,1.259235925850847,1.6992309878101526
209.0,0.04559331551305118,-3.156075503907321,1.260549037790168,1.7011500420993753
209.1,0.04394505294644898,-3.160042620508384,1.2618638157718998,1.7030706931927675
209.20000000000002,0.042305370876485594,-3.164010842225489,1.2631802616837287,1.704992942960139
209.3,0.04065793679649299,-3.167984101334292,1.2644983774129581,1.70691679328218
209.4,0.03901297111342142,-3.1719545544626517,1.2658181648197886,1.7088422460718986
209.5,0.03736941979687259,-3.17592444119358,1.26713962574115,1.7107693031951208
209.6,0.03573278352386986,-3.1799119463869263,1.2684627620129592,1.7126979664661282
209.70000000000002,0.03408531826669337,-3.1839028115217527,1.2697875754612968,1.7146282378026114
209.79999999999998,0.032445895142218156,-3.1879009438358374,1.2711140679082296,1.716560119264514
209.9,0.030811148488015725,-3.1918875535619198,1.2724422411650127,1.7184936129603312
210.0,0.02918014698381986,-3.195868697331833,1.273772097015889,1.7204287209190001
210.1,0.02753853921819517,-3.1998364205399303,1.2751036372615732,1.7223654452497144
210.20000000000002,0.025911670863416548,-3.2038086637009724,1.2764368637310657,1.7243037881874403
210.29999999999998,0.024293847601692516,-3.2077773660464346,1.2777717782387379,1.726243751934589
210.4,0.022678594877438823,-3.2117485662187373,1.2791083826160645,1.7281853386347643
210.5,0.021066810673523995,-3.2157193185716557,1.2804466787529196,1.7301285504455548
210.6,0.019451366453264382,-3.219693773757046,1.2817866685904242,1.732073389483213
210.7,0.017832534590682493,-3.223676368892697,1.2831283541061285,1.7340198578505919
210.79999999999998,0.01621959636967364,-3.227661344847816,1.284471737354038,1.7359679576972986
210.9,0.014594551703219643,-3.2316561665834156,1.2858168204538394,1.7379176911666503
211.0,0.012969086426399053,-3.2356721532215613,1.2871636054890678,1.7398690604176383
211.10000000000002,0.011348672843742592,-3.239694940909265,1.2885120944684754,1.7418220676217944
211.2,0.009719798654558529,-3.2437259209295415,1.289862289381598,1.7437767149702692
211.29999999999998,0.00808485847981367,-3.247751486585556,1.291214192225548,1.7457330047337252
211.4,0.006440373168191251,-3.251786713013608,1.2925678050098726,1.747690939240088
211.5,0.004794102539692308,-3.255828901951449,1.2939231297470764,1.7496505208783728
211.60000000000002,0.0031431228304558507,-3.259863734526953,1.2952801684698523,1.7516117520290437
211.7,0.001480284934178379,-3.2639010314928836,1.2966389232674258,1.7535746349935786
211.79999999999998,-0.0001894757901021378,-3.26794417631073,1.297999396269897,1.7555391720380686
211.9,-0.0018706024420058298,-3.271992517988049,1.2993615896581547,1.7575053654596964
212.0,-0.003551438268374874,-3.276049944805074,1.30072550569998,1.7594732176550376
212.10000000000002,-0.005230344060435521,-3.2801144515990575,1.3020911466782843,1.761442730980937
212.2,-0.00692523691558208,-3.2841905987560005,1.3034585147788895,1.7634139076746318
212.3,-0.008617195357383681,-3.288256727522176,1.3048276121512732,1.7653867500463036
212.4,-0.010309843945087695,-3.292319170088476,1.3061984409713976,1.767361260499651
212.5,-0.011986004679350942,-3.2963699025602504,1.3075710034169452,1.7693374414168759
212.6,-0.01366656736352294,-3.300417158202992,1.3089453016749375,1.7713152951787
212.7,-0.015337978557574876,-3.304465572498224,1.3103213380054006,1.773294824302657
212.8,-0.017007935662084264,-3.30851967979129,1.3116991146598587,1.7752760313343345
212.9,-0.018678989345300996,-3.31257461528618,1.3130786338060343,1.7772589186847847
213.0,-0.020359529291383363,-3.3166300725260034,1.314459897639465,1.7792434888275308
213.1,-0.02204075158065675,-3.320690676002512,1.3158429083821002,1.7812297443299674
213.2,-0.023710259653178214,-3.3247526135968184,1.317227668239517,1.7832176877637664
213.3,-0.025372112873419835,-3.3288218099179177,1.3186141794416453,1.78520732171931
213.4,-0.027023821573551703,-3.3328915291234367,1.320002444242707,1.7871986488255334
213.5,-0.028675125958381533,-3.336961396643299,1.3213924648962196,1.7891916716706604
213.6,-0.03033261619988389,-3.3410431735463675,1.3227842436838895,1.7911863928551064
213.7,-0.03199069728376608,-3.3451331639053525,1.3241777829126213,1.793182815059047
213.8,-0.03364187254354974,-3.3492229771713675,1.3255730848504383,1.795180940839378
213.9,-0.03529908683322653,-3.3533133635952543,1.326970151778449,1.797180772612625
214.0,-0.036961015167089384,-3.357412271098857,1.3283689860361665,1.7991823128019957
214.1,-0.03862648931630828,-3.361510427682989,1.3297695899615278,1.8011855638062617
214.2,-0.0402971399777298,-3.365613525618123,1.3311719658728933,1.8031905279477949
214.3,-0.04197650730278214,-3.3697188555440802,1.3325761160804115,1.8051972075163223
214.4,-0.0436792377727395,-3.3738308877695897,1.3339820428842712,1.8072056048815646
214.5,-0.045373679978646074,-3.3779475569629898,1.3353897485488038,1.8092157224890872
214.6,-0.04707247377219291,-3.3820638900749325,1.3367992353299563,1.8112275628204457
214.7,-0.04878070559413892,-3.386169852789928,1.338210505555325,1.8132411284970409
214.8,-0.0504836637068672,-3.3902782459568717,1.3396235615968652,1.8152564222473828
214.9,-0.052185483370447885,-3.3943940116680547,1.3410384057897402,1.8172734467708376
215.0,-0.05387648609023569,-3.3985090487464165,1.342455040440752,1.819292204718272
215.1,-0.05557813904386941,-3.4026206808563337,1.3438734679041493,1.8213126987662025
215.2,-0.057287227651694764,-3.406736622611391,1.3452936905646933,1.823334931616584
215.3,-0.05900744172878871,-3.4108531379430933,1.3467157107551682,1.8253589059340252
215.39999999999998,-0.06072774232962098,-3.414967990212556,1.3481395308151447,1.82738462438539
215.5,-0.062448944447916155,-3.419096167963913,1.349565153156088,1.8294120897266415
215.6,-0.06417548763630815,-3.4232198500823627,1.350992580189303,1.831441304706604
215.70000000000002,-0.06591823635042351,-3.427352008834374,1.3524218142864224,1.8334722720247718
215.8,-0.06766826537975798,-3.431486577316535,1.3538528578442985,1.8355049944654231
215.89999999999998,-0.06943038098856918,-3.4356224747871447,1.355285713290912,1.8375394749006904
216.0,-0.07118710656101752,-3.439764010333591,1.3567203830185002,1.8395757161447381
216.1,-0.0729416098622429,-3.443908305267481,1.3581568694248247,1.8416137209852494
216.20000000000002,-0.07469590957997894,-3.448066088246897,1.3595951749794437,1.8436534922665242
216.3,-0.07645422750951494,-3.4522316068763,1.361035302119851,1.8456950327974657
216.39999999999998,-0.07820961882581627,-3.4563955408616027,1.3624772532321185,1.8477383453213951
216.5,-0.07995673180748167,-3.460561928862532,1.3639210307063476,1.8497834325170497
216.6,-0.08172988343679033,-3.464727537598309,1.3653666369593125,1.8518302970724663
216.70000000000002,-0.08351295967692196,-3.4688903757946,1.3668140744485149,1.8538789417978252
216.8,-0.08528965497838217,-3.473066036166427,1.3682633455716895,1.8559293694397447
216.9,-0.08706934921693212,-3.4772431039395935,1.369714452701791,1.8579815827037698
217.0,-0.08883366141098727,-3.4814272044138583,1.3711673982594597,1.8600355843604355
217.1,-0.09059711178412207,-3.4856140836073375,1.3726221846885827,1.862091377197822
217.20000000000002,-0.09236639832221236,-3.4898045028073756,1.3740788144462974,1.8641489640259497
217.29999999999998,-0.09414178063150357,-3.4939890043967665,1.3755372899720466,1.866208347670865
217.4,-0.0959199675274628,-3.498174449728411,1.3769976137058437,1.868269530969538
217.5,-0.09770373098170229,-3.502355624185709,1.3784597880912932,1.8703325167642557
217.6,-0.09949019333568727,-3.506545170721513,1.379923815563244,1.8723973078838039
217.70000000000002,-0.10127656701290913,-3.5107356490368034,1.3813896985368237,1.874463907149229
217.79999999999998,-0.10304751183133154,-3.5149298587858926,1.3828574393979065,1.8765323173041908
217.9,-0.10482545394966779,-3.519122063482087,1.384327040531426,1.878602541046656
218.0,-0.10660046732603047,-3.5233260390143317,1.3857985043077805,1.8806745810368988
218.1,-0.10837239094771695,-3.5275344071667587,1.3872718330624219,1.882748439871059
218.2,-0.11015682034698651,-3.531736285872568,1.3887470291028245,1.8848241200612532
218.29999999999998,-0.11195338739334139,-3.53593809480935,1.3902240946949191,1.8869016240633458
218.4,-0.1137485017652148,-3.540144927464998,1.3917030320815067,1.888980954327665
218.5,-0.11554407433551912,-3.544349976522797,1.3931838434905157,1.8910621132868874
218.60000000000002,-0.11734944100236237,-3.548562371218209,1.394666531121573,1.893145103345413
218.7,-0.11916887037483896,-3.5527866151030985,1.3961510972022482,1.8952299270374777
218.79999999999998,-0.12097619044484632,-3.5570171509316713,1.3976375440320488,1.8973165870522115
218.9,-0.12280157938591885,-3.5612537884330515,1.3991258739342516,1.8994050861206926
219.0,-0.12463032546243323,-3.5654949620108556,1.4006160892563888,1.9014954270175637
219.10000000000002,-0.12645932120058087,-3.5697209336653164,1.4021081924198127,1.9035876126322178
219.2,-0.12828614289848972,-3.57394459794178,1.403602185873791,1.9056816458508181
219.29999999999998,-0.13010344639208846,-3.578161471326509,1.4050980720286295,1.90777752947417
219.4,-0.13191414480501804,-3.5823878230785513,1.4065958532701826,1.9098752662360363
219.5,-0.13372427079277172,-3.586614991711432,1.4080955319328226,1.9119748587716674
219.60000000000002,-0.13554988519214622,-3.5908327781256295,1.4095971102673082,1.9140763096220428
219.7,-0.13736752625765003,-3.5950421378890365,1.411100590527239,1.9161796213835727
219.8,-0.1391776436899129,-3.599250282099604,1.4126059749484137,1.9182847966454664
219.9,-0.14099157717875088,-3.6034515262057973,1.4141132656348623,1.920391837798927
220.0,-0.1428177504530624,-3.607667955359929,1.4156224646738338,1.9225007472436444
220.1,-0.1446455536997842,-3.6118896008247217,1.417133574238124,1.9246115275337436
220.2,-0.14647173829317786,-3.616107172967128,1.418646596546195,1.9267241812876574
220.3,-0.14829813282643425,-3.620325818456737,1.420161533823383,1.9288387111239376
220.4,-0.150125228849192,-3.624544929275288,1.4216783883046515,1.930955119673344
220.5,-0.15194545876600093,-3.6287625831779873,1.4231971622477695,1.9330734095804571
220.6,-0.15377400458187973,-3.632978266303324,1.4247178578921948,1.935193583446592
220.7,-0.15561846864806383,-3.6372072664966315,1.426240477456171,1.9373156438376493
220.8,-0.15746963423047594,-3.641437082651509,1.4277650231278785,1.9394395932943216
220.9,-0.1593042509582266,-3.6456798513040582,1.4292914970399748,1.9415654342667426
221.0,-0.16113060850112734,-3.6499273325461052,1.4308199012343774,1.9436931690534953
221.1,-0.1629586258067942,-3.6541925003920337,1.4323502377260293,1.9458227998986815
221.2,-0.16478611395410442,-3.658454193006494,1.4338825085966442,1.9479543291624606
221.3,-0.16661710606197183,-3.6627226898278624,1.4354167159459408,1.9500877592518897
221.4,-0.16844975083934607,-3.666977207578277,1.4369528618722331,1.9522230925970299
221.5,-0.1703002921230323,-3.671236170532767,1.4384909485245267,1.9543603317318157
221.6,-0.1721690590311706,-3.675485036973757,1.440030978087759,1.9564994792776753
221.7,-0.17404225483547991,-3.6797314288288745,1.441572952721383,1.9586405378415963
221.8,-0.17592335372092405,-3.68397136230494,1.443116874560058,1.9607835100177644
221.9,-0.1777972687302521,-3.6882071543169395,1.4446627456803767,1.9629283983207808
222.0,-0.179675060085476,-3.6924484452942155,1.4462105680605377,1.965075205146004
222.1,-0.1815591075110348,-3.6967051371514272,1.4477603436307718,1.9672239328127052
222.2,-0.18343608242158216,-3.7009624837490325,1.44931207431447,1.969374583601838
222.3,-0.18532219531609975,-3.705217048221457,1.4508657620161056,1.9715271597668689
222.4,-0.1872199911874347,-3.7094688676191856,1.452421408604171,1.9736816635301666
222.5,-0.18912390055799724,-3.7137200996164164,1.4539790159527815,1.9758380971276581
222.6,-0.19103279279255259,-3.7179597463729572,1.4555385859897318,1.9779964628841
222.7,-0.19292612281816704,-3.7221982587376536,1.4571001206844856,1.980156763203106
222.8,-0.19482158500352445,-3.7264391246909687,1.4586636220285782,1.9823190005415627
222.89999999999998,-0.19670123317615604,-3.7306806473120866,1.4602290920560856,1.9844831774141751
223.0,-0.1985850456726311,-3.7349349083522534,1.461796532827598,1.9866492963928988
223.1,-0.20046822686934024,-3.73918782364638,1.4633659463622148,1.9888173599820695
223.20000000000002,-0.20234572721090424,-3.7434479739322026,1.4649373346110277,1.9909873705798569
223.3,-0.20422639388144553,-3.7476924267747815,1.4665106994762915,1.9931593305283202
223.39999999999998,-0.20611973726682906,-3.7519434454469267,1.468086042769142,1.9953332420732557
223.5,-0.20800558609938205,-3.756189711449282,1.4696633662193312,1.9975091073415443
223.6,-0.20988776638015166,-3.7604350303183685,1.4712426715133138,1.9996869284096366
223.70000000000002,-0.21177931020332752,-3.7646866275144273,1.472823960301088,2.001866707313678
223.8,-0.21366109323838134,-3.768925138604031,1.474407234217701,2.0040484460574945
223.89999999999998,-0.21554374586660247,-3.773161754870709,1.4759924948610708,2.006232146657612
224.0,-0.2174335688603381,-3.7774002728635114,1.4775797438105847,2.008417811146585
224.1,-0.21931324804029245,-3.7816420889827462,1.4791689826308123,2.010605441537314
224.20000000000002,-0.2211876166231178,-3.785896625544015,1.4807602128593682,2.012795039797339
224.3,-0.22305905362385464,-3.790149962463891,1.4823534360411452,2.014986607869762
224.4,-0.2249243941155658,-3.794405990468296,1.4839486536860902,2.017180147666123
224.5,-0.22677950496759006,-3.798672253639689,1.4855458672608213,2.019375661036554
224.6,-0.22863160621386303,-3.802928170270459,1.4871450782123394,2.0215731497984035
224.70000000000002,-0.23047799255828916,-3.807186700824554,1.4887462879562536,2.0237726157733413
224.79999999999998,-0.23233879341821587,-3.8114381424379116,1.490349497911867,2.025974060840456
224.9,-0.23419636833370724,-3.815686201506967,1.4919547095247019,2.028177486938469
225.0,-0.2360581607701312,-3.819934245871261,1.4935619242403848,2.0303828960539247
225.1,-0.23793285406098166,-3.824181005305939,1.4951711435347135,2.032590290190077
225.20000000000002,-0.2398183160298972,-3.828416162798969,1.4967823689519235,2.0347996714438126
225.29999999999998,-0.24170090528886234,-3.8326627344409148,1.498395602065763,2.0370110419369407
225.4,-0.2435769291868374,-3.8369030624218,1.5000108444652456,2.039224403744794
225.5,-0.24546149595799815,-3.841147734208521,1.501628097685336,2.041439758868204
225.6,-0.24733235323041863,-3.845409814629454,1.5032473631718701,2.043657109146687
225.7,-0.24919756227557263,-3.8496706390754905,1.50486864229424,2.045876456236983
225.79999999999998,-0.25106958277600333,-3.85392151731254,1.506491936275093,2.048097801622147
225.9,-0.25294707485113405,-3.8581646020544422,1.508117246252082,2.0503211467553437
226.0,-0.2548272984488828,-3.862395700897901,1.509744573310881,2.052546493127822
226.10000000000002,-0.25670772134409164,-3.866637630814303,1.5113739185272546,2.054773842302583
226.2,-0.2585897486733904,-3.8708767188128683,1.5130052830969756,2.057003196017399
226.29999999999998,-0.26046157189807734,-3.875118788086698,1.5146386682404371,2.059234556086344
226.4,-0.2623293804288622,-3.8793734154696775,1.5162740752240884,2.061467924404646
226.5,-0.264191466964452,-3.8836181675059436,1.517911505403747,2.063703302946725
226.60000000000002,-0.2660468916734689,-3.88787187229216,1.5195509600719943,2.065940693605591
226.7,-0.26790229792280834,-3.892119388157164,1.5211924404594717,2.068180098149244
226.79999999999998,-0.2697518835834115,-3.8963633967789835,1.52283594772176,2.070421518213567
226.9,-0.271586814240072,-3.9006087687100433,1.5244814828643851,2.0726649552722596
227.0,-0.27341637259001517,-3.9048600489631213,1.5261290467360071,2.0749104105969143
227.10000000000002,-0.2752278443103562,-3.9091157278589534,1.5277786401265252,2.077157885373604
227.2,-0.2770431462695009,-3.9133755018646648,1.5294302638021993,2.079407380818993
227.3,-0.2788591553899206,-3.917646909310327,1.531083918445997,2.0816588980499984
227.4,-0.28067387710111497,-3.921926456023172,1.5327396047649127,2.0839124381583147
227.5,-0.28249262836614614,-3.9262014414978066,1.5343973235978048,2.086168002416871
227.6,-0.2843126584935432,-3.930486057861913,1.536057075804446,2.0884255921469856
227.7,-0.286130838731412,-3.9347666228344598,1.537718862191326,2.090685208558182
227.8,-0.28795035386682283,-3.9390467487901732,1.5393826835390103,2.0929468528805506
227.9,-0.2897762357214221,-3.94334158363001,1.5410485406490306,2.0952105264034917
228.0,-0.2916004521061375,-3.94763321350749,1.542716434403718,2.097476230453967
228.1,-0.2934260509118058,-3.951925662546238,1.5443863657232118,2.0997439664592648
228.2,-0.29524939836024183,-3.956219150107565,1.5460583355328947,2.102013735926572
228.3,-0.2970660258193602,-3.9605171323238,1.5477323447484106,2.104285540349653
228.4,-0.2988624514971916,-3.9648173741850754,1.5494083942741397,2.106559381209523
228.5,-0.3006584508640889,-3.9691194749651832,1.551086485043014,2.108835260057999
228.6,-0.3024724183699681,-3.9734143764653758,1.5527666179200315,2.1111131783805197
228.7,-0.30427890834712656,-3.9777206227679556,1.554448793666007,2.113393137490686
228.8,-0.30607100789287756,-3.982027421568045,1.556133012968481,2.115675138563397
228.9,-0.30785769541113095,-3.986334511371621,1.5578192763624048,2.1179591825829136
229.0,-0.3096594797946987,-3.9906341442741207,1.5595075841519757,2.1202452703140127
229.1,-0.311461313811951,-3.9949467668703815,1.5611979364723727,2.1225334023066726
229.2,-0.3132627456345317,-3.9992622399800464,1.5628903335079576,2.1248235791299326
229.3,-0.3150650789680524,-4.003579667971419,1.5645847755416378,2.127115801440768
229.4,-0.3168569684526638,-4.007890915187253,1.5662812628260783,2.1294100698861795
229.5,-0.31863030600424175,-4.012210872344626,1.567979795520309,2.1317063850797187
229.6,-0.3204032619312362,-4.016541807535295,1.5696803738235345,2.1340047476420883
229.7,-0.32217144349763044,-4.020860151308298,1.571382998040074,2.1363051582144883
229.8,-0.3239264184662032,-4.025178281883783,1.573087668433662,2.138607617479215
229.9,-0.3256738662553144,-4.029500556085942,1.5747943853022635,2.1409121261969997
230.0,-0.3274142840889983,-4.033810510172221,1.5765031489816237,2.1432186851696144
230.1,-0.32914514967297803,-4.038132464990556,1.578213959727036,2.145527295208762
230.2,-0.33087512080399545,-4.04246062507747,1.5799268177928547,2.1478379571375577
230.3,-0.332605594106783,-4.046794842150789,1.5816417234297264,2.1501506717261227
230.39999999999998,-0.33433946993607305,-4.051129981900566,1.5833586768063908,2.1524654396959484
230.5,-0.33606891683750306,-4.055477186473691,1.5850776779628486,2.154782261617948
230.6,-0.33779712740016976,-4.0598233210631225,1.5867987267686097,2.157101137816853
230.70000000000002,-0.33950900261436134,-4.064178250514369,1.5885218229679754,2.1594220684581495
230.8,-0.3412220822139593,-4.068532730044413,1.5902469661813678,2.161745053603781
230.89999999999998,-0.34293346513494666,-4.0728990289040725,1.5919741559631861,2.164070093197363
231.0,-0.3446360845557197,-4.077268665669583,1.5937033919484274,2.166397187248885
231.1,-0.34634090493770403,-4.081647616194315,1.5954346738162508,2.168726335859958
231.20000000000002,-0.34804383074461265,-4.086036587758176,1.5971680013572689,2.171057539240838
231.3,-0.34974703103600563,-4.090421983577184,1.5989033745103562,2.1733907977526545
231.39999999999998,-0.35145004689051307,-4.094805559795712,1.600640793160403,2.175726111753827
231.5,-0.35315133485701267,-4.09918541088261,1.6023802571182395,2.1780634816068933
231.6,-0.3548565998883198,-4.103570199605786,1.6041217661460914,2.1804029076437383
231.70000000000002,-0.35655555065529737,-4.107954201468579,1.6058653199237838,2.182744390008621
231.8,-0.3582454910837524,-4.11233380581485,1.6076109180554068,2.185087928760444
231.9,-0.35993311135334527,-4.116715278055271,1.6093585600932896,2.187433523931958
232.0,-0.3616226495708228,-4.121084955120979,1.6111082455135732,2.1897811754763583
232.1,-0.3633087525995415,-4.125466310952526,1.6128599737482145,2.1921308833447637
232.20000000000002,-0.3649900266521596,-4.1298511074333915,1.6146137443342,2.194482647612258
232.29999999999998,-0.3666665568455273,-4.134247864173524,1.616369556936778,2.1968364684406034
232.4,-0.3683420939927485,-4.138634011702807,1.6181274112957935,2.1991923460523752
232.5,-0.37001915187623957,-4.143012681689639,1.6198873070455924,2.201550280657938
232.6,-0.3716881420901109,-4.14739824649749,1.6216492436465735,2.203910272365234
232.70000000000002,-0.37335021229245613,-4.151790096983866,1.623413220609072,2.206272321265864
232.79999999999998,-0.3750119235688453,-4.156173017084958,1.6251792374631855,2.20863642738637
232.9,-0.37667033939022987,-4.160545650209617,1.626947293521306,2.2110025905785955
233.0,-0.3783341700408601,-4.164924826334725,1.6287173879344796,2.2133708105980117
233.1,-0.38000949144038076,-4.169302627814744,1.6304895198360356,2.2157410870235377
233.2,-0.3816654203825452,-4.173679940209152,1.6322636882889454,2.2181134191899097
233.29999999999998,-0.38330416493882524,-4.1780540474407095,1.6340398922146233,2.220487806351192
233.4,-0.3849454168770194,-4.182426042479833,1.6358181304686215,2.2228642477984084
233.5,-0.38658563179244027,-4.1868018171780275,1.6375984020708847,2.2252427429572723
233.60000000000002,-0.3882273440372708,-4.1911633891593585,1.6393807061544405,2.2276232913220024
233.7,-0.3898653487203355,-4.195520315039274,1.6411650417333103,2.2300058923713366
233.79999999999998,-0.39150880724450826,-4.19987995341361,1.6429514078082283,2.232390545684523
233.9,-0.3931504683693498,-4.2042435014587225,1.6447398035206753,2.234777250905561
234.0,-0.39479623281565,-4.20859406572547,1.6465302279799747,2.237166007673386
234.10000000000002,-0.39644549057977035,-4.212953023886466,1.6483226801264812,2.239556815482464
234.2,-0.3980631792231637,-4.217308166159142,1.6501171588419776,2.2419496737130085
234.29999999999998,-0.3996744018122119,-4.221667095657746,1.6519136629164684,2.244344581791743
234.4,-0.40128637908703096,-4.226027301663383,1.6537121910596702,2.246741539020966
234.5,-0.40289168744597753,-4.230374209916991,1.6555127419211486,2.249140544574294
234.60000000000002,-0.40450449173952896,-4.234726336901225,1.6573153140264,2.251541597593616
234.7,-0.4061064599417349,-4.239078695245192,1.6591199059124144,2.253944697166907
234.8,-0.40770451843045336,-4.2434377519936115,1.6609265162444342,2.2563498424508577
234.9,-0.4093011171502902,-4.24778503453621,1.6627351438052451,2.2587570326303528
235.0,-0.41089328552579807,-4.252111297442327,1.664545787333713,2.261166266903203
235.1,-0.4124783544368319,-4.256437178254337,1.666358445450776,2.263577544597985
235.2,-0.41406262394346677,-4.260771167845482,1.6681731167699831,2.2659908650561906
235.3,-0.41564505845829897,-4.265109776636677,1.6699897998751185,2.268406227469279
235.4,-0.41722680209267193,-4.2694588165077905,1.6718084932787525,2.270823630939833
235.5,-0.4188038827304936,-4.273816945916192,1.6736291954709666,2.2732430744664844
235.6,-0.42038550291366256,-4.278166703987243,1.6754519048824916,2.275664556855021
235.7,-0.4219546619853247,-4.282505874439145,1.677276619767688,2.278088076759237
235.8,-0.4235217782386389,-4.2868425143564695,1.6791033382764093,2.280513632857271
235.9,-0.4250795926315873,-4.291175371299147,1.6809320585771197,2.282941223807451
236.0,-0.42664129684533586,-4.295498990902841,1.682762778756961,2.285370848162664
236.1,-0.4282006879951245,-4.299823676521947,1.6845954968630112,2.287802504473009
236.2,-0.42976187225589535,-4.304148667662554,1.6864302110817753,2.2902361913664557
236.3,-0.4313133297820387,-4.3084638080428865,1.6882669196506728,2.292671907481894
236.4,-0.43287034045257544,-4.3127755507829315,1.6901056206897878,2.2951096514592666
236.5,-0.43442819518215114,-4.317085559952802,1.691946312291487,2.297549421919862
236.6,-0.43598854168956364,-4.321393704232202,1.6937889925840535,2.299991217493023
236.7,-0.4375458296521465,-4.32570389897211,1.695633659666751,2.3024350367822546
236.8,-0.43909820068717736,-4.330016354513354,1.6974803115535302,2.3048808783632233
236.9,-0.44065800169127867,-4.334341170997631,1.6993289462425984,2.307328740787875
237.0,-0.44220710988588097,-4.338667364513517,1.7011795618120096,2.30977862258558
237.1,-0.4437637856549887,-4.342995069267603,1.7030321563704869,2.3122305223437216
237.2,-0.445315257227622,-4.347314588726221,1.7048867279963125,2.314684438628915
237.3,-0.4468537456407112,-4.351634333809783,1.7067432746105566,2.3171403699732527
237.4,-0.448392095014479,-4.355962427951407,1.7086017940700897,2.319598314881946
237.5,-0.44991218611742645,-4.360285147916017,1.710462284262246,2.322058271728111
237.6,-0.45141620432278373,-4.364607931999877,1.7123247429485544,2.3245202388620996
237.7,-0.452921853208611,-4.368930572749775,1.7141891677530638,2.3269842146634065
237.8,-0.45442978888329866,-4.373264162311447,1.7160555562672983,2.32945019740858
237.89999999999998,-0.4559373110174904,-4.377603961588742,1.7179239061752944,2.3319181853179503
238.0,-0.4574524674012283,-4.381941137624221,1.7197942152045103,2.3343881766123045
238.1,-0.4589573714559074,-4.386286098274649,1.7216664810802806,2.3368601695509574
238.20000000000002,-0.460458413322675,-4.390635194506734,1.7235407015886626,2.339334162500088
238.3,-0.46195803017824294,-4.3949886336666255,1.7254168745675837,2.34181015384383
238.39999999999998,-0.46345828681344203,-4.399336674989804,1.7272949978228207,2.344288141904152
238.5,-0.46496013866393654,-4.403682587667421,1.7291750689827075,2.346768124857547
238.6,-0.46645627632784503,-4.408031070653802,1.7310570855954972,2.3492501007829745
238.70000000000002,-0.467952361488488,-4.41237052155294,1.732941045167262,2.351734067750848
238.8,-0.4694585421916658,-4.4167116478915,1.734826944998731,2.354220023678033
238.89999999999998,-0.47096174308428784,-4.421053567894363,1.7367147822710902,2.3567079662662476
239.0,-0.47246502553254605,-4.425396708317106,1.7386045542178938,2.3591978932626447
239.1,-0.4739569072856299,-4.429745886385227,1.7404962581299115,2.3616898025185886
239.20000000000002,-0.47544461121002823,-4.434097881832504,1.7423898913031912,2.3641836918217276
239.3,-0.476923112579848,-4.438442035981387,1.7442854510409675,2.366679558919823
239.4,-0.47839568484390177,-4.442781485796987,1.7461829345938658,2.3691774015904223
239.5,-0.4798619698026116,-4.447114712242396,1.7480823391429032,2.371677217629595
239.6,-0.4813244585398574,-4.4514511244529436,1.749983661853981,2.374179004852971
239.70000000000002,-0.4827923628167357,-4.455783825997741,1.751886899945361,2.3766827610552888
239.79999999999998,-0.4842566971409354,-4.460110884027599,1.7537920506204425,2.3791884839672472
239.9,-0.48571441291405415,-4.46444032703382,1.7556991110302413,2.38169617137933
240.0,-0.4871721527896891,-4.468771839341102,1.757608078383302,2.3842058212145005
