t,nees_ekf,nees_fgo
0.0,1.227106440202511,0.7302061589238549
0.1,1.1912461325074832,0.7303033709339859
0.2,1.1788143317100221,0.7303915105426592
0.3,1.1773068488525693,0.7304919648614543
0.4,1.1800642884087995,0.7306021430453931
0.5,1.1682093723911589,0.7307203750093364
0.6,1.169814149799333,0.7308190009544454
0.7000000000000001,1.1669437051441232,0.7309248261002895
0.8,1.1355704169743752,0.7310111985573199
0.8999999999999999,1.1282646589780525,0.7311129673321997
1.0,1.1079843337945472,0.7312257754174081
1.1,1.1275262250037106,0.7313478829645597
1.2,1.096494072012264,0.7314746058803487
1.3,1.089847903771244,0.7316077168626849
1.4000000000000001,1.088851655489788,0.731745860795829
1.5,1.0928529575318677,0.7318745713233468
1.6,1.0821539136700111,0.7320114709814678
1.7,1.0996371514901682,0.7321546571507948
1.7999999999999998,1.0825397508528452,0.7322721244066487
1.9000000000000001,1.075206517374112,0.7324012264423543
2.0,1.0614331631156677,0.7325289420899763
2.1,1.029962346901887,0.7326507402595792
2.2,0.9795294470728391,0.7327569490610928
2.3,1.0066996509338586,0.732865556323644
2.4,1.0369325582663207,0.7329783206428835
2.5,0.993885671001265,0.7331072387511737
2.6,1.089742214434021,0.7332366313726191
2.6999999999999997,1.0711121797473044,0.7333613131634982
2.8000000000000003,1.0408940432758016,0.7334532249373954
2.9,1.0224289417321175,0.7335358706192793
3.0,1.0313232384830606,0.7336091754129594
3.1,0.9187494810222097,0.7336749572741281
3.2,0.8128215872119685,0.7337573516133478
3.3,0.8165010804294138,0.7338584971960933
3.4,0.7760266172510242,0.7339775136153324
3.5,0.8614955470541419,0.734106803121979
3.5999999999999996,0.8237156808050698,0.7342259806912732
3.7,0.8265427819152322,0.7343450664550097
3.8000000000000003,0.891000943910712,0.7344697976004668
3.9000000000000004,0.9258910252129479,0.7346046237524217
4.0,0.8355930242707141,0.7347267037257417
4.1,0.8115087715247362,0.7348342030741166
4.2,0.7737227844614264,0.7349243861985715
4.3,0.729687931142859,0.7350153557874197
4.4,0.7302171416899302,0.7350915419921599
4.5,0.7241130898092276,0.7351760660575196
4.6,0.7049847397600626,0.7352775285803224
4.7,0.6709408632169196,0.735400729977354
4.8,0.6525952019697876,0.7355343438308026
4.9,0.6358605971004144,0.7356804746673524
5.0,0.6278955158141383,0.735836565463514
5.1000000000000005,0.6626301095194954,0.7360061352133315
5.2,0.6455707695858074,0.7361815253689431
5.3,0.6408713310530817,0.7363575992019038
5.3999999999999995,0.6260459567171603,0.7365418097936309
5.5,0.6469660623194285,0.7367339097674136
5.6000000000000005,0.6387289101022003,0.73693782103626
5.7,0.6628858822561359,0.7371327518104198
5.8,0.6803042423687756,0.7373211050964463
5.8999999999999995,0.6988177243064898,0.7375051777742099
6.0,0.6765255170000043,0.737688218228006
6.1000000000000005,0.6475645975930309,0.737868934410611
6.2,0.6324574717587543,0.7380477630097555
6.3,0.6378071163006409,0.7382181377031753
6.4,0.633097642921584,0.7383796742216546
6.5,0.6384688055223545,0.7385303375060615
6.6,0.6408809393928013,0.738668208723454
6.7,0.6415360502926806,0.7388182625569432
6.8,0.6408486524402648,0.7389676406846729
6.9,0.6543000129521261,0.7391099484762464
7.0,0.6571492204277075,0.7392702338792025
7.1,0.6570278091189614,0.7394273832301208
7.199999999999999,0.6803192182778146,0.7395905901529367
7.300000000000001,0.6459125093704058,0.7397464893964272
7.4,0.6679777898345488,0.7398753651976865
7.5,0.660577558433269,0.7400059599220565
7.6000000000000005,0.6645206170967431,0.7401283322712177
7.699999999999999,0.6523674806558973,0.7402620086823338
7.800000000000001,0.6434717543906733,0.740374305683958
7.8999999999999995,0.6229019339102275,0.7404724711428232
8.0,0.6164028862480495,0.740549755528448
8.100000000000001,0.6399139373778658,0.7406303996324523
8.2,0.5895481936931946,0.740741927408415
8.3,0.5729634587385137,0.7408686480353581
8.4,0.5502029140814041,0.7409939927155678
8.5,0.5939059437126978,0.7410999113511726
8.6,0.5864652792857014,0.7412109901997266
8.7,0.5566938941999989,0.7413427447076026
8.8,0.5605341951503222,0.7414821900423453
8.9,0.563459192645693,0.741615942379868
9.0,0.5250761079831795,0.7417508353965359
9.1,0.6529767802957553,0.741897136501998
9.2,0.6636588141875712,0.742038988128392
9.3,0.7048297438789152,0.7421677389066861
9.4,0.700222198852757,0.7423046361111535
9.5,0.6850735783741118,0.742429746614077
9.6,0.7467969251997866,0.7425556392394514
9.7,0.845672726489466,0.7426741334653375
9.8,0.8721985292402714,0.7427863398577738
9.9,0.9053670412793661,0.7429006167042174
10.0,0.7727822281797718,0.7430085151267947
10.1,0.8885840611232538,0.7431052900414147
10.200000000000001,0.94131937705325,0.7432164886216626
10.299999999999999,0.7996209117789055,0.7433184567551148
10.4,0.8153325059201242,0.7434330101467981
10.5,0.7489179923600655,0.7435584196767275
10.6,0.9069820756821032,0.7436877476166674
10.700000000000001,0.9504504457202142,0.7438155442103949
10.799999999999999,1.0591460206193883,0.7439486226208694
10.9,1.0833163619237272,0.7440925511590113
11.0,1.0325955621758582,0.7442269635945953
11.1,0.8291179712579092,0.7443609708859514
11.200000000000001,0.9468146260926931,0.7445041593416064
11.299999999999999,0.9746945613552643,0.7446563853247639
11.4,0.9231373978305338,0.7448232340331901
11.5,0.9185949696116166,0.744991945668195
11.6,0.9433976301220521,0.7451602749743461
11.700000000000001,1.0482151045422878,0.7453385736872292
11.799999999999999,1.1484239888223629,0.7455099224680656
11.9,1.2400947383311878,0.7456727822611944
12.0,1.1185125932982698,0.7458300585865867
12.1,1.1799770043464963,0.7459645243856278
12.200000000000001,1.1845310523477526,0.7460908073834402
12.299999999999999,1.1149665138988767,0.7462324542889307
12.4,1.1998842103340128,0.7463796801976652
12.5,1.3614205108751392,0.746530528322713
12.6,1.31531888927392,0.7466843648589339
12.7,1.3090885406955264,0.7468380637394121
12.8,1.3624062348713322,0.7469854435999017
12.9,1.4380229539702947,0.7471294596097704
13.0,1.4593830542217527,0.7472770121708936
13.1,1.493726219727958,0.7474326031895135
13.2,1.3819587995322626,0.7475871026074261
13.3,1.498068349996194,0.747752240346927
13.4,1.508488124123064,0.747939661505982
13.5,1.451042857564701,0.7481201148226613
13.6,1.564158969674482,0.7483062299425269
13.7,1.4399836217076596,0.7484845661003385
13.8,1.3651910708654165,0.7486560190511345
13.9,1.443030375814864,0.7488297741889894
14.0,1.292158217767358,0.7490132379337806
14.1,1.2150878505184401,0.7491774186817362
14.2,1.2377800999206858,0.7493353863827688
14.3,1.2045223107762866,0.7495021974154961
14.399999999999999,1.2382053692647899,0.7496868410151335
14.5,1.2877969708134687,0.7498599756763795
14.600000000000001,1.2106343468036715,0.7500255888987443
14.7,1.2339253600636362,0.7501916741732974
14.8,1.280767341763794,0.7503533872760151
14.899999999999999,1.3560368641695875,0.7505091155717902
15.0,1.3585252088869098,0.7506609118328063
15.1,1.3528440024724142,0.7508131144529322
15.200000000000001,1.3816931635721745,0.7509570301680544
15.3,1.336614160834831,0.7511014287973506
15.399999999999999,1.4517015148172445,0.7512393974628919
15.500000000000002,1.500933308356163,0.7513883150360441
15.600000000000001,1.416471382969745,0.7515320178371285
15.7,1.3781407520853082,0.7516705691534173
15.799999999999999,1.4001143936783524,0.7517910934264477
15.9,1.4610952711949226,0.751904689893456
16.0,1.4373671408026074,0.7520242061852096
16.099999999999998,1.482702045791158,0.7521336234036309
16.200000000000003,1.4761969327457185,0.7522623818713509
16.3,1.4513087657565138,0.752401805002882
16.4,1.3816498248606874,0.7525211121991899
16.5,1.405753299041409,0.7526272500521124
16.6,1.3965610436518612,0.7527307337478617
16.7,1.386715700536292,0.7528305159831796
16.8,1.3058455314431263,0.7528991067432682
16.900000000000002,1.3689506318538331,0.7529830852618298
17.0,1.350339629516432,0.7530687011386206
17.099999999999998,1.4257588761340165,0.7531576811251541
17.2,1.4061685154258914,0.7532475690211697
17.3,1.3748922055832322,0.7533400220942021
17.4,1.4193238259592396,0.7534282293788185
17.5,1.481659105399387,0.7535071967129803
17.6,1.4772536474529485,0.7535901109321272
17.7,1.5013689979407048,0.7536817556057658
17.8,1.5944092886144712,0.7537747039889058
17.9,1.66539262035451,0.7538777343844916
18.0,1.7585758780372418,0.7539742582222305
18.1,1.8090710689898117,0.7540712026379557
18.2,1.892430919807346,0.7541604540394331
18.3,1.907093853416725,0.7542558903216392
18.4,1.9417891549463995,0.7543644498030346
18.5,1.9908561486996084,0.7544968385016921
18.6,2.0279285783276517,0.7546411925220513
18.7,1.9833850868609086,0.7547769856570802
18.8,2.0407206160531173,0.754908974761169
18.9,2.0674313590068136,0.7550465498431762
19.0,2.0240049180168933,0.7551817794822528
19.1,2.01758028282181,0.7553162364785021
19.2,2.017812688813835,0.7554499881011831
19.3,1.971621439165275,0.7556004961338241
19.4,2.034593277656634,0.755749658069197
19.5,2.0734278180009946,0.7559106767352222
19.6,2.064035699509818,0.75607841580224
19.7,2.035545369062481,0.7562420238278861
19.8,1.9952826442812228,0.7564314751490737
19.9,1.9500333887750114,0.7566258458052106
20.0,1.9699099367059771,0.756844019256639
20.1,1.9616892676306932,0.7570624748629207
20.2,1.9652566963080031,0.7572809770040599
20.3,1.967711595671795,0.7575111337084021
20.400000000000002,1.9668603040621004,0.7577448736175885
20.5,1.9663316247131577,0.7579780995852363
20.599999999999998,1.9661149011245744,0.7582063327288986
20.7,1.9658107919674102,0.7584392712891175
20.8,1.9650136042236235,0.758660188601533
20.9,1.9596288940666167,0.7588819189846161
21.0,1.9637440340183803,0.7591092304919003
21.1,1.9619044046577745,0.7593372749256058
21.2,1.96281699117518,0.7595764064513089
21.299999999999997,1.956601960994528,0.7598300470000242
21.400000000000002,1.9676115932240952,0.7600617627390274
21.5,1.957339368401088,0.7603079773302356
21.599999999999998,1.971554881010364,0.7605614925085609
21.700000000000003,1.9666947488296127,0.7608262036073273
21.8,1.9334852704628684,0.7610777082217212
21.9,1.9321658268166206,0.7613475954931882
22.0,1.8870429400081452,0.7616157079224614
22.1,1.924325430977846,0.7618818956069675
22.2,1.9007815195338527,0.762158013550112
22.299999999999997,1.9121586754259838,0.7624319356317951
22.400000000000002,1.8883601402524082,0.7627010680056517
22.5,1.9273899071680152,0.7629716713795718
22.599999999999998,1.8862576794236339,0.7632411610686034
22.700000000000003,1.9384242544025416,0.7635143948729475
22.8,1.9420264666380738,0.7638094224443119
22.9,2.030748534474351,0.7641059291753679
23.0,2.002020677314193,0.764410424434541
23.1,1.9679329581608571,0.7647071873716332
23.2,2.0349947458132056,0.7650139531566778
23.299999999999997,1.9893089828440214,0.7653485459435543
23.400000000000002,2.034428332172127,0.7657046015943619
23.5,2.097298001334819,0.7660516160244878
23.599999999999998,2.205989035671419,0.766399343316382
23.700000000000003,2.2222694375107244,0.7667637022066942
23.8,2.193251376821285,0.7671294996396496
23.9,2.148069113738683,0.76752527865186
24.0,2.2569490065539566,0.7679294678940249
24.1,2.2219000581342856,0.7683358299873801
24.2,1.9412771782582745,0.7687538785096597
24.3,1.8754005387172903,0.769175354152392
24.400000000000002,1.890771543001581,0.7696234295804705
24.5,2.1194872859068368,0.7700723291656868
24.599999999999998,2.099520356302425,0.770516754882773
24.7,2.0283873311439917,0.7709568429468455
24.8,2.028329680512687,0.7713954247560548
24.9,2.037661001511561,0.771840170449132
25.0,2.0371435873351667,0.772270376635545
25.1,2.0972335134196793,0.772711738273149
25.2,1.8599220639146339,0.7731762062272933
25.3,1.7105694980522361,0.7736351501231918
25.4,1.888463488860556,0.7740881684232026
25.5,1.9836888204602396,0.7745322462959192
25.6,2.078001133870388,0.7749734063580355
25.7,2.1525353991893854,0.7754041391530617
25.8,2.2639767308466046,0.7758545883458409
25.9,2.3694865367984366,0.776324157595728
26.0,2.320147860192813,0.7767830644096123
26.1,2.1547898834412806,0.7772619162819931
26.2,2.2946723240833915,0.7777635290970704
26.3,2.2728380240084607,0.7782615135331324
26.4,1.958160997920988,0.7787649821998975
26.5,2.0124060039843332,0.7792737949347097
26.6,2.046115293938078,0.7797798344658107
26.7,2.1015564469360415,0.7802875992197633
26.8,2.085984993957233,0.7807964267951495
26.9,1.974430401425546,0.7813112305506826
27.0,1.9586593349274775,0.7818460251077334
27.1,1.8744124309714816,0.7823785359966072
27.2,1.6826428578495252,0.7829172902379979
27.3,1.6813851128795365,0.7834697546700582
27.4,1.5096818878602518,0.7840334293467695
27.5,1.5544522831169727,0.784596839417459
27.6,1.672945460981037,0.7851649537104769
27.7,1.7683338856465434,0.7857354716074063
27.8,1.6683057741999818,0.786302739367928
27.900000000000002,1.9473049485187135,0.7868663790332487
28.0,1.837503909252355,0.7874516485009342
28.099999999999998,1.979260690014898,0.7880297171107897
28.2,1.9964861084773422,0.7886182692497216
28.3,1.7792989219469244,0.7891943989172944
28.4,1.9042574905479888,0.7897746301295786
28.5,1.685163039743596,0.7903750902473233
28.6,1.4651171649666335,0.7909893279099041
28.7,1.3909600954820007,0.7916172572753342
28.799999999999997,1.3611790465511362,0.7922539876766597
28.900000000000002,1.435844586994925,0.7928911178024622
29.0,1.2928283564474012,0.7935218526390557
29.099999999999998,1.5801728644380035,0.794155226072794
29.200000000000003,1.6538184130330469,0.7947895161209348
29.3,1.6013416048563922,0.7954353961893884
29.4,1.595431586722282,0.796083887937314
29.5,1.679277895322126,0.7967506050774824
29.6,1.7189260864747273,0.797414166077494
29.7,1.5605870983033923,0.7980906790512736
29.799999999999997,1.6904250340826952,0.7987636853737348
29.900000000000002,1.7063289099016854,0.7994503038252305
30.0,1.3635061993814308,0.8001273083551383
30.1,1.1781710600059,0.8007891683473038
30.2,1.1685018389835558,0.8014570725704042
30.3,1.3287127386809738,0.8021064264631432
30.400000000000002,1.1950840864230252,0.8027647282486998
30.5,1.2409508492219348,0.8034293134532435
30.6,1.3434705395220685,0.8040844307637228
30.700000000000003,1.2862725326893596,0.8047312942148181
30.799999999999997,1.2264209427888912,0.8053782921371988
30.900000000000002,1.044776585343969,0.8060078171940026
31.000000000000004,0.9915281123793744,0.806625827749448
31.099999999999998,1.0815585013311724,0.8072541233891322
31.200000000000003,0.9372674167898245,0.8078994174738923
31.299999999999997,0.8904907621207786,0.8085462213049395
31.4,0.9373894744584105,0.8091956553781365
31.5,0.9128415288689692,0.8098486804729302
31.599999999999998,1.0692696484950133,0.8105002131391768
31.7,1.0198413680645422,0.8111710401341878
31.8,1.0558800959558554,0.8118506737412357
31.9,1.0058701106978516,0.8125400129660318
32.0,0.9813526392013937,0.8132359630183572
32.1,0.962012634265099,0.8139434849350846
32.199999999999996,0.8096841383280856,0.8146726046345052
32.3,0.6965044392464119,0.8153867281502372
32.400000000000006,0.6956218927625651,0.8161074373905417
32.5,0.6981133788186722,0.8168432112057482
32.6,0.7007543441877667,0.8175881175790709
32.7,0.7376802069763819,0.8183304347176823
32.8,0.7549617842156333,0.8190747843779014
32.9,0.7274091810435337,0.8198278402309926
33.0,0.7758692976266847,0.8205695775460784
33.1,0.8657792629677662,0.8212883208838332
33.2,0.9787467713131326,0.8220180321540174
33.300000000000004,1.0519451364518686,0.8227571382116112
33.4,1.19371401585544,0.8234992721350866
33.5,0.910073369694585,0.8242506896260162
33.6,0.9715874745483513,0.8249887689394955
33.699999999999996,0.9532165820084386,0.8257318583068125
33.800000000000004,0.8897943248138194,0.8264808365675234
33.9,0.882573393477492,0.8272355878400814
34.0,0.7665648662038779,0.8279881089784114
34.1,0.7592985224902402,0.8287536411326393
34.199999999999996,0.781713617518211,0.8295449716815457
34.3,0.8076258681246294,0.8303460366614898
34.4,0.872875651969746,0.8311281381760897
34.5,0.8279959477248733,0.8318987884786683
34.6,0.7851481316438322,0.8326464474051896
34.7,0.7752974826093391,0.8333918251826491
34.8,0.7785562382380669,0.8341236117916695
34.9,0.7854544473549668,0.8348653780181111
35.0,0.7906964066448829,0.8355949705204213
35.099999999999994,0.7921573006564546,0.8363226443837368
35.2,0.7943781629154809,0.8370551724567303
35.300000000000004,0.8002895676522976,0.8378130172751932
35.4,0.8249200955076299,0.8385674646500337
35.5,0.8035041172195566,0.839295901368212
35.6,0.8071463550826925,0.840054873099706
35.699999999999996,0.8153245256779047,0.8408316883555322
35.8,0.8154286223158884,0.84160689238358
35.900000000000006,0.8284021584079053,0.8423876901072764
36.0,0.8180781696978425,0.8431760131343964
36.1,0.8350065091689542,0.8439831624732179
36.2,0.8970176775259798,0.8447742075772466
36.3,0.929854744276847,0.8455588301440136
36.4,0.9269752951348922,0.8463578659759405
36.5,1.0181029736627605,0.8471738754018996
36.6,0.9327725664985821,0.8479981388417842
36.7,0.876656373777839,0.8488363348319984
36.8,0.8156203793331409,0.849678920184874
36.9,0.7905894203428441,0.8505139916368121
37.0,0.7701799503409932,0.8513593542662603
37.099999999999994,0.7607615520584678,0.8522292619914642
37.2,0.7621369150104793,0.8530922214755601
37.300000000000004,0.7647811810298544,0.8539627524545828
37.4,0.7588314253241226,0.8548403971104042
37.5,0.7772666888012285,0.8557271482643033
37.6,0.7836094544337009,0.8566073222608275
37.699999999999996,0.7858939218947024,0.8575002060560692
37.8,0.8604502125420646,0.8584108704336263
37.900000000000006,0.802582767875738,0.8593251537588721
38.0,0.8048736139687085,0.8602242906117845
38.1,0.8423888329854703,0.861132848078215
38.2,0.7768118338193322,0.862040955499
38.3,0.7440874464286058,0.8629364835654882
38.4,0.7545814056716358,0.8638131506498414
38.5,0.7057258751623767,0.8646958179283641
38.6,0.6782756422008615,0.8655789691241734
38.7,0.6877384436161232,0.866449521548639
38.8,0.6605721522698292,0.8673236432419533
38.9,0.6657262041809148,0.8681766622361697
39.0,0.6421826568073753,0.8690197427802362
39.099999999999994,0.649005821865349,0.8698721116043083
39.2,0.6454776182844101,0.8707175010818416
39.300000000000004,0.6528237629211686,0.8715794820633074
39.4,0.6559037439333125,0.8724431131427559
39.5,0.6565531143264912,0.8732821629393711
39.6,0.7030559100261915,0.874156308393614
39.699999999999996,0.7838312952186056,0.8750447351968652
39.8,0.7925782474521398,0.8759211843061412
39.900000000000006,0.8891136361971715,0.8768014149285203
40.0,0.8095668391152965,0.8776863763864898
40.1,0.7234880272684494,0.8785846042937904
40.2,0.7414257042128083,0.8794804212477292
40.3,0.7561195188831284,0.8803924137731205
40.4,0.8243480598877105,0.8813127740051279
40.5,0.8923230083175193,0.8822375989686402
40.6,0.7350544842187492,0.883160773022502
40.7,0.6203694930238026,0.8840933304184885
40.800000000000004,0.5307286079180338,0.8850369343250579
40.9,0.570442060359702,0.8859904402520911
41.0,0.7159964890823689,0.8869538791748517
41.1,0.5556480627427852,0.8879275519088801
41.199999999999996,0.764247544504663,0.8889140361040091
41.300000000000004,0.7223494329698767,0.8899006497292012
41.4,0.5708453848983711,0.8908591374501127
41.5,0.5004684752829693,0.8918170223655295
41.6,0.3978346534869484,0.8927757522782387
41.699999999999996,0.38408833942593607,0.8937472435529225
41.8,0.3247759673185579,0.8947263393566866
41.9,0.3245882614678867,0.8957197270997888
42.0,0.31944068785546453,0.8967132467503917
42.1,0.343524241431752,0.8977064175815075
42.2,0.3804510413812117,0.898704164848503
42.3,0.3538363568948554,0.8997031245257574
42.4,0.47765247839511427,0.9006673660400812
42.5,0.5130588460420397,0.9016372508092314
42.599999999999994,0.4192054496532249,0.9026024228131112
42.7,0.35711361582274853,0.9035727211267344
42.800000000000004,0.3679342321668871,0.9045298122802032
42.9,0.6358823264810144,0.9054761747269746
43.0,0.5748017899247593,0.9064379811517997
43.1,0.6664735673914292,0.9074068947697682
43.199999999999996,0.5700015280462658,0.9084049843034884
43.3,0.49002040061903546,0.909376288576917
43.400000000000006,0.5350500845914496,0.9103733619560286
43.5,0.3508729428020834,0.9113605515160458
43.6,0.500037544756078,0.9123337968200735
43.7,0.5881471960012321,0.9133029810066464
43.8,0.5660073879323742,0.9142624865230191
43.9,0.6622468611055498,0.915241820603988
44.0,0.6553127075660201,0.9162288299743349
44.1,0.852309423511719,0.9172064765830541
44.2,1.1122550634493311,0.9181877060181151
44.3,1.03860675154123,0.9191726054953184
44.4,1.0242557690448388,0.9201926880628506
44.5,0.7917240116080849,0.9212270554697329
44.599999999999994,0.7982187523939804,0.9222496798301203
44.7,0.6707860120445974,0.9232659701038997
44.800000000000004,0.726550930490861,0.9242966644698206
44.9,0.8085030547568595,0.9253293222554625
45.0,0.7181777665187299,0.9263631611047005
45.1,0.6091148645889022,0.9274097291101282
45.199999999999996,0.5749827931575514,0.9284389120763894
45.3,0.6869397618163781,0.9294590239877223
45.400000000000006,0.74959841203265,0.9304696178543418
45.5,0.9377509046307742,0.93147061705961
45.6,0.9205093336024156,0.9324796716740286
45.7,0.6570570919810651,0.9334977504572968
45.8,0.4146766903837262,0.934514011966751
45.9,0.35848948569206984,0.9355546030280554
46.0,0.32698303917952615,0.9366147198298242
46.1,0.30642275384900697,0.9376877162863135
46.2,0.27726954547563676,0.9387594917733542
46.3,0.2692033459261851,0.9398393172643897
46.4,0.268727185766902,0.9409257309608081
46.5,0.28827272150152794,0.9420147627112991
46.599999999999994,0.3715461942888449,0.9431069712799901
46.7,0.3900125206805079,0.9442006431508352
46.800000000000004,0.4135322016441266,0.9452990446075453
46.9,0.4752314613400478,0.9463949441194487
47.0,0.5144879334362581,0.947486720018832
47.1,0.4329672740915292,0.9486009696871347
47.199999999999996,0.3958825289395979,0.9497245345696688
47.3,0.3832658154493633,0.9508442169361881
47.400000000000006,0.4673527539051107,0.951966039868966
47.5,0.4529042561953618,0.9530794993257952
47.6,0.5641752296643812,0.9542117155153248
47.7,0.6148843532787234,0.9553358612414623
47.8,0.8876467848817647,0.9564592444048371
47.9,0.7757533783353939,0.9575737239741965
48.0,0.7871410069680781,0.958698466118409
48.1,0.7832439803760212,0.9598327071122132
48.2,0.7775406338204218,0.9609617107153983
48.300000000000004,0.859277978326826,0.9620742444926077
48.4,0.7513070183734114,0.9631936450072472
48.5,0.8415000585279857,0.9643069389901715
48.6,0.755375125837368,0.965446976210186
48.699999999999996,0.8540307984921486,0.9666102387433386
48.800000000000004,0.7014208474192632,0.9677801976800782
48.9,0.46880533138133385,0.968980585048224
49.0,0.48819745678952053,0.9701623903593546
49.1,0.33986066661600395,0.9713449247532195
49.199999999999996,0.37585027280085526,0.972524304361905
49.3,0.46212430363941315,0.9737215657333449
49.4,0.3691222853100776,0.974919269355546
49.5,0.4381822447716079,0.9761065078139397
49.6,0.5156715614711621,0.9773181145517753
49.7,0.5196366579848443,0.9785460541188599
49.8,0.6094851349850657,0.9797739498346519
49.9,0.6701359207479081,0.9810186218943697
50.0,0.5829339285697932,0.9822993616173947
50.099999999999994,0.4822154907697881,0.9835717056408739
50.2,0.43374672112622725,0.9848220190515338
50.300000000000004,0.39877021504970434,0.9860601122117738
50.4,0.4267643204796476,0.9873022745982598
50.5,0.38304286825632183,0.9885536543171385
50.6,0.400304054679253,0.9898078883331287
50.699999999999996,0.40090932544543095,0.9910552603938905
50.8,0.381920049801965,0.9922869629597941
50.900000000000006,0.4147134022310754,0.9935453496692455
51.0,0.3786626798816834,0.9948034421176317
51.1,0.331987245590044,0.9960626609432774
51.2,0.3323902189139135,0.9973199992800685
51.3,0.3115569138710447,0.9985771072864216
51.4,0.3104465441032374,0.9998463570156508
51.5,0.3142566638856209,1.0011106141413662
51.6,0.3128717205339367,1.0023721929833975
51.7,0.31177799576805876,1.0036385178585365
51.8,0.31195656375587383,1.0049157606398496
51.9,0.3092644455565203,1.0061879666178115
52.0,0.3088888509213506,1.0074479066568203
52.099999999999994,0.30554807518426513,1.008727733474726
52.2,0.3343960999079984,1.0100183754166658
52.300000000000004,0.3673704626184962,1.0113101855735387
52.4,0.39507877050005424,1.0125953860849077
52.5,0.3480575332209461,1.013879556627707
52.6,0.3327477072703819,1.0151589087288735
52.699999999999996,0.35171588047430036,1.0164381861282945
52.8,0.3768008231307819,1.01771674843746
52.900000000000006,0.41901684257662447,1.0189886655787912
53.0,0.39399187569463134,1.020269772013664
53.1,0.39331527272077993,1.0215428844574304
53.2,0.44407431268849284,1.0228014063300561
53.3,0.4535668805277255,1.024056819276662
53.4,0.4637550010343576,1.0253154488521015
53.5,0.38571696359624463,1.0265719175858392
53.6,0.3240745999054452,1.0278489755135412
53.7,0.3122408416275534,1.0291250969616306
53.8,0.2975339746393654,1.0303989604227388
53.9,0.29614915096062533,1.0316706325701976
54.0,0.3091035299116623,1.0329459974060402
54.099999999999994,0.3137250299445606,1.0342479242688267
54.2,0.2791671126629305,1.035576330907795
54.300000000000004,0.3119979112965008,1.0369210306746275
54.4,0.2742316918437874,1.038262066459657
54.5,0.2774693049939639,1.0395937448083459
54.6,0.2601919971014767,1.0409301009671728
54.699999999999996,0.2617321287203816,1.0422671508804002
54.8,0.2522058745723734,1.0435944608404673
54.900000000000006,0.25333138725419735,1.044942502334742
55.0,0.256087827081467,1.0462828991840585
55.1,0.2655437366785712,1.0476258328960502
55.2,0.25119431941659254,1.048955864148445
55.3,0.26997186442817767,1.0503039819610387
55.4,0.2539635931588626,1.051679381730633
55.5,0.24457207010435864,1.0530719725521678
55.6,0.24661007835647497,1.0544642080703466
55.7,0.25639188575179545,1.0558604710801518
55.800000000000004,0.2488131373864853,1.0572623713199478
55.9,0.245462126534337,1.058693895853583
56.0,0.24816691183068182,1.0601190705745946
56.1,0.24774376676584017,1.061559740019183
56.199999999999996,0.24228521897944236,1.0630120056328716
56.300000000000004,0.2347108741396697,1.0644578437494103
56.4,0.23341800495240886,1.0659089092208616
56.5,0.23070288037812892,1.0673633310561708
56.6,0.23178524093749528,1.0688370624263253
56.699999999999996,0.22753365351740096,1.0703237730044104
56.8,0.22530822875794917,1.0718082272576526
56.9,0.223799812355676,1.073292623173295
57.0,0.22236465185451454,1.074780464808104
57.1,0.22025016631359012,1.0762905488629884
57.2,0.22040669093895124,1.0777845680384024
57.3,0.2166006738752252,1.0792730612508448
57.4,0.2147751243489401,1.0807560589080871
57.5,0.21292591816605128,1.082246973837886
57.599999999999994,0.21245671947135603,1.0837305912903374
57.7,0.21004377870400895,1.0852045704027542
57.800000000000004,0.2091380659461192,1.0866600126929007
57.9,0.2058522095446467,1.0881126448784766
58.0,0.20436325861631768,1.0895756834637425
58.1,0.2065796545959202,1.0910425875582117
58.199999999999996,0.1997834455514021,1.0925201254893706
58.3,0.18882287413347346,1.0940108417434264
58.400000000000006,0.1825231027389485,1.0955128553767874
58.5,0.17000082572906272,1.0970296419479515
58.6,0.1828076227425452,1.0985484695406327
58.7,0.18585727466095014,1.1000636794157834
58.8,0.18433122908631666,1.1015768702745408
58.9,0.18627969599855035,1.103089804973684
59.0,0.17970879640147217,1.104617630413762
59.1,0.18852804916433163,1.1061433854042113
59.2,0.19587236248156542,1.1076704531229398
59.3,0.1872568831671836,1.1091899484773526
59.4,0.19893332048094084,1.1107114784567633
59.5,0.17810099578211624,1.1122431147662843
59.599999999999994,0.16358650747315984,1.1137770318820233
59.7,0.16690828173333,1.115325469320943
59.800000000000004,0.18157479084578484,1.1168710345036503
59.9,0.14441558283603637,1.118424348638348
60.0,0.16674011102471392,1.119977404930384
60.1,0.11741355228517064,1.1215148958022276
60.2,0.12410529918153228,1.1230541669549796
60.3,0.1348083885414241,1.124605614056689
60.4,0.17251078814969437,1.1261589436401473
60.5,0.16222159953540705,1.1276835054827248
60.6,0.1414825448402171,1.1292118793415604
60.7,0.12545168681838198,1.1307579327965493
60.800000000000004,0.1304658220743247,1.132287719209843
60.89999999999999,0.13537714870150455,1.1338187200335113
61.0,0.10778472723763267,1.1353395976841278
61.1,0.09817789523175377,1.1368754325676058
61.2,0.06598142462125836,1.1383980967329235
61.300000000000004,0.08241769883924031,1.1398864736588816
61.400000000000006,0.06386748949324109,1.1413847696583785
61.49999999999999,0.05321280450312942,1.1428650018888267
61.599999999999994,0.03110994387468853,1.1443497981720427
61.7,0.04723000334114084,1.145843268852188
61.800000000000004,0.04519005669768135,1.147350050493536
61.900000000000006,0.08757820306377141,1.1488670953716282
62.00000000000001,0.08501500920334598,1.1503943715759315
62.099999999999994,0.10311606416286159,1.1519152302908626
62.199999999999996,0.14342780551804332,1.1534143029014454
62.3,0.12923275645900892,1.154912092715215
62.400000000000006,0.09134417643204833,1.156413657953244
62.50000000000001,0.18847411842150635,1.1579230487240948
62.599999999999994,0.07140876084346803,1.1594236248721068
62.699999999999996,0.17213768119540251,1.1609325092075902
62.8,0.05310947581229699,1.162412280916278
62.9,0.08927241416791756,1.16388561874037
63.0,0.09295821395744115,1.1653719533749134
63.10000000000001,0.16142003537373986,1.1668347201066662
63.199999999999996,0.1486357726039376,1.168294562834092
63.3,0.13796458177008775,1.1697564939916678
63.4,0.0857300384252822,1.1712310652001332
63.5,0.06776639204748461,1.1726977815300528
63.6,0.09768111836408666,1.1741560455646676
63.7,0.0503400115047479,1.1756315577663456
63.8,0.07812845233974956,1.1770821591046718
63.9,0.03242896284016622,1.17855870986666
64.0,0.05008489444967619,1.18003044073994
64.1,0.05479208892409811,1.1815273919362919
64.2,0.09286826191426853,1.183043881123249
64.30000000000001,0.07275057592025207,1.184545041136829
64.39999999999999,0.1159925602525945,1.186030644691168
64.5,0.09518972787698818,1.187480600660634
64.6,0.040970631031893884,1.1889438669689403
64.7,0.07767746184012297,1.1904086557595048
64.80000000000001,0.11640362557507902,1.191846091819662
64.9,0.17949661323417926,1.193260516111369
65.0,0.17651328568420477,1.1946941951877694
65.1,0.19543841007241794,1.1961785076363474
65.2,0.29377183055842915,1.1976805287382672
65.3,0.37628459351784205,1.199188341501169
65.4,0.4416189199460586,1.2007020276186375
65.5,0.25710697182108955,1.202221366111472
65.6,0.3350115252822052,1.2037316528769924
65.7,0.35708054156742985,1.2052222545431235
65.8,0.28267035986911754,1.2067181989272027
65.9,0.11347880041258572,1.2082285984284462
66.0,0.11591390732628862,1.2097320201979973
66.1,0.15273179903287015,1.2112320355665944
66.2,0.17412376112285283,1.2127211360110601
66.3,0.15771865130101143,1.2142159725709267
66.4,0.1586515421231692,1.2157256366836573
66.5,0.4180762700923111,1.2172337109916527
66.60000000000001,0.484957292499827,1.2187382204621857
66.69999999999999,0.8783067601857466,1.2202729987403147
66.8,0.8273238596522146,1.2217993194355277
66.9,0.7837093104746315,1.2233236449598832
67.0,1.110738147093288,1.2248343170826301
67.10000000000001,1.2957717422202875,1.2263277672035868
67.2,1.87034953240692,1.2278225096310496
67.3,1.9392193028120972,1.2293180085171564
67.39999999999999,1.8326104478805199,1.2308397232013244
67.5,1.7996973311542621,1.2323774313893168
67.60000000000001,1.2646496015026634,1.2339225831238094
67.7,1.3799380777146908,1.2354971709849378
67.8,1.5408950356296272,1.237074922792818
67.89999999999999,1.782992681842612,1.2386513480926924
68.0,1.933243421634602,1.2402314800921772
68.1,1.9759893180481174,1.241862045528219
68.2,1.5410903670868814,1.2434918844047684
68.30000000000001,1.686768262110698,1.2451237576320542
68.39999999999999,1.3979359191829572,1.2467703128292928
68.5,1.3960318987771065,1.2484330108181114
68.6,1.3669571666567462,1.2500948220792147
68.7,1.354905457222181,1.2517781343503527
68.8,1.4050321079502104,1.25345670965176
68.9,1.3500807984017233,1.255126812026689
69.0,1.4153309350810441,1.2567923464621145
69.1,1.4642214529806679,1.2584578570039893
69.2,1.363236011157146,1.260127100916873
69.3,1.3687431374560286,1.2617788776631285
69.4,1.3979539688915377,1.2634322587550861
69.5,1.4386992389400346,1.2651040613365214
69.6,1.4979848705940657,1.266796664169988
69.7,1.5004710037053366,1.268488144944187
69.8,1.4904246354697204,1.2701852802170919
69.9,1.4762710560241228,1.2718716065479343
70.0,1.4822153868360042,1.2735766112639704
70.1,1.4752504645164577,1.275285674862705
70.19999999999999,1.497506074079751,1.276988369163529
70.3,1.5100470228621992,1.2787087623693885
70.4,1.5369053753984918,1.2804553625604238
70.5,1.6342332901297758,1.282202343267541
70.60000000000001,1.6711739549631155,1.2839407356228807
70.69999999999999,1.6922145858301043,1.28572084765554
70.8,1.4991282899628926,1.287492301715763
70.9,1.3821943339628773,1.2892114267961337
71.0,1.3636952169766805,1.29091704522682
71.10000000000001,1.349189812438039,1.2926140791820955
71.2,1.447298138126794,1.2943228093585317
71.3,1.5120296709858996,1.296044947542983
71.39999999999999,1.3256094735991355,1.2977820721773587
71.5,1.329057376546502,1.299549397640313
71.6,1.2667597326839668,1.3013211286930022
71.7,1.1842988624241104,1.303082194151696
71.80000000000001,1.1493728569072321,1.3048545835109533
71.89999999999999,1.1287648710528668,1.3066399980860777
72.0,1.0677484263121804,1.3084195804527026
72.1,1.1398362363517334,1.3101996356578065
72.2,1.260707261581631,1.312022045984636
72.30000000000001,1.1638787008759282,1.3138471400022702
72.4,1.0541814879926976,1.3156816652660754
72.5,1.0358558467752046,1.3175342400486258
72.6,1.0791416998101615,1.3194202709500615
72.7,1.0683493778800153,1.3213293248471896
72.8,1.1484288105860616,1.3232549516282197
72.9,1.1450057910918119,1.325204852473319
73.0,1.1986447741617172,1.3271429002818553
73.1,1.150008857196242,1.329126131946171
73.2,1.1482716810002627,1.3311142335976074
73.3,1.049779705479075,1.3331089824556428
73.4,1.100425395227878,1.335091936853863
73.5,1.1048300630763448,1.3370495317438449
73.6,1.27635021226018,1.3390126123865524
73.7,1.4665092865477019,1.34098635315865
73.8,1.4339230399847829,1.3429620559773645
73.9,1.4665463899806166,1.3449550885797974
74.0,1.4278428752146712,1.3469536533900826
74.10000000000001,1.591172808804266,1.3489742421413955
74.19999999999999,1.612304801708322,1.3510103959127786
74.3,1.697592698950565,1.3530567259626989
74.4,1.602421271234758,1.3551016102953848
74.5,1.4900875006261152,1.3571817395838026
74.60000000000001,1.3992719333110495,1.3592741305786502
74.7,1.4536243040538088,1.3613351163285807
74.8,1.6430901988142181,1.3633956348903367
74.89999999999999,1.6404792658361562,1.3654758798052584
75.0,1.9962605888253684,1.367566501993195
75.10000000000001,2.2907764200523406,1.3696591871818748
75.2,2.0367241899327593,1.3717952734223036
75.3,1.7238879680041757,1.3739453051610588
75.39999999999999,1.5589160154802648,1.3761054471838536
75.5,1.6019185601721195,1.3782336420434844
75.6,1.8217695635602256,1.380384930425402
75.7,1.9552251499850584,1.3825464450710319
75.80000000000001,2.4502014898034066,1.384679439075943
75.89999999999999,2.4977071987986936,1.3868446977152922
76.0,3.182029594143029,1.3890322257092638
76.1,2.8045323109467457,1.3912389288830145
76.2,2.600231315973096,1.3934534395479994
76.3,2.8594719408880698,1.395676245859312
76.4,3.19024666993547,1.3979126081400053
76.5,3.2132037396247686,1.400148025662185
76.6,3.557194842982512,1.4023844739362514
76.7,3.7665981645417017,1.4046195704344842
76.8,3.5413649448393265,1.406836265469038
76.9,3.3932322278173332,1.409066490690512
77.0,2.7462768031944678,1.4112844123092918
77.1,2.6159309172867697,1.4135461262490203
77.2,3.1487438555242653,1.4158146565912884
77.3,3.1784222011552328,1.418092043589103
77.4,2.5633045479637935,1.4203474795275546
77.5,2.277056255584361,1.4226328007012097
77.6,1.7788329801257905,1.424920054255103
77.69999999999999,2.0167297413765977,1.4272366167415755
77.8,1.8672251916362694,1.4295307637846348
77.9,2.022046723395761,1.431808580594739
78.0,2.09815504012005,1.4340867036931177
78.10000000000001,1.9272378472075782,1.4364099154130525
78.19999999999999,2.0794463294985337,1.438719305934127
78.3,1.841127313252655,1.4410358940277006
78.4,1.9307002105652227,1.4433377204911593
78.5,1.9636362176958981,1.445636522541979
78.60000000000001,1.8712621692137625,1.447938854686166
78.7,1.9024471050416625,1.4502424055437622
78.8,1.8337517586749124,1.4525385188740487
78.89999999999999,1.6850698326143616,1.4548097695297435
79.0,1.351642047576401,1.4570864820645846
79.1,1.2370424019270492,1.4593633394443164
79.2,1.208123189358641,1.4616618547074833
79.30000000000001,0.9813072171709628,1.4639704261809745
79.39999999999999,0.7138199479344361,1.4662634394827532
79.5,0.7173272896363885,1.468563781578632
79.6,0.6245809844192537,1.4708445999776176
79.7,0.7997320124942553,1.4731273587437665
79.80000000000001,0.697965799293376,1.475432626801695
79.9,0.7167140193798173,1.4777378421754652
80.0,0.7411554593830492,1.4800518153208133
80.1,0.7955708527000753,1.4823679187119043
80.2,0.9015421298816708,1.4846778974146873
80.3,0.9537022766218556,1.4869654695266121
80.4,0.8823316925519623,1.4892869002061602
80.5,0.9156083344625687,1.4915906998547495
80.6,0.7957555568948045,1.4939254081174873
80.7,0.7260429762928415,1.4962392288968345
80.8,0.7069035365734124,1.4985418811489264
80.9,0.628724716115564,1.5008474787561417
81.0,0.613569067703387,1.5031724775224393
81.1,0.6103380234717903,1.5055046978674669
81.2,0.5713122708155636,1.5078222995884367
81.3,0.5889791019137449,1.5101431965879586
81.4,0.5899743788701799,1.5124684184406014
81.5,0.5923732013533006,1.5147953743127962
81.60000000000001,0.5807934242636218,1.517124383312964
81.69999999999999,0.5867293951436953,1.5194785188104927
81.8,0.5395917076988411,1.521852605507331
81.9,0.5511739934655484,1.524238159352626
82.0,0.5909578222397314,1.5266167861042803
82.10000000000001,0.6180760343013605,1.529020660269195
82.2,0.5827244611842877,1.5314103533077899
82.3,0.596159485836323,1.5337982752086945
82.39999999999999,0.5813838498367822,1.5361998135279176
82.5,0.5803378384575612,1.5386346985630381
82.60000000000001,0.5818359750077136,1.5410640732718444
82.7,0.5828852442363365,1.5435420002443059
82.8,0.5840862959296779,1.5460394961329245
82.89999999999999,0.5901763893836532,1.5485316558355628
83.0,0.5901438567288649,1.5510419727071887
83.1,0.5896824051498016,1.5535625669623525
83.2,0.5876316808519458,1.5560565717885
83.30000000000001,0.5808871226732476,1.55858913151329
83.39999999999999,0.5819150081166511,1.5611214636397739
83.5,0.5968592980321007,1.5636556465049827
83.6,0.5838797969129952,1.5661846451860948
83.7,0.6375590419795272,1.5687328217797116
83.8,0.6415851156297417,1.571283439855679
83.9,0.5873062144740644,1.5738428426969922
84.0,0.5690448281574535,1.5764297807082424
84.1,0.6133802026776902,1.5790366713798167
84.2,0.6055855951669638,1.581640546033557
84.3,0.5666753364358303,1.584239994727871
84.4,0.5623223471629953,1.5868249116387707
84.5,0.5561414405950382,1.5894013243524947
84.6,0.6004559582854303,1.5920048861942813
84.7,0.7234547168275232,1.5946084475365427
84.8,0.7054030374645424,1.597212369756356
84.9,0.7769816260742395,1.59982765328934
85.0,0.8428241345946587,1.6024773622656538
85.1,0.7352255706811479,1.6051075538462403
85.19999999999999,0.6926542883361719,1.6077355613230608
85.3,0.6079829807636539,1.6103835795752397
85.4,0.6436033167200912,1.6130428801088927
85.5,0.6993271630411236,1.6156779855488455
85.60000000000001,0.6790145100755443,1.6183150985403256
85.69999999999999,0.7276572450905674,1.620949997475038
85.8,0.7894350897931262,1.6235618413373025
85.9,0.8385230921455926,1.6261881506478668
86.0,0.8268098166427129,1.6288275782217316
86.10000000000001,0.9412813546592044,1.631474971396699
86.2,0.966555890532657,1.6341238425396074
86.3,0.877754346601626,1.6367618844266014
86.39999999999999,0.8115080323646211,1.639390052836141
86.5,0.8158768741108557,1.642028534633863
86.6,0.8604567279137345,1.6446811093959017
86.7,0.9766330519226769,1.6473338152527939
86.80000000000001,1.1355100683900126,1.6499677033762534
86.89999999999999,1.1547890555107718,1.6526180447759529
87.0,1.164755218063543,1.655293945274971
87.1,1.2201844142342897,1.6579868592371407
87.2,1.2238725521295393,1.6606968818295997
87.30000000000001,1.1527682680983962,1.663412316487105
87.4,1.038014703993888,1.666119404529997
87.5,0.938278220793138,1.6688017520326648
87.6,0.995555874638941,1.6715081686750692
87.7,0.9623180021449156,1.6742269734247763
87.8,1.0137698182020616,1.676954220691298
87.9,1.07157249426913,1.6796751768224096
88.0,0.9848390178070551,1.6824115837204854
88.1,0.8962429197399363,1.6851733806270124
88.2,0.8779984888305578,1.687970041698474
88.3,0.8017613746345233,1.6907803723451595
88.4,0.7481497488999478,1.693627613311386
88.5,0.6808890926422947,1.6964995868769726
88.6,0.8196691313363766,1.6993939575616124
88.7,0.7434897820013154,1.7023083431360606
88.8,0.7991715694501902,1.7052299048450172
88.9,0.754138374186851,1.7081387253936282
89.0,0.7782745344387512,1.711032844717779
89.10000000000001,0.7770574716073206,1.7139766006247599
89.19999999999999,0.7272474618672837,1.7169154673120892
89.3,0.7925844132834668,1.7198766470590057
89.4,0.8178411529236701,1.7228472067502896
89.5,0.7038084809298064,1.7257960826901457
89.60000000000001,0.6011905687335886,1.72870319969104
89.7,0.6307703450726991,1.7316208509978852
89.8,0.7080782860037905,1.734519608252155
89.89999999999999,0.5867399386516197,1.737434474434203
90.0,0.6916668358969423,1.7403825903963432
90.10000000000001,0.7270979287488513,1.7433272251380834
90.2,0.6930845720968144,1.7462701932055569
90.3,0.5825491642667595,1.749269198960215
90.39999999999999,0.6227466897726053,1.7522822581629804
90.5,0.6315681616552759,1.7553359170615712
90.6,0.8001914772912527,1.7584033422845202
90.7,0.7606323166932638,1.761508898156389
90.80000000000001,0.9301475211615706,1.7646479035914755
90.89999999999999,0.986777140308543,1.7677894198408448
91.0,1.010173249587493,1.7709264249002024
91.1,1.1384163830844147,1.7741044054230306
91.2,1.1208858735540657,1.7773232751756087
91.3,1.0260691064215424,1.7805364950630782
91.4,1.197809375935087,1.7837296266519438
91.5,1.28565378191951,1.786953546791101
91.6,1.507935234229173,1.790180786088044
91.7,1.3031274576886673,1.7934164213551993
91.8,1.323053417044536,1.7966801296802835
91.9,1.2317671356268214,1.7999683177290344
92.0,1.2092642193579144,1.8033046540539015
92.1,1.2301393786764427,1.8066751397445948
92.2,1.149641818485168,1.8100793077926745
92.3,1.1970526078414743,1.8134734154486287
92.4,1.379785520103722,1.8168345772604106
92.5,1.2987361011777736,1.8202184305657414
92.6,1.3532765883158016,1.8236162378535246
92.69999999999999,1.4265206715835297,1.8270345469023141
92.8,1.4508544312328642,1.8304492813838875
92.9,1.4162991672835528,1.8339049325515582
93.0,1.4578096710697623,1.8373638865986206
93.10000000000001,1.4781877971727404,1.8408325902656213
93.19999999999999,1.329338786735689,1.8443113674006648
93.3,1.2946877615438614,1.847747313271987
93.4,1.4096734126839054,1.8512174458562827
93.5,1.3473266670415127,1.8546879374579994
93.60000000000001,1.334220877549133,1.8581556161061268
93.7,1.4765931669167844,1.8616415715090753
93.8,1.4682495478050437,1.865145883196149
93.89999999999999,1.3050942573753044,1.8686889433621032
94.0,1.4101690206456574,1.8722321551237693
94.1,1.30854258227624,1.875796517973099
94.2,1.3227479294475324,1.879381382772434
94.30000000000001,1.2178146834007715,1.883006834827563
94.39999999999999,1.2375366584104392,1.8866785281584488
94.5,1.2536722101542148,1.8903540149979237
94.6,1.2241653780441037,1.8940338751711019
94.7,1.2789687536669223,1.8977350239804225
94.80000000000001,1.4280370115173535,1.901418534316226
94.9,1.5019085565937307,1.9051513652458762
95.0,1.3747088212856282,1.9089402090529084
95.1,1.4223649450480957,1.9127666314565561
95.2,1.389298550289039,1.9166208903738209
95.3,1.446912246988342,1.9204886011320683
95.4,1.4295855046339572,1.9243554368486868
95.5,1.4534850327115594,1.9282280446815454
95.6,1.4575759659274292,1.932118483327164
95.7,1.3971124533715922,1.9360429392990146
95.8,1.4095893384167248,1.9400070835971157
95.9,1.3250816605277222,1.9439896834371075
96.0,1.3150307460065025,1.9480016176033204
96.1,1.2470141702564834,1.9520243862755144
96.2,1.250565026782538,1.9560937615171776
96.3,1.3061535792312702,1.9601901384646594
96.4,1.2815696432005612,1.9642773602490942
96.5,1.1812547208296236,1.9683532294584052
96.60000000000001,1.2977548964462173,1.972463983039224
96.69999999999999,1.3333253371328246,1.9766335270844648
96.8,1.3332275692866735,1.9808061596566455
96.9,1.2308717808736838,1.9850012558921482
97.0,1.2481415457395337,1.989189288089408
97.10000000000001,1.3183523555081176,1.993428327074244
97.2,1.441633089256739,1.9976609529152345
97.3,1.4507470500044213,2.0018989588701883
97.39999999999999,1.3889557917147022,2.006084582210487
97.5,1.2967709908114502,2.0103048666157113
97.60000000000001,1.3898447757759393,2.0145591239527625
97.7,1.5084856760905887,2.018822465701073
97.8,1.4331672916225804,2.0230939502292764
97.89999999999999,1.4597468391227784,2.027369094691861
98.0,1.508406094576821,2.031649695579568
98.1,1.6422079277203188,2.0359418481825986
98.2,1.602579241244787,2.040218253844503
98.30000000000001,1.5957972098264988,2.0444811138981467
98.39999999999999,1.6657093233438398,2.0487664373171977
98.5,1.6267101439960956,2.0530781228733055
98.6,1.4882997279494172,2.057417462883802
98.7,1.3133663737340209,2.0618297462569775
98.8,1.3719603084578367,2.066286721441893
98.9,1.3829852959445421,2.07075950377722
99.0,1.2378475839798295,2.075219721410459
99.1,1.2151342908124567,2.079704216301816
99.2,1.3351496014837412,2.0842082645501265
99.3,1.2771298631890875,2.0887472701511927
99.4,1.2585458628675306,2.093284397334747
99.5,1.309340086926853,2.0978509385415314
99.6,1.257462295305703,2.1024344399200134
99.7,1.3379137695279764,2.1070275550276474
99.8,1.2929378342293232,2.1116373392080705
99.9,1.2667239075346082,2.116300798431954
100.0,1.2305940978134404,2.1209834732011363
100.1,1.2187672781200094,2.1256846992479814
100.19999999999999,1.2483968824331495,2.130394187146785
100.3,1.2150039472433143,2.1351297035229546
100.4,1.238587755273899,2.1398884503493187
100.5,1.131517161832656,2.144662377843601
100.60000000000001,1.1401668714390856,2.1494601165009968
100.69999999999999,1.1386327685436168,2.1542529493116906
100.8,1.1228092295066363,2.1590532596442666
100.9,1.1509405855607127,2.1638768165937776
101.0,1.1150734397539739,2.168744797524957
101.10000000000001,1.098292002053414,2.173596547616691
101.2,1.1010013305404682,2.178498159597403
101.3,1.061275968860703,2.183426904082202
101.39999999999999,1.0581907391623901,2.1883924021721386
101.5,1.0395406524107973,2.193356371073053
101.6,1.0173525471872924,2.1983804165186935
101.7,0.9710445193877932,2.2034168492054906
101.80000000000001,1.0152373020456549,2.208435842335968
101.89999999999999,1.0411415116691214,2.2134870941724154
102.0,1.0218955965801237,2.218576388403751
102.1,1.0142833647167893,2.2236782641167636
102.2,1.0083831524144502,2.2288525369572785
102.30000000000001,0.9937266333584482,2.234031836812548
102.4,1.0141764752456666,2.239210875230363
102.5,1.022886876722472,2.2443858064896003
102.6,1.0145768580741437,2.249561879018148
102.7,1.0049462448057096,2.254732420207313
102.8,1.04281210511321,2.2599165908882806
102.9,1.0527707569691205,2.265116393323579
103.0,1.0571411857675992,2.270327097891182
103.1,1.0538578610841132,2.275558406806442
103.2,1.0661793048722221,2.280797924371053
103.3,1.056970555820467,2.286052389154872
103.4,1.0430495906604111,2.2912955446173386
103.5,1.0406354776256235,2.2965731360550077
103.6,1.0373989978016056,2.301894796698171
103.7,1.0390981009911648,2.3072278047173738
103.8,1.0348802825318293,2.312603496594495
103.9,1.0365985233928148,2.3180117716590534
104.0,1.03759372773762,2.3234725271588657
104.10000000000001,1.040121723316642,2.3289048638684293
104.19999999999999,1.0418685435254809,2.3343457853298277
104.3,1.043891410819758,2.3397995934670632
104.4,1.0511514255656764,2.345245314737661
104.5,1.0520101942837223,2.350695105378694
104.60000000000001,1.0527670597096015,2.3561637866876395
104.7,1.056595907648219,2.361643604103257
104.8,1.0618960796841306,2.367171256160143
104.89999999999999,1.0626968111471173,2.3727666543137995
105.0,1.0625387759301492,2.3783886683166093
105.10000000000001,1.0657581960651197,2.3840049713666596
105.2,1.0654232188804778,2.389616146175129
105.3,1.059127174832057,2.395252571939561
105.39999999999999,1.0634122619259878,2.400929980596569
105.5,1.0908515474785856,2.406647113335419
105.6,1.082231101952175,2.412382697906737
105.7,1.0943601652203012,2.4181655378406393
105.80000000000001,1.0920181237680633,2.423943324061727
105.89999999999999,1.0618358162682735,2.429722689128316
106.0,1.0502983335232878,2.4355359533764585
106.1,1.0650482358627207,2.4413489961713157
106.2,1.0273273317830243,2.4471726883408893
106.3,1.0172660531481625,2.4530381232084597
106.4,1.0481292463296703,2.458920158344574
106.5,1.0980730230894555,2.464838734870628
106.6,1.1024292543281071,2.470806544549096
106.7,1.0497128497724217,2.4767766036693373
106.8,1.1163591820428793,2.482773580544815
106.9,1.134718154438714,2.4888067956622897
107.0,1.1063185533421842,2.4948446822298505
107.1,1.0821235971148038,2.5009510712861207
107.2,1.0982275429284092,2.5071226928693213
107.3,1.124885685280298,2.5133217398671355
107.4,1.1382832835543222,2.5195652503249226
107.5,1.0728051807172279,2.525822035302478
107.6,1.1065601895568766,2.5320896725388833
107.69999999999999,1.1935100201926414,2.5384080259340136
107.8,1.186762417632026,2.544749065284308
107.9,1.2753635735023159,2.551136893373858
108.0,1.2813946334431245,2.5575836985654377
108.10000000000001,1.3652667485742014,2.5640194878632587
108.19999999999999,1.4043983167044927,2.570501498649792
108.3,1.446497085060776,2.577003290500473
108.4,1.3261711958990277,2.5835372368717717
108.5,1.1934144450277173,2.590096039590723
108.60000000000001,1.207872992025654,2.5966457149470723
108.7,1.2827664335086877,2.603188316186377
108.8,1.330493699900572,2.6097579553519163
108.89999999999999,1.380885747072337,2.6163364096662427
109.0,1.282561191702581,2.6229179425934324
109.1,1.1932855994967768,2.629519144680925
109.2,1.086681656462208,2.636190227798342
109.30000000000001,1.0568777282608144,2.6428488224767865
109.39999999999999,1.0021841315975548,2.64950202890041
109.5,1.0267364004449475,2.6561770887208196
109.6,0.9998176016917386,2.6628942710424903
109.7,0.9693196681311874,2.669637343842177
109.80000000000001,0.9816430680435211,2.6764503691637045
109.9,0.9743240890588598,2.683319773096571
110.0,0.9224946004265668,2.690174018302437
110.1,0.9649779635017671,2.697060999291655
110.2,0.9688928040022784,2.7039630438890527
110.3,0.9150311626287897,2.7108781467634406
110.4,0.7922353160024201,2.717814711432581
110.5,0.7599294748029533,2.724768422984866
110.6,0.7420217465778556,2.731720877678879
110.7,0.7413861163111962,2.7386836399013252
110.8,0.8121320197056295,2.7456989203074
110.9,0.7836160069068754,2.752772055653944
111.0,0.9123108058172875,2.7598005741397715
111.1,0.8052697336859683,2.766859707048658
111.2,0.9839226796900176,2.773935501506952
111.3,0.9909738800604084,2.7810216503224714
111.4,0.9749915049660637,2.788204679163199
111.5,0.9796302174554975,2.795451557084917
111.60000000000001,1.022841466664793,2.802676629532855
111.69999999999999,1.2400538046975527,2.8099485969899294
111.8,1.149856948496209,2.8172430829255575
111.9,1.1464949066794117,2.8245320444778983
112.0,0.9820918210451698,2.8318389351290882
112.10000000000001,0.7978262661633662,2.8392059608723668
112.2,0.840969086342074,2.8465667805974233
112.3,1.0160206238566656,2.8539467506007274
112.39999999999999,0.9876669901295503,2.861360133446735
112.5,0.9445482627232633,2.8687511958961798
112.60000000000001,1.1366485996821676,2.876187659187016
112.7,1.1146655282436702,2.8836443351168217
112.8,1.0808816898680802,2.8911679388056033
112.89999999999999,0.9121819558951438,2.898710064370129
113.0,1.0203594372450935,2.9062928555875085
113.1,1.030753525962129,2.9138796779486738
113.2,1.2089430110510764,2.9215419611020357
113.30000000000001,1.072354754845547,2.9291797140813802
113.39999999999999,1.4289362280106004,2.936836143227708
113.5,1.7180428977278523,2.9444697220936877
113.6,1.524540419867038,2.9520979590652034
113.7,1.714808151772917,2.959746862374219
113.8,1.8508136802855732,2.9673822812806967
113.9,1.6006918356041413,2.9751018875530137
114.0,1.8235688712738243,2.9828628442938907
114.1,1.5134349362016462,2.9906724349989013
114.2,1.6757247164750069,2.9984780480338995
114.3,1.60836831087116,3.006272564945421
114.4,1.5640903015048133,3.014121426024671
114.5,1.2728423050839242,3.0220214462788424
114.6,1.4229151176127794,3.029929406239004
114.7,1.784415668584236,3.0378449874410167
114.8,1.8281109256965526,3.045781972549825
114.9,1.4207385028708892,3.0537304285492395
115.0,1.1020167744090876,3.061712072181244
115.1,1.4733494579861102,3.069724367864897
115.19999999999999,1.0655160621762079,3.0777661498664943
115.3,1.153880815714141,3.0858565709421266
115.4,1.1214752837776734,3.0939876917388425
115.5,1.4344742687451673,3.1021686248026814
115.60000000000001,1.375448833574595,3.1103532539752683
115.69999999999999,1.8682223269606573,3.1186330178202972
115.8,1.7522904614998762,3.1269259953242363
115.9,1.6743025378156995,3.1352190177509947
116.0,1.7065139661602504,3.1435441032685754
116.10000000000001,1.3141151526636177,3.1519463310122138
116.2,1.0094722714144484,3.160332741399028
116.3,0.6274510130237688,3.16879548217646
116.39999999999999,0.7089303716958503,3.177293678745851
116.5,0.7879124511449493,3.185774482782568
116.6,0.9559112670785995,3.1942481520711175
116.7,0.67157057587115,3.2027901380646577
116.80000000000001,0.800169642999471,3.2113526968425408
116.89999999999999,0.9884314492980862,3.2199234262552694
117.0,1.052606082635299,3.2285187288404473
117.1,0.764897811197259,3.237086221937922
117.2,0.47529584577512146,3.2456339809773636
117.30000000000001,0.4379572213966878,3.254220509033212
117.4,0.43579231980823363,3.2627745116302567
117.5,0.5929694355509341,3.27134855030043
117.6,0.4923712418830771,3.279911415925066
117.7,0.3963657599171978,3.288549449294706
117.8,0.6006425620178474,3.2971976932647387
117.9,0.5574730547969177,3.305858917927705
118.0,0.7778455488001204,3.3145337862223507
118.1,0.6742070525142874,3.3232687901155584
118.2,0.641653234919456,3.331983785358679
118.3,0.5473814200249875,3.340744971107009
118.4,0.4592614608002898,3.349588250405111
118.5,0.4703261330928281,3.3584890637066955
118.6,0.3639543722812103,3.3673640916685486
118.7,0.34473209415015904,3.376262568246924
118.8,0.34880221250083854,3.385164483553198
118.9,0.3430743404358273,3.394041971233021
119.0,0.34673834364619693,3.4029712652651893
119.10000000000001,0.3705855071137816,3.411931247954585
119.19999999999999,0.36795080093599675,3.420907203187513
119.3,0.3648319779158938,3.429882963687324
119.4,0.3661364079450339,3.438869594406084
119.5,0.37481457378821204,3.447793478522782
119.60000000000001,0.3964604909472338,3.4567557711034596
119.7,0.40168952278414327,3.4658122451517572
119.8,0.3994084432802183,3.474892834433354
119.89999999999999,0.3941304723762189,3.483978012414693
120.0,0.3932336107662684,3.4930816556642936
120.1,0.3977014588220398,3.50216529774724
120.2,0.40919134204601565,3.5113112200703123
120.3,0.5928959792580775,3.5204347648434537
120.4,0.6414362659273651,3.529590761179337
120.5,0.44959575064081003,3.538719833712687
120.6,0.44602917418336085,3.547920528817432
120.7,0.49312533636960054,3.5572001633121744
120.8,0.5257707744596785,3.566484017091657
120.9,0.46686490059049324,3.575817159892398
121.0,0.6322564389379423,3.5852646923709695
121.10000000000001,0.5744728663681354,3.594727393515482
121.2,0.520767026353444,3.604210680851131
121.29999999999998,0.5218236089079811,3.613704517971401
121.4,0.6036230701694277,3.623241298230229
121.5,0.6950614157402969,3.632827296539305
121.60000000000001,0.6499656973549517,3.642470144800387
121.7,0.5548152042819321,3.6521852978649347
121.79999999999998,0.5403534382035081,3.6619145564265008
121.9,0.5490840355296996,3.67165457140016
122.0,0.565377104273456,3.6814060922797225
122.10000000000001,0.5917995596115843,3.691185421284508
122.2,0.5650393115566827,3.7010410574391197
122.30000000000001,0.572841178016626,3.710943181282696
122.4,0.5940734498440517,3.7208531910944966
122.49999999999999,0.5934629899572912,3.7308109128732685
122.60000000000001,0.5986528332613801,3.7407854809338255
122.69999999999999,0.6043118394091216,3.7508093474402573
122.80000000000001,0.6233473157291158,3.7608492920796417
122.9,0.6212060256891818,3.7709419750611213
122.99999999999999,0.6309378668066855,3.781069296049881
123.10000000000001,0.7916725891171673,3.7912117584339704
123.19999999999999,0.8268831096613769,3.80139251440875
123.30000000000001,0.8823070020095319,3.8116062814216356
123.4,0.8526788637891252,3.8218553917091915
123.49999999999999,0.8604545312910543,3.8320955198529836
123.60000000000001,0.826550703167596,3.842363998947305
123.69999999999999,0.8781904821406874,3.852721216174838
123.80000000000001,0.7799318914430977,3.86304398424615
123.89999999999999,0.9023426112013151,3.873430928293197
124.00000000000001,1.3270364121671976,3.883881509666879
124.1,1.4439072617220736,3.8943349146783124
124.19999999999999,1.6789658061578496,3.9048176225306794
124.30000000000001,1.835913498480922,3.9153191053314864
124.39999999999999,1.872485175301715,3.925789634029301
124.50000000000001,2.287540457693099,3.9362910687430364
124.6,2.512188470744282,3.9468036653425287
124.69999999999999,2.0059035030155354,3.957447178087451
124.80000000000001,2.649796199655573,3.968069097905013
124.89999999999999,2.8486640705815187,3.978650631128844
125.00000000000001,2.7118361700639255,3.9892454916605002
125.1,3.5288096633099677,3.999848366265804
125.19999999999999,3.480997620511865,4.010443185970741
125.3,3.0372702561134926,4.02109148924253
125.39999999999999,2.7205590745411654,4.031787084376013
125.5,2.3936948623064342,4.042549437432937
125.6,2.2320748366546574,4.05332544116928
125.70000000000002,2.008044862257696,4.064088317465769
125.8,1.8506041483351265,4.0748608552281524
125.89999999999999,1.4826356791204147,4.085633842704002
126.0,1.8639029122142579,4.096407954966029
126.1,1.6388861872555076,4.107187759534495
126.20000000000002,1.4493769831175312,4.1179974949158575
126.3,2.1022818939608072,4.128796560081208
126.39999999999999,1.7619534491561744,4.139604144995468
126.5,2.0970900659354808,4.150408994411665
126.6,2.1959043152750817,4.161151711135766
126.7,2.384854090547537,4.171863004051821
126.8,2.2955951218019166,4.1826090777929466
126.9,2.527149403506288,4.193409146849665
127.0,2.8803681226172113,4.204240491791355
127.1,2.581798240333178,4.215116787989677
127.2,2.167009253981069,4.225968404645213
127.3,2.33105760183761,4.23686042059274
127.4,2.257392274649924,4.2477954773966875
127.5,2.550125628990186,4.258745623892457
127.6,2.1199459762523616,4.269721334661449
127.7,2.1921017582005766,4.280762989474612
127.8,2.218835945712368,4.291816328405859
127.9,2.08646845170819,4.302814261159715
128.0,1.9594969851403206,4.313755297590372
128.1,1.8958259930304755,4.324739046741952
128.2,2.019569624814943,4.335774752015823
128.29999999999998,2.2477035325274133,4.3467949454809744
128.4,2.0796613070423517,4.357789508248661
128.5,2.5033347994811765,4.36876098708548
128.60000000000002,2.9683462712200464,4.379768881400322
128.7,2.618942704278079,4.390768064343382
128.79999999999998,2.425608195845693,4.40168937626267
128.9,2.3655051246613206,4.412733010023052
129.0,2.181431330594204,4.4237389901171955
129.10000000000002,2.0376697340146515,4.434755781016069
129.2,2.5926740373277646,4.445781602057581
129.29999999999998,3.1138082849209323,4.456828380366677
129.4,3.4994654338464795,4.4678775031933675
129.5,3.2038417068054468,4.478943247613911
129.60000000000002,2.696231869600376,4.490012084007269
129.7,2.615590350791997,4.501178514726177
129.8,3.344456405719127,4.512388487215867
129.9,3.597651142648804,4.523636371339444
130.0,4.145544019502294,4.534875382069892
130.1,4.403983551696346,4.546174857171305
130.2,4.787279289305742,4.5575010015497455
130.3,4.145095818829205,4.568860697532591
130.4,4.512071654059581,4.5802163143570755
130.5,5.261369947414361,4.5916081547223015
130.6,5.308300708694628,4.603038861356648
130.7,4.947201062635408,4.614471751288592
130.8,4.750591989582261,4.625985469970198
130.9,4.223879307871476,4.637532667557882
131.0,3.9468769365744936,4.649161568139418
131.1,4.548840421047225,4.660843386855834
131.2,4.8038445951563045,4.672510829248941
131.3,5.018602799196325,4.684224168552259
131.4,5.928627913166833,4.69590139220116
131.5,5.581375316896481,4.707535786577965
131.6,5.6276080591636575,4.719200416628137
131.7,6.942673684427546,4.730849149257786
131.8,7.452330668452249,4.7425865628682375
131.9,7.651185614756357,4.7543600351450905
132.0,7.665568630675005,4.766128739280937
132.1,7.284635984698609,4.7779461821055795
132.2,6.2555398419836665,4.789739212657805
132.3,5.0303861136342105,4.801637658254911
132.4,6.423872239110918,4.81362388595742
132.5,6.209061224082338,4.825617608396035
132.6,6.408771438864325,4.837662635395053
132.7,6.247842129604208,4.849697931670583
132.8,5.55933203479959,4.8617364388525885
132.89999999999998,5.432903927164439,4.873805768221521
133.0,6.110617974772734,4.88589322397162
133.1,7.210186796513763,4.897973464743471
133.20000000000002,7.59864821855765,4.91001097984326
133.3,7.154441332763618,4.922034339518503
133.39999999999998,6.801338495811504,4.93410308674358
133.5,7.619620471230584,4.94625555082772
133.6,7.7743401149868285,4.958426732605357
133.70000000000002,8.012478008080329,4.970588838648281
133.8,7.197566316181818,4.982675784944926
133.89999999999998,7.028658098851263,4.994740996500928
134.0,6.797505852376361,5.006808998507218
134.1,7.003251115826704,5.018914826260843
134.20000000000002,6.018960515570399,5.03095050948845
134.3,6.68595120889625,5.043013622769312
134.4,7.2247959550232475,5.055059550283047
134.5,6.836520306602233,5.067061779175539
134.6,7.449885636393032,5.079068965149823
134.70000000000002,6.7191610403335265,5.0910913585628705
134.79999999999998,6.8816202267417985,5.103120660956095
134.9,6.337009894719701,5.115111068821896
135.0,6.342756051565368,5.127070262630589
135.1,6.272171530173462,5.139003495976131
135.20000000000002,6.246661900022677,5.15089956008151
135.29999999999998,6.540187125319428,5.162778471838935
135.4,6.840007958072479,5.174633499144576
135.5,6.6482551599085165,5.186440831682737
135.6,6.389633445352111,5.198247186444409
135.7,6.138823842418083,5.21000958560175
135.79999999999998,6.410223315907907,5.221728532987292
135.9,6.705573993977679,5.2334109151913975
136.0,6.753402776451282,5.2450933755198355
136.10000000000002,6.856271447026823,5.256786339070327
136.2,6.75531535984232,5.268564200196293
136.29999999999998,6.86583885890612,5.280389890638633
136.4,6.932132726537243,5.292190912304914
136.5,7.125225103798866,5.303998547951894
136.60000000000002,7.477764219427313,5.3158544729987
136.7,7.350846566561638,5.3277155242362255
136.79999999999998,7.407401411146886,5.33957595829591
136.9,7.561063243127255,5.351500687672777
137.0,7.539195181267084,5.363406258175393
137.10000000000002,7.515751090214172,5.3753250527629035
137.2,7.370556884539718,5.387216040395607
137.3,7.398602904580181,5.399113462229879
137.4,7.4286011688096,5.410912888182139
137.5,7.501831791393618,5.422709514411727
137.6,7.522423775911084,5.434433613992869
137.7,7.4009254656303565,5.446102173507635
137.8,7.375255382440421,5.457776285298872
137.9,7.381703450443439,5.46934611744798
138.0,7.441698485679377,5.480902559151257
138.1,7.3917811080471845,5.492406022197176
138.2,7.469057747029384,5.503888085646
138.3,7.689671278871106,5.515385923067083
138.4,7.545251013381535,5.526883731362345
138.5,7.505919450151347,5.53845061686696
138.6,7.545781302074197,5.550067369421955
138.7,7.5977667093422685,5.561621318729561
138.8,7.693234878269521,5.573141896244542
138.9,7.5808423226886354,5.584704779471489
139.0,7.787987873197181,5.59623589260934
139.1,7.598803297510722,5.607775098804227
139.2,7.522591490463123,5.619345671301649
139.3,7.147039772873626,5.630888313826329
139.4,7.4722430323981985,5.642456492685456
139.5,7.661576643284851,5.654110768997835
139.6,7.70023574552664,5.665734250827384
139.7,7.834414953379392,5.677388691213411
139.8,7.964725652336628,5.689026632217928
139.9,8.331590548852088,5.700667411618455
140.0,8.21355742846804,5.712367206851991
140.1,7.9061141260719765,5.72399679792559
140.2,7.684052461067228,5.7355755868365
140.3,7.624270744047396,5.747268718525703
140.39999999999998,7.657102549562898,5.758855803293203
140.5,7.826425848217491,5.770338090384087
140.6,7.915647110555858,5.781766817755878
140.70000000000002,7.970923168504587,5.793200028980035
140.8,7.858468187222079,5.804616920075614
140.89999999999998,7.535077224007312,5.81603142904758
141.0,7.996213469167484,5.827488006035647
141.1,7.6751819311139595,5.83896045109428
141.20000000000002,7.434470680582749,5.850517396956377
141.3,7.637050671188242,5.862139993092298
141.39999999999998,7.773375004381152,5.873753289634978
141.5,7.802566198982266,5.8854056698760004
141.6,7.494408085225412,5.897026414257753
141.70000000000002,7.558512645580769,5.908671041738399
141.8,7.270089016979773,5.920252790419681
141.9,7.414006307783589,5.931812154126437
142.0,7.126012979812717,5.94343553690071
142.1,7.198643345587907,5.955044756407894
142.20000000000002,7.4584220694790595,5.966617809052144
142.29999999999998,6.855102190508239,5.978117980619957
142.4,6.517819776857944,5.989607645607046
142.5,6.618086229766355,6.00104390537273
142.6,6.757635631369113,6.012560268739428
142.70000000000002,7.252942328716927,6.024169909329352
142.79999999999998,7.264413358330511,6.035779850746504
142.9,6.729669663301669,6.047409675560441
143.0,7.193953182607632,6.059027422122216
143.1,6.897371191733663,6.070641592745981
143.2,6.8077483167922725,6.082277941980317
143.29999999999998,6.6962166096778555,6.09389489769236
143.4,6.840662739448266,6.105506249704688
143.5,6.736036939247219,6.11716011878333
143.60000000000002,6.492904176692598,6.128823455821406
143.7,6.675250021949392,6.140367349611501
143.79999999999998,6.708356699052615,6.1519970462160884
143.9,7.349194053011914,6.163568320019434
144.0,7.0114345458265905,6.175095628174306
144.10000000000002,6.9393194422892455,6.186541396535522
144.2,6.643536051180475,6.198058776960236
144.29999999999998,6.695641020715767,6.209609536884574
144.4,6.422743898044064,6.221245993772671
144.5,6.221953009574721,6.23293900851742
144.60000000000002,6.735500962781069,6.244598627332626
144.7,6.085703236987286,6.256264694483327
144.8,5.629277807811193,6.267918154964445
144.9,5.841070729704379,6.2795808834985785
145.0,5.618381334289935,6.291192954909396
145.1,5.696617384005995,6.302825487373081
145.2,6.0384271302887855,6.31439528082675
145.3,5.717292293858816,6.325919567359781
145.4,5.407769245117006,6.33741989282424
145.5,4.678425001374289,6.34886175550491
145.6,4.4974266338081215,6.360304915623858
145.7,4.686673291056289,6.371780613443798
145.8,4.836807094403078,6.383278559966692
145.9,4.523299764287245,6.394758443261287
146.0,4.443645297210868,6.406151525588108
146.1,4.643086840916253,6.417627042638961
146.2,4.8591884653687005,6.429019766641372
146.3,5.011605377690624,6.44037632376979
146.4,5.095056976523753,6.451728258813144
146.5,5.223188153359866,6.463044695301781
146.6,5.09242344015691,6.474354309891218
146.7,5.367503138213785,6.485639546720966
146.8,5.426549202118265,6.49692938558897
146.9,4.963951768113067,6.5082162165223805
147.0,4.502969696945844,6.519529663788928
147.1,4.504517603074423,6.5308339354244325
147.2,4.6540249417748205,6.542089422918178
147.3,4.828195500720322,6.553256638901769
147.4,4.727889078659118,6.564401742644013
147.5,4.6601249216931135,6.575482920115325
147.6,4.900679422880756,6.586555065712823
147.7,5.2012508985714065,6.597591911594078
147.8,5.397858384605754,6.608693058715151
147.89999999999998,5.115212336738771,6.6197663321411575
148.0,5.239187855559288,6.630822576375148
148.1,5.251073429496628,6.641863930688575
148.20000000000002,5.2978590697119845,6.65288002702397
148.3,4.932050769513185,6.663898465515638
148.39999999999998,5.181557072017653,6.674851619991529
148.5,5.181595868334178,6.685794995352866
148.6,5.348619171775402,6.696763467994771
148.70000000000002,5.358663487641173,6.707695366225652
148.8,5.146094410757977,6.718569673070863
148.89999999999998,5.052868049174897,6.729455669173161
149.0,5.015316123913419,6.740358620128239
149.1,5.065995022011056,6.751262621809593
149.20000000000002,5.006908512038318,6.762188645849503
149.3,5.070685746320677,6.7730690131226705
149.4,4.944575791917954,6.783953128057892
149.5,5.047703653581517,6.794827649543981
149.6,5.135726652269878,6.805746401265392
149.70000000000002,5.246186053975316,6.816623495068264
149.79999999999998,5.361673194895416,6.827501708952081
149.9,5.252785042906741,6.838372357418434
150.0,5.329601553883593,6.8492646352950874
150.1,5.424571001082424,6.860099266896633
150.20000000000002,5.246845198479918,6.870949465259145
150.29999999999998,5.380064630440997,6.881786612882882
150.4,5.238336877831794,6.892628639393031
150.5,5.456088217388778,6.903535896496047
150.6,5.292490281079889,6.914396263411007
150.7,5.429126846366602,6.925242176266717
150.79999999999998,5.317756421208724,6.936121433875263
150.9,5.403748162662525,6.94705450647933
151.0,5.311754041369662,6.957989272716439
151.10000000000002,5.106022262717624,6.968782856314796
151.2,5.281982301232674,6.979535150343278
151.29999999999998,5.371071571532842,6.9903172662118624
151.4,5.502492693524811,7.001043361590709
151.5,5.568917006626395,7.011840532264815
151.60000000000002,5.445699555951802,7.022625363277616
151.7,5.465143070384582,7.033434296818194
151.79999999999998,5.328690457454319,7.044231707612125
151.9,5.267145232790655,7.055081868690781
152.0,5.3039493796924235,7.065893283578459
152.10000000000002,5.175906474642445,7.076660416387742
152.2,5.214874415885998,7.087424373327632
152.3,5.315356867612384,7.098147474980755
152.4,5.419187098506887,7.108901536626316
152.5,5.650075530254822,7.119599775972778
152.6,5.575240133766948,7.130422820991662
152.7,5.574126231971251,7.141190303842162
152.8,5.587124029967504,7.151923845701017
152.9,5.528095683299081,7.1626463720426194
153.0,5.525083190854519,7.173376346408628
153.1,5.530977416971807,7.184089884740539
153.2,5.5527256054764464,7.194804059843679
153.3,5.47068383028685,7.205449530892663
153.4,5.474966784727016,7.216058362254001
153.5,5.479789766507126,7.226616793952758
153.6,5.487218915650404,7.237203058939778
153.7,5.4760909614025675,7.247794941213614
153.8,5.473187376003242,7.258356215671597
153.9,5.47169410275394,7.268884704663917
154.0,5.4998981778912714,7.279451034814887
154.1,5.4917792638828145,7.290082508782265
154.2,5.49406476045711,7.3006834642502945
154.3,5.504086937746452,7.31123757457132
154.4,5.508219153699131,7.321787591392342
154.5,5.512233909401646,7.33233362418906
154.6,5.526007773525459,7.342821980962732
154.7,5.555601024536372,7.3532810775474715
154.8,5.651758156999875,7.363754682472578
154.9,5.75903008542811,7.374173330882269
155.0,5.824106534160596,7.384551854104341
155.1,5.65187100280462,7.394886832588703
155.2,5.543735770495128,7.405168410359444
155.3,5.530495917530182,7.415399007125956
155.39999999999998,5.626204041037236,7.4256353897855885
155.5,5.723533155139314,7.435792375487491
155.6,5.8404093396414645,7.445998955455703
155.70000000000002,5.764714798071789,7.456177162798346
155.8,5.670839871659808,7.466318984050288
155.89999999999998,5.891395507001382,7.476398808933286
156.0,5.874964562440332,7.486468290431361
156.1,5.863627758336625,7.49646917043145
156.20000000000002,5.83819873216817,7.506478278780547
156.3,5.797259997162205,7.516490044578463
156.39999999999998,5.793112632964832,7.526407599870174
156.5,5.8539825731331705,7.536235640651081
156.6,5.835015434291558,7.545986571649035
156.70000000000002,5.698219508253466,7.555762818245954
156.8,5.773869880727071,7.565485133742673
156.9,5.838314649780162,7.575200951853956
157.0,5.742056208839015,7.584835024843855
157.1,5.828010716570198,7.594507045119402
157.20000000000002,5.879175212376099,7.6041683427975055
157.29999999999998,5.886233982090365,7.613782741049722
157.4,5.815418894062348,7.623329433312177
157.5,5.8842971986737105,7.632888133386617
157.6,6.017350652308281,7.642376560913794
157.70000000000002,6.077899822763958,7.65182580081105
157.79999999999998,6.066281790312333,7.661258971048678
157.9,6.0784095341426285,7.670683733852792
158.0,6.005644937511791,7.680076421810569
158.1,5.9162016253113725,7.689374419122148
158.2,5.986792016600223,7.698718359250286
158.29999999999998,5.858780746573023,7.708052138394246
158.4,6.08679374961533,7.717369896701051
158.5,6.02790817750993,7.726665318175581
158.60000000000002,6.111855962602893,7.735988398620542
158.7,6.037830884640286,7.745260003486191
158.79999999999998,6.022128159505404,7.75442844373993
158.9,6.0246764277555895,7.763648895504735
159.0,6.081140245622985,7.772833113155777
159.10000000000002,6.036281330958323,7.7819791196484225
159.2,6.204679501503984,7.791144404450997
159.29999999999998,6.171193462005364,7.800295977029238
159.4,6.4378249185353225,7.809472504370093
159.5,6.690269788843869,7.818600066320004
159.60000000000002,6.794887181003713,7.827674120310553
159.7,6.8476894229467185,7.836680716421526
159.8,6.928065492779437,7.845646232326676
159.9,6.902608380622628,7.854625745276106
160.0,6.906707976677729,7.863628843605042
160.1,6.806458214337099,7.872557509901253
160.2,6.904694879991524,7.881467442830486
160.3,6.951688071994681,7.890276588320962
160.4,7.0137689577971525,7.8990649322405915
160.5,7.196588450278512,7.907861518693631
160.6,7.347987514429615,7.916561373313299
160.7,7.3615777327167695,7.925226797924221
160.8,7.3231546120300095,7.933880552211006
160.9,7.383021084553009,7.942495704234865
161.0,7.409781540086364,7.9510479880664935
161.1,7.396548958615565,7.959557903988602
161.2,7.338785060904021,7.968073902464463
161.3,7.3626377974764985,7.976554775899322
161.4,7.344097302366428,7.985063338951134
161.5,7.355599313880823,7.99359251777252
161.6,7.361700219390464,8.001994446864757
161.7,7.361755064308824,8.010411812136416
161.8,7.364388986598273,8.01879253516216
161.9,7.370946151077068,8.02704970149983
162.0,7.409704574669794,8.03528602924698
162.1,7.3866386303914995,8.043475893495174
162.2,7.382713310617818,8.051664403650769
162.3,7.379297029608669,8.059830405995234
162.4,7.357729160812728,8.067993686608123
162.5,7.364198287960708,8.076143886214293
162.6,7.2324038886944475,8.084285703499804
162.7,7.3747338636973705,8.092410821417673
162.8,7.400384146736475,8.100424110673478
162.89999999999998,7.5192256154597334,8.108334143844647
163.0,7.728880090581565,8.116274887931489
163.1,7.662094297012766,8.124170211627808
163.20000000000002,7.68614187013929,8.13210663945608
163.3,7.517957884921474,8.140146384843781
163.39999999999998,7.524993529094084,8.14810780140472
163.5,7.4419641436251665,8.156015202874041
163.6,7.344176804074378,8.163976886578041
163.70000000000002,7.3801710963112175,8.171831115266848
163.8,7.2803531968649935,8.179629794330648
163.89999999999998,7.204449655956273,8.187372720448241
164.0,7.260047280233889,8.19505198319914
164.1,7.325624356725106,8.202679233305872
164.20000000000002,7.505244904623203,8.210342208627813
164.3,7.512377800568097,8.21802303757677
164.4,7.8199642033944805,8.225673690034363
164.5,7.868823244720131,8.233319988404165
164.6,8.012995244205806,8.240824297040277
164.70000000000002,7.818301709955152,8.248386415090483
164.79999999999998,7.819248731518297,8.255977163995594
164.9,7.696222436509865,8.26352140457014
165.0,7.7164199265090865,8.271025987681156
165.1,7.490376789556812,8.27851764781105
165.20000000000002,7.519451387773082,8.285920019856128
165.29999999999998,7.492530069787345,8.29328537193662
165.4,7.577123079374759,8.30064238594915
165.5,7.543666366224651,8.30803507039475
165.6,7.582330007902744,8.31540225454649
165.7,7.669676129751587,8.322689292462435
165.79999999999998,7.593960161518334,8.329891746822588
165.9,7.557777396295518,8.33707704524057
166.0,7.600691230538658,8.344289047485416
166.10000000000002,7.633647640642154,8.351606350164877
166.2,7.590930339581467,8.358879225094562
166.29999999999998,7.720102859630435,8.36620604334315
166.4,7.835665789081952,8.373434255405654
166.5,7.822884709749321,8.380586558485433
166.60000000000002,7.706029011266082,8.387659443809431
166.7,7.893456738308881,8.394703529209737
166.79999999999998,8.051827372464487,8.401666860960582
166.9,8.08352555336785,8.408555879270551
167.0,7.943885873161179,8.415371723967151
167.10000000000002,7.992881729631968,8.422036277940666
167.2,7.910750871002446,8.428680796072115
167.3,7.898511796765533,8.435364589452494
167.4,7.818973594829471,8.442061182656653
167.5,7.853983329408486,8.448791699311698
167.6,7.792843605841463,8.455551415184358
167.7,7.862364737826473,8.462320691005962
167.8,7.915308885841073,8.468933200679972
167.9,7.875802494960429,8.475410552099019
168.0,8.010086923225295,8.481785685254644
168.1,8.019068981600366,8.488034774730314
168.2,8.039302982872833,8.49435022900235
168.3,8.178676522533673,8.500553648577858
168.4,8.12936449188992,8.506730410287496
168.5,7.981715840213321,8.512882287115445
168.6,7.996485935813276,8.519024035245362
168.7,7.996719558949943,8.525203233451856
168.8,8.031990880432433,8.531338154435659
168.9,8.072713105605358,8.53746158729214
169.0,8.106098721150362,8.543534140577464
169.1,8.079863955680871,8.54964303842284
169.2,8.186079801310784,8.555769101748597
169.3,8.171800150392343,8.561916028118915
169.4,8.042887117777475,8.56796380355474
169.5,8.074693253855951,8.573886660253482
169.6,8.156761232119909,8.579734282963724
169.7,8.18134271005161,8.585537978512818
169.8,8.314464012774923,8.591295706875567
169.9,8.23187219886217,8.597011576632799
170.0,8.045479065552003,8.60265767897982
170.1,8.201864578488177,8.608333994468092
170.2,8.380170811644373,8.613953310631935
170.3,8.381815266285338,8.619460113752973
170.39999999999998,8.455862671018886,8.624956934792234
170.5,8.498061746911665,8.630517409819703
170.6,8.322877753025022,8.636037601959039
170.70000000000002,8.3515834732745,8.641478244827104
170.8,8.33718362982862,8.646929422473717
170.89999999999998,8.39035091073504,8.652302993780827
171.0,8.371325395798447,8.657679378258347
171.1,8.291635685396363,8.663017680881389
171.20000000000002,8.210684129232309,8.668299891879245
171.3,8.158579364054548,8.673600487605885
171.39999999999998,8.179659041334041,8.678912730208943
171.5,8.240487394189884,8.684200360464946
171.6,8.237074583031276,8.689458784369982
171.70000000000002,8.175977276315434,8.694664382121838
171.8,8.141694786379894,8.699873688352803
171.9,8.241606045930855,8.7050560448519
172.0,8.27065861754243,8.710193064955364
172.1,8.17315912454188,8.715322466713491
172.20000000000002,8.125679676853322,8.720407359588899
172.29999999999998,8.15066196433282,8.725471353974168
172.4,8.11589469106837,8.730490082140413
172.5,8.15969942011157,8.735411337683068
172.6,8.115702931942812,8.740287190260347
172.70000000000002,8.064354665956733,8.745131081586665
172.79999999999998,8.056086957159522,8.749978501407767
172.9,8.049981162908335,8.754828795110145
173.0,8.043820666770202,8.759585595730506
173.1,8.045902017815722,8.76425510370218
173.2,8.040996412978748,8.768845608152542
173.29999999999998,8.0560332762626,8.77351793600701
173.4,8.051740950224177,8.778153925814772
173.5,8.050792596879823,8.782770655997947
173.60000000000002,8.049297700559244,8.78731104053987
173.7,8.031999987065106,8.791855641662842
173.79999999999998,8.081208302749646,8.796360427347897
173.9,8.017109363148545,8.800792678893036
174.0,8.075293115463259,8.80517577350777
174.10000000000002,8.155862027074779,8.80950404507849
174.2,8.041088303994409,8.813887126401898
174.29999999999998,8.001814038877825,8.818296174493165
174.4,8.032489606671529,8.82264070180522
174.5,8.067284609430542,8.826948558644554
174.60000000000002,8.260329224936838,8.831182785997068
174.7,8.401586567766365,8.835295622294817
174.8,8.328982860466942,8.839370638821824
174.9,8.31561695667067,8.843499162849033
175.0,8.427810299167785,8.847577715439664
175.1,8.413448031436142,8.851531083702602
175.2,8.50220720260044,8.855461654344266
175.3,8.6125566662629,8.859315503083803
175.4,8.589071709086385,8.86316120711069
175.5,8.372202726407853,8.866932163995369
175.6,8.267098854600862,8.870658705043006
175.7,8.22932242414425,8.874364041820833
175.8,8.244021365136783,8.878003061799637
175.9,8.007219933957085,8.881585435973937
176.0,8.068779034914858,8.885131803484414
176.1,8.295397454995905,8.888616387590126
176.2,8.112446357298907,8.891974811518311
176.3,8.52171518799322,8.895282814992736
176.4,8.902784835319135,8.898526367144711
176.5,9.1315288813353,8.90183330878295
176.6,9.113042197239634,8.905160751635734
176.7,9.325125932093332,8.90848719214872
176.8,8.983926540247445,8.911765545102197
176.9,9.184145196863861,8.915023818485725
177.0,9.18546384084933,8.918359320588173
177.1,8.96767083134451,8.921690496057124
177.2,9.03931254430098,8.925077940995312
177.3,8.62745385495441,8.928472568204729
177.4,8.957680120262644,8.931833468273245
177.5,9.05123844417379,8.935145581764088
177.6,9.137045716161916,8.938425858559167
177.7,9.144905644482293,8.941739136361852
177.8,8.757531721714992,8.94504631042962
177.89999999999998,8.796421661118135,8.948342022825793
178.0,8.667338327306792,8.951614896296082
178.1,8.388200329853541,8.954890761885718
178.20000000000002,8.471223499481143,8.958177610922903
178.3,8.40105789445197,8.96147031439543
178.39999999999998,8.16978908957872,8.964618089644869
178.5,8.339542591298024,8.967681380849482
178.6,8.641084872876485,8.970654256339806
178.70000000000002,8.519103087976665,8.973556092283996
178.8,8.592181284873865,8.97639554120673
178.89999999999998,8.555223912673654,8.979257277081299
179.0,8.310450885742853,8.982200151004983
179.1,8.152196709427411,8.985095176261922
179.20000000000002,8.163403349338587,8.988000062455725
179.3,8.264363553821164,8.990818948597864
179.4,8.2224503037183,8.993583584161822
179.5,8.30427092948369,8.996266986286095
179.6,8.290098989519354,8.998975040226098
179.70000000000002,8.165139746004712,9.001720131872055
179.79999999999998,8.370181744501094,9.004429654909906
179.9,8.510206161338546,9.007149534754653
180.0,8.608605418159652,9.009857055569867
180.1,8.828143782321431,9.012564216546815
180.20000000000002,8.835794384836055,9.015226949068147
180.29999999999998,8.708660459267733,9.017893564745092
180.4,8.777142287712927,9.020528018575595
180.5,8.788978507948936,9.023174702800077
180.6,8.87567599023159,9.025766314621292
180.7,8.934604788356275,9.02838251637272
180.79999999999998,8.993026304529558,9.031009741551669
180.9,9.131019785176118,9.033622890038478
181.0,9.04618872396723,9.036284310826732
181.10000000000002,8.941697016854025,9.03883623266312
181.2,8.902730690840084,9.041426940312585
181.29999999999998,8.938535760121813,9.044004722595629
181.4,8.902291220841938,9.046495540719793
181.5,8.904884264644332,9.048956853760384
181.60000000000002,8.90435063242041,9.051462603350515
181.7,8.888511366630574,9.053857170526564
181.79999999999998,8.885483881685836,9.05627227855032
181.9,8.929229050550376,9.058649098404825
182.0,8.917505303268456,9.0610087562945
182.10000000000002,8.952997983889071,9.063311090430105
182.2,8.933997513310768,9.06551630071341
182.3,8.957471295409686,9.067757731705543
182.4,8.963092871460365,9.069988741640339
182.5,9.049423671035173,9.07215779652508
182.6,9.090116747870546,9.074298382052445
182.7,8.9466721029424,9.076437369414318
182.8,9.164549585175614,9.078523173551147
182.9,9.135430317721088,9.08058141441108
183.0,9.227473863482427,9.082682448103226
183.1,9.195664160461533,9.084795936136112
183.2,9.439801077913042,9.086900066367466
183.3,9.34030257249028,9.08892739225798
183.4,9.170421930874307,9.090961435797052
183.5,9.089486380202173,9.093006682409062
183.6,8.970608514061766,9.095042607377565
183.7,8.91150519412073,9.09705759962333
183.8,8.954566263961077,9.099090647755093
183.9,9.134267141389884,9.101137801506058
184.0,9.548398811574895,9.103168187377593
184.1,9.298587737185311,9.10518391943959
184.2,9.093398020144601,9.10718936918173
184.3,9.089028982172206,9.109177471127815
184.4,8.986419064933617,9.111088085337357
184.5,9.177648807100198,9.11297121255316
184.6,8.631394488537099,9.114800666953009
184.7,8.415081132783879,9.116585357157287
184.8,8.235391926048406,9.118292680304544
184.9,8.453407363291088,9.120004991328443
185.0,8.598270582831322,9.121727325764866
185.1,8.229531084498038,9.123397512845148
185.2,8.605496847695743,9.125102980810016
185.3,8.94317235669924,9.1268128186107
185.39999999999998,9.172637966787573,9.128491032407801
185.5,9.222288494831062,9.130161873055245
185.6,9.0834162266115,9.131920373244862
185.70000000000002,9.153985035074765,9.13367815715085
185.8,8.940022001218743,9.13544969131402
185.89999999999998,9.292675703926562,9.137179198348687
186.0,9.685508685727385,9.138958917637984
186.1,10.105946860374914,9.140729265791242
186.20000000000002,9.986798767238053,9.142508283495813
186.3,10.300961284448512,9.144383297575944
186.39999999999998,10.228151673902449,9.146238036102632
186.5,10.031925171224524,9.148108325434254
186.6,9.60772029734257,9.149955424254676
186.70000000000002,9.659355689677415,9.151788589176288
186.8,9.818928151465741,9.153628942324726
186.9,9.345560890553358,9.1554488424538
187.0,10.28419763449524,9.15718975984348
187.1,9.915485102471344,9.158928694990188
187.20000000000002,10.23960372838874,9.160725533383031
187.29999999999998,10.037915067338403,9.162443847216382
187.4,9.95281086348823,9.164172428272789
187.5,9.796712721104036,9.165859842184929
187.6,9.644092794909195,9.167479774633058
187.70000000000002,9.944132537138607,9.16918168922494
187.79999999999998,9.74978667390284,9.17088195831842
187.9,9.236501799657,9.172574162781908
188.0,8.791637526853819,9.174188067435953
188.1,8.521094790816834,9.17579144466899
188.2,8.102382254782054,9.177358213829319
188.29999999999998,7.638044459647849,9.178939725483048
188.4,8.103721635634216,9.180463917887218
188.5,8.817884980543997,9.181967653035732
188.60000000000002,9.274018127820884,9.183414378254662
188.7,8.897563013641816,9.184816995160123
188.79999999999998,8.61445144186044,9.186192457251902
188.9,8.510346430782992,9.187576148378671
189.0,8.24865007534076,9.188956797964948
189.10000000000002,8.744841610396511,9.190363836322028
189.2,8.219401623120266,9.191769531393305
189.29999999999998,9.29528840018266,9.193222351017813
189.4,9.441472266895447,9.194704009040706
189.5,9.834640427557098,9.196171675335231
189.60000000000002,10.17849974197443,9.197612201579606
189.7,9.779490148683472,9.198964520331607
189.8,9.469399892283292,9.200280863889061
189.9,9.32919811756557,9.201619581191805
190.0,9.278577862376903,9.202915716817362
190.1,8.906904855399377,9.204293821684754
190.2,8.481676483176978,9.205644526874504
190.3,9.22234404574943,9.206960102897277
190.4,9.498147437819036,9.208287400244522
190.5,9.956782461359023,9.209630981788575
190.6,9.512152390572204,9.21099422842705
190.7,9.231555770072362,9.212240230565126
190.8,9.250019131710971,9.21345265788583
190.9,9.297103734820729,9.21474385194555
191.0,9.468370883896537,9.215978511022074
191.1,9.712384467056665,9.21724054499159
191.2,9.384255871287586,9.218507568223647
191.3,9.271968264682949,9.21973871631446
191.4,9.234262304964403,9.220991467688345
191.5,9.654886595100637,9.222212528594406
191.6,9.730473444617102,9.223422250420537
191.7,10.550871658030069,9.22460424202473
191.8,10.799852692225613,9.225771255558094
191.9,10.168065511231568,9.226980478924073
192.0,9.946251672419793,9.22819222408019
192.1,9.880023221212673,9.229390655418815
192.2,9.81685965916233,9.23054178794002
192.3,9.355126597671472,9.231641004834469
192.4,8.971731016323526,9.232793832111565
192.5,8.915964422852834,9.233976447718298
192.6,8.727761542360629,9.235213247365937
192.7,8.803674200039078,9.236489963829763
192.8,9.187212788315895,9.237795981880202
192.89999999999998,9.548795893809737,9.239142072252674
193.0,9.410966189249699,9.240446653717864
193.1,9.276324919374481,9.24180038989352
193.20000000000002,9.163322107253464,9.243072993805493
193.3,8.99526882409849,9.244366017689988
193.39999999999998,9.185586136734745,9.245664849243898
193.5,9.893431568110795,9.246996679127145
193.6,9.1095975485185,9.248332302443828
193.70000000000002,9.430472127298449,9.249672424433717
193.8,8.476327680235357,9.25101645796105
193.89999999999998,8.657940186212965,9.252371291736281
194.0,9.236961274038624,9.253758656179631
194.1,9.552617629987164,9.255175223656025
194.20000000000002,9.585779012548329,9.256514683206607
194.3,9.71735337417557,9.257791552549117
194.4,9.823811114688219,9.259059541444698
194.5,9.26928521040191,9.26033398404354
194.6,9.652304721915275,9.261655826296728
194.70000000000002,8.568767714357787,9.263002136392036
194.79999999999998,8.36136413626437,9.264432210671583
194.9,7.859668047568941,9.265870442891364
195.0,7.350992383453493,9.267272651271773
195.1,7.842128210731197,9.268711378213972
195.20000000000002,8.082160303303585,9.27014090456415
195.29999999999998,7.4395325976706985,9.271567128513887
195.4,7.6916949047603165,9.272996741256648
195.5,6.698764025333152,9.274437133986943
195.6,7.389741690151487,9.275780225652312
195.7,7.27656503019554,9.277169219406932
195.79999999999998,7.6101578465863025,9.278555233817078
195.9,7.78382748857033,9.27995558006373
196.0,7.52282091811856,9.281413742315063
196.10000000000002,7.211571810142151,9.28297667682974
196.2,7.543868302687619,9.284539700615799
196.29999999999998,6.948224117015691,9.286146342911417
196.4,6.7647847386893165,9.287693143968363
196.5,6.1858625400483715,9.289267475591746
196.60000000000002,5.788161534562542,9.290840480722895
196.7,6.187764912282881,9.292434577631836
196.79999999999998,5.705427928907868,9.29407793014841
196.9,5.506455740474035,9.295749071178145
197.0,4.894512019758004,9.297372807940095
197.10000000000002,5.0217795113477,9.29899438984944
197.2,4.772085838620477,9.300619449168815
197.3,4.626901963762759,9.30225104377153
197.4,4.472984918885879,9.303914691405522
197.5,4.47546503309034,9.305580970535429
197.6,4.18876046546123,9.307248103986902
197.7,4.163914848496467,9.30887438408395
197.8,4.283160691939324,9.31048751205527
197.9,4.046452508346354,9.312107193665996
198.0,4.065337661170401,9.313728083409668
198.1,3.950970957285641,9.315350052228442
198.2,4.013457264182967,9.31706842322657
198.3,3.932398811808153,9.318711574161387
198.4,3.910094753774393,9.320376725103225
198.5,3.927000797525033,9.322073300521838
198.6,3.9263902273889135,9.3237508182085
198.7,3.918969711296312,9.32544013307999
198.8,3.9336417128796297,9.327190991313582
198.9,3.925028565656219,9.329002010794017
199.0,3.899980821781165,9.33085300535572
199.1,4.030900404398441,9.33270020365224
199.2,4.2113438360217526,9.334477272789666
199.3,4.291540992558249,9.336262685296546
199.4,4.354658400753412,9.338075605270152
199.5,4.517023722669649,9.339964637228988
199.6,4.295977464266988,9.34183014537701
199.7,4.328317899800405,9.343714567738877
199.8,4.771653035610306,9.345570849298612
199.9,4.644614005130187,9.34740785046887
200.0,4.935241545323299,9.349295788061902
200.1,4.351610180396167,9.351157717475852
200.2,4.168727804304548,9.353030099954271
200.3,4.109174666060755,9.354868801562136
200.39999999999998,3.9653759908796333,9.356696206614341
200.5,3.7282257062437907,9.358541200278014
200.6,4.42465719168081,9.360389817364899
200.70000000000002,4.0563663389883615,9.362279946977774
200.8,3.6979392156034985,9.36419709731826
200.89999999999998,3.304301279274647,9.366124601686176
201.0,3.236834705293625,9.368065698402441
201.1,2.887770277207022,9.369987842552048
201.20000000000002,3.3691052316167225,9.371849596882514
201.3,3.3132755707157155,9.373721424419891
201.39999999999998,3.2052375618288673,9.375588154381072
201.5,3.6496129088388614,9.37745115552458
201.6,3.2829082945893875,9.379311086697433
201.70000000000002,3.665233475553062,9.38117358025244
201.8,3.1413889988481687,9.382945226837428
201.9,3.904858006522387,9.384782638162038
202.0,3.615949336186857,9.386582011376957
202.1,3.5772599371126583,9.38844290975753
202.20000000000002,3.777118372651314,9.390363865490064
202.29999999999998,3.425234183774815,9.392299675013447
202.4,3.353679583726686,9.39425935929009
202.5,3.3580590172625477,9.396208964768551
202.6,3.4198001451321614,9.398128814351185
202.70000000000002,3.1523793331934105,9.400125760503824
202.79999999999998,2.781948743621913,9.4020910407488
202.9,3.313627284294229,9.404100041517989
203.0,3.675361077882791,9.4061402075938
203.1,4.233347006256068,9.408180847202942
203.2,3.9869256558474016,9.410247603387125
203.29999999999998,3.90732049987448,9.41230117465488
203.4,4.351687764591354,9.414470275880495
203.5,3.759040157210934,9.416691630268096
203.60000000000002,3.896405283933399,9.418921832098174
203.7,3.822109826406806,9.421165782566241
203.79999999999998,4.914094506218163,9.423406912322625
203.9,4.922617217666739,9.425658065876494
204.0,5.302386230326461,9.427920059393172
204.10000000000002,4.941235343756466,9.430238613672248
204.2,5.027559881906947,9.43256738063996
204.29999999999998,4.576126798311309,9.434920594624277
204.4,4.402513062515222,9.437258918241438
204.5,4.32989244076537,9.439659961964598
204.60000000000002,4.23980303492221,9.4420565984585
204.7,4.3621888185480335,9.444508493257377
204.8,4.106829057526127,9.446954719749556
204.9,4.058590622608137,9.449410965563967
205.0,4.049241348511853,9.45190569637373
205.1,3.6462609940257855,9.454407381763293
205.2,3.3330446807725593,9.456976317173082
205.3,2.931548674873368,9.459524631183978
205.4,3.366922001730667,9.462047602289331
205.5,3.1956057310423454,9.46449740086075
205.6,3.313933197356941,9.46693718228465
205.7,3.3060980623298097,9.469338175800443
205.8,3.234371324374014,9.471758370754396
205.9,3.4087348666626838,9.474190390746227
206.0,3.8895679718046745,9.476681743488161
206.1,3.8186072367277397,9.479133389288044
206.2,3.43430184859097,9.481583988865783
206.3,3.265988686376665,9.484065175418227
206.4,3.4314813797991253,9.486607640741056
206.5,3.3314795189741955,9.489137041504199
206.6,3.2380700735051757,9.491726138650408
206.7,3.274170254285103,9.494328832587316
206.8,3.342009667731576,9.49694312795556
206.9,3.404540010973254,9.499532949455169
207.0,3.3953536356533425,9.502125427694784
207.1,3.4814326891948015,9.504690576177794
207.2,3.4310818031285306,9.507183465150263
207.3,3.4726275483583655,9.509665706206981
207.4,3.583049406169164,9.51208102123278
207.5,3.542112250915129,9.514520689249977
207.6,3.426757452978717,9.516954215387255
207.7,3.2474672997155585,9.519369320924941
207.8,3.255568918016695,9.521824726175689
207.89999999999998,3.2618435069593024,9.524277859696115
208.0,3.3154429851646596,9.526731129735223
208.1,3.339184517092999,9.529259955543072
208.20000000000002,3.318806576620483,9.531743819666982
208.3,3.2791185692162896,9.534159579055585
208.39999999999998,3.33471607200456,9.536588462439443
208.5,3.3082962869727046,9.539027228983826
208.6,3.3519875408982935,9.541447037088995
208.70000000000002,3.3698838584390156,9.543877607645861
208.8,3.346052399448412,9.546261097843626
208.89999999999998,3.352340233158375,9.548693122151702
209.0,3.358609627482905,9.55114908865626
209.1,3.3693377453667064,9.553609764365934
209.20000000000002,3.4021417451763565,9.556103774723397
209.3,3.5349254564428936,9.558577464485749
209.4,3.587440850439525,9.561088471050331
209.5,3.5670185231636378,9.563623967505988
209.6,3.5474965153385805,9.566112893966142
209.70000000000002,3.5162287764560514,9.56858165118401
209.79999999999998,3.6632694385304663,9.571053049964158
209.9,3.622866253086472,9.573604933107337
210.0,3.629038415960774,9.576207512147533
210.1,3.6557448689804595,9.57886588912024
210.20000000000002,3.735128914869885,9.581552855310125
210.29999999999998,3.6186792083239223,9.584292330513481
210.4,3.5300068541090512,9.587042871191084
210.5,3.5590626373691414,9.589819554987901
210.6,3.639117846640808,9.592588031871033
210.7,3.65019521704457,9.59532851563531
210.79999999999998,3.6438543989374663,9.598086462208583
210.9,3.711502847567732,9.600789624386463
211.0,3.6496882042646788,9.603411457976808
211.10000000000002,3.6780316803632482,9.606028113923292
211.2,3.745196391169128,9.608604384751473
211.29999999999998,3.7553331938532066,9.61120640036589
211.4,3.8455003251870528,9.613758749666616
211.5,3.785657463480196,9.616289855087942
211.60000000000002,3.9570427546103017,9.61885785696212
211.7,4.048777652595017,9.621403323443463
211.79999999999998,3.9535158989670554,9.623921165122121
211.9,3.623316822379004,9.626404859070863
212.0,3.610946297335075,9.628861199483822
212.10000000000002,3.7185530717664816,9.631302387034943
212.2,3.5577323451566354,9.633670306185659
212.3,3.5666051745421656,9.636101160711428
212.4,3.6915178643587176,9.638558594784374
212.5,3.5761610754813584,9.641113778384238
212.6,3.5187734714663836,9.643686005288124
212.7,3.52386015146786,9.646282280477678
212.8,3.746627956625532,9.648866194153399
212.9,3.4844080604835064,9.651454130123273
213.0,3.2659770651828772,9.65402992586824
213.1,3.119494471312315,9.656590780863421
213.2,2.9339131537652747,9.659179028611105
213.3,2.7963776557485067,9.661759768511523
213.4,2.87900930677678,9.664367873878437
213.5,2.7561337172824687,9.666984708891329
213.6,2.522358040945431,9.669544293818738
213.7,2.68945379408613,9.672074356249283
213.8,2.688484743152046,9.674627020388055
213.9,2.8527284656967113,9.677172097593463
214.0,2.774428157696568,9.679676751112076
214.1,2.824099754444944,9.682184226694648
214.2,2.7083122382898646,9.684665723171438
214.3,2.7266370201830235,9.68712582029653
214.4,2.663173791601666,9.689514800639582
214.5,2.6720074723335645,9.691905565131416
214.6,2.6784515363399137,9.694294322209737
214.7,2.741798466914263,9.696714958339124
214.8,2.725236571341461,9.699140315384422
214.9,2.7165156678556364,9.701540097375739
215.0,2.827253433161032,9.703969330303106
215.1,2.780618471272688,9.70639656650403
215.2,2.6156858528192624,9.70879400744202
215.3,2.5533188402087887,9.71117048304399
215.39999999999998,2.5239234415066893,9.713557504909627
215.5,2.5684967819420885,9.715887143883126
215.6,2.5585237045743296,9.718228762780267
215.70000000000002,2.57526645294639,9.720503502503508
215.8,2.573181561065657,9.722755681487847
215.89999999999998,2.5749563703403275,9.724980431454934
216.0,2.581628547946192,9.727193443324133
216.1,2.6044267364582385,9.729400896534878
216.20000000000002,2.623160114520466,9.731551550829153
216.3,2.624885023584138,9.733662053777547
216.39999999999998,2.6216731889111897,9.735786639305017
216.5,2.710900286403204,9.737917774547133
216.6,2.754561942323393,9.740001815173509
216.70000000000002,2.8542217705951356,9.74207899364253
216.8,2.8266843632253194,9.744113112471046
216.9,2.8982705980995283,9.746135513132142
217.0,2.977352850933566,9.748157232245678
217.1,2.987906597228541,9.750168012568572
217.20000000000002,3.0514837348061326,9.752151262231514
217.29999999999998,2.90953741172981,9.754147287471172
217.4,2.9426722958814153,9.756132329509198
217.5,3.0735181372771727,9.758123431231196
217.6,3.2144526273564384,9.760071021058057
217.70000000000002,3.0904990294809624,9.762012622834398
217.79999999999998,3.3746067551548466,9.763965519868727
217.9,2.891613081115792,9.765910989515225
218.0,2.4727744613772202,9.767808341818363
218.1,2.5728441959066806,9.76968951880721
218.2,2.3906061229870925,9.771571238610923
218.29999999999998,2.438740782521889,9.773426060384988
218.4,2.5212497006034114,9.775257670911467
218.5,2.9939964004054356,9.777091427781276
218.60000000000002,2.838571024687085,9.778869853188553
218.7,2.6660689528553654,9.780565249316572
218.79999999999998,2.7602848875305472,9.782251133132096
218.9,2.7429323845587144,9.78387073574313
219.0,2.3127634508664667,9.785458801317297
219.10000000000002,2.155229655751455,9.78710588377287
219.2,2.2695148264703606,9.78876096143642
219.29999999999998,2.1264234654928376,9.790456780279738
219.4,2.2412445806634977,9.792117627612134
219.5,1.8369767740417873,9.793769001534613
219.60000000000002,1.6173025916437809,9.795424058863738
219.7,1.3173939122266918,9.797122601328576
219.8,1.2116968569462903,9.798832681243898
219.9,1.2211858163620406,9.800557153776516
220.0,0.9131835906900834,9.802185864810111
220.1,0.9293097381217064,9.803781199835258
220.2,1.2524013492497121,9.80538875072698
220.3,1.2091185178333443,9.806982957510098
220.4,1.0976357219102038,9.80856526241445
220.5,1.6269436846235166,9.810157758387327
220.6,1.6738509720712775,9.811734199908209
220.7,1.8025442614118268,9.813215370942592
220.8,2.4642882815182747,9.814671328972372
220.9,2.222678147997348,9.816093262131448
221.0,2.868084407785679,9.817500333246679
221.1,2.8241649748601967,9.818819109602078
221.2,2.7651837082345,9.820143054252599
221.3,2.3285992628392815,9.821420916325023
221.4,1.9651950272493546,9.822743637941189
221.5,1.9053914717610398,9.82400322622862
221.6,1.9458115182976545,9.825260135630938
221.7,2.0123666834157192,9.826507341748904
221.8,1.0442278439263721,9.827755147562154
221.9,0.7583223148112836,9.829021094048253
222.0,0.7909776629290689,9.830244309285462
222.1,1.3373102649195348,9.831378713522522
222.2,1.5195136568092118,9.832510337842477
222.3,2.0238504101808044,9.833623884413985
222.4,2.2264928272232183,9.834714385643437
222.5,1.7022553006336982,9.835782735477885
222.6,1.5510295838457921,9.836876760127998
222.7,1.421908316216646,9.837989454494101
222.8,1.8080986252432596,9.839074019836755
222.89999999999998,2.0627570152929304,9.840169704856063
223.0,2.7825939152895525,9.841189983571635
223.1,3.0124376746593926,9.842202034010931
223.20000000000002,2.5072066554830315,9.843178847486483
223.3,1.8268901336672851,9.844199984735052
223.39999999999998,1.2242748478214442,9.845155768586643
223.5,1.0141066132037233,9.846129147409998
223.6,1.3018236088884627,9.84709712403471
223.70000000000002,1.3790308054019529,9.848006188754322
223.8,1.413883515775513,9.848970465232727
223.89999999999998,1.9951983462251255,9.849924465805824
224.0,1.4860938649233293,9.850841053716607
224.1,1.93464815022252,9.851744786605805
224.20000000000002,1.9611692259757691,9.852587791134358
224.3,2.487265842895953,9.85342317202588
224.4,1.5613619663151221,9.854240322769712
224.5,1.4798108398040184,9.855015283246164
224.6,1.3903420819252792,9.85581990573428
224.70000000000002,1.204962402198502,9.856605248272627
224.79999999999998,0.9741377587199161,9.857375524240144
224.9,1.3238909918391255,9.85814628072869
225.0,0.9961749215180893,9.858890619531229
225.1,1.0075424194968927,9.859598602697416
225.20000000000002,0.7145489216950611,9.860316112536282
225.29999999999998,0.6308756444730285,9.860972625350017
225.4,0.4064101692668007,9.86164661619479
225.5,0.4089370225435263,9.862268344329948
225.6,0.43430886192786655,9.86282307480404
225.7,0.4904608528204952,9.863372740027254
225.79999999999998,0.800531513524397,9.86393095331745
225.9,0.9052133726074644,9.864491057710715
226.0,0.9528753576404356,9.865074516555126
226.10000000000002,0.9760205173464297,9.865592703521758
226.2,1.4927353450020813,9.866098612163572
226.29999999999998,1.4666816028928205,9.86658878204811
226.4,1.5731556000839695,9.867013715978192
226.5,1.6214588583184995,9.867467159290793
226.60000000000002,1.5278837399683942,9.867874300313767
226.7,2.0036634831050524,9.868284844539422
226.79999999999998,2.1051877591591963,9.868697674913616
226.9,2.342427669246473,9.869107933482333
227.0,3.0585299508579133,9.869480985542403
227.10000000000002,3.8627834766811713,9.86984414778958
227.2,4.448108438576423,9.870161047953642
227.3,4.074753304896522,9.870406593572936
227.4,3.559253155684714,9.870598144828282
227.5,3.3650166880195016,9.870777477019633
227.6,3.9976928584612965,9.870892186338901
227.7,4.768519962238628,9.871002202704418
227.8,4.455766917857429,9.871087487568463
227.9,4.865475411989173,9.871078869006748
228.0,5.661025806709585,9.871061367982485
228.1,5.594323557289904,9.871013741997004
228.2,5.235665867627792,9.87094108739094
228.3,5.350984375365853,9.870836964421999
228.4,5.2784795543470775,9.870732796035096
228.5,5.2778108756675195,9.870597084176584
228.6,5.591264248436788,9.870435034082785
228.7,5.02824287074426,9.870215497881457
228.8,5.5480072834330185,9.869992692209994
228.9,5.521156844032164,9.869752451502963
229.0,5.203678580826552,9.869491143287933
229.1,5.448587277790875,9.869152912495473
229.2,5.6374380764703576,9.8687786176003
229.3,5.895372066842516,9.868369583762853
229.4,5.884762946019739,9.867976470879979
229.5,5.998793932558337,9.867553946522406
229.6,7.927690899008661,9.867063200772606
229.7,8.4056540900683,9.866603989800414
229.8,9.208892013369349,9.866141524264293
229.9,6.714921195985069,9.865649467746074
230.0,6.844066010849012,9.865191345823781
230.1,7.302185089315341,9.864676027632754
230.2,7.269880125255849,9.86411203402007
230.3,7.025712335547955,9.863497630333722
230.39999999999998,7.098556617614642,9.862848042668428
230.5,6.954203910953174,9.862132614174808
230.6,6.788130919084592,9.861397295404599
230.70000000000002,7.510823432250023,9.860628269942751
230.8,7.564230455546401,9.8598328384411
230.89999999999998,7.430805658122837,9.858968099446058
231.0,7.1166179332306765,9.858078324772169
231.1,7.594742384256569,9.857122544599148
231.20000000000002,6.812882750061662,9.856104595002863
231.3,6.762231871219429,9.855073455150528
231.39999999999998,6.725021020711825,9.854023090248178
231.5,5.715048226843455,9.852963310449814
231.6,5.559870086555444,9.8518515904307
231.70000000000002,5.2400057059220995,9.850726370061224
231.8,5.518156992185434,9.84960563552989
231.9,5.596256029247947,9.84845438859229
232.0,5.3553554813188,9.847317984332946
232.1,5.143040113651671,9.84611499634918
232.20000000000002,5.241003878599177,9.844879168424061
232.29999999999998,5.128705628146314,9.843577893182447
232.4,4.794373651789261,9.842291386358438
232.5,4.7100274443971895,9.841003664335645
232.6,4.754476101372476,9.839675264849372
232.70000000000002,4.732224384435525,9.838306801562863
232.79999999999998,4.549183723955885,9.836945741638887
232.9,5.069307959717424,9.835601881821624
233.0,4.810154409251977,9.834197716640364
233.1,4.761384675684857,9.832753643014474
233.2,4.669606955897352,9.83131493073807
233.29999999999998,4.826200454801714,9.829888173930993
233.4,4.949709647176976,9.82843809322384
233.5,4.927729193929953,9.8269479303621
233.60000000000002,4.864868179246748,9.825481113801704
233.7,5.109237270148301,9.824009573229379
233.79999999999998,4.991469778533798,9.822491254445572
233.9,4.815367981309538,9.820933072153506
234.0,4.82612665620533,9.819389102127305
234.10000000000002,4.878121979597201,9.817780242588205
234.2,4.948119972743371,9.816206784389115
234.29999999999998,5.201630915866535,9.814601286219172
234.4,5.086985931269196,9.812961878158427
234.5,5.343778053556882,9.811354288250072
234.60000000000002,5.3739215240635705,9.80968765627495
234.7,5.2862529184049185,9.8080089386587
234.8,5.376456353304076,9.806283370715073
234.9,5.512911674766084,9.80457557137295
235.0,5.491400553847537,9.80292411145738
235.1,5.507153766751427,9.80125655039231
235.2,5.542711566954294,9.799531811297195
235.3,5.559353743450771,9.797764469659127
235.4,5.636466300416923,9.795931630821139
235.5,5.727742603604224,9.794044627948562
235.6,5.791940839311241,9.792153681555646
235.7,5.707788474147727,9.79029279224031
235.8,5.786469961998632,9.78841639427662
235.9,5.866111956070862,9.786540136230018
236.0,5.857426488044391,9.784663735161894
236.1,5.8708819100347,9.78275889945455
236.2,5.887376648171731,9.780822211784418
236.3,5.88172964124439,9.778908252042239
236.4,5.884646585500793,9.776970410592536
236.5,5.905139784625207,9.775009862237601
236.6,5.925270840224957,9.773024689380863
236.7,5.941757946419893,9.771009213337042
236.8,5.977917630111708,9.76896561043984
236.9,6.095425075067041,9.766838902510965
237.0,6.0939431223241485,9.764696299027491
237.1,6.181989505140865,9.762510082993321
237.2,6.402681394956643,9.76033448379609
237.3,6.363063357449581,9.758150904718697
237.4,6.732398078069214,9.755911029514639
237.5,6.718724179164916,9.753691376993766
237.6,7.005688871418405,9.751469200447477
237.7,7.188847484509205,9.749218799216125
237.8,7.343778260087365,9.746899644946904
237.89999999999998,7.914316039501849,9.744532988148023
238.0,7.84515112679877,9.74213862343206
238.1,7.562545658601149,9.739706262182606
238.20000000000002,8.030790490679262,9.737239644263699
238.3,7.682208209735916,9.734734601453532
238.39999999999998,8.224815133982691,9.73222275748794
238.5,8.86749939508631,9.72969125207443
238.6,9.425990592381437,9.727134344735532
238.70000000000002,9.43707010332885,9.724584707912822
238.8,9.55393319150745,9.721989561542596
238.89999999999998,9.652435171644393,9.71937134509792
239.0,9.143529558079283,9.716724243546706
239.1,9.258590356947284,9.714048250675724
239.20000000000002,9.200589162144398,9.711344114501797
239.3,9.154719046524562,9.708656604972736
239.4,9.050761753915292,9.705969882814477
239.5,8.85039650259668,9.70328978016866
239.6,10.668033513943762,9.700579850357606
239.70000000000002,10.16926673603394,9.697850942558931
239.79999999999998,9.765081824411233,9.695123030141632
239.9,9.728780583718205,9.69237267706952
240.0,9.683071787226872,9.689591466291592
