=== EXPORT 1003.02 (Flt1003, Eastern_395) ===
line 1003.02: N=37841 (63.1 min)
building Phi tensor...
  Phi 0/37840
  Phi 10000/37840
  Phi 20000/37840
  Phi 30000/37840
building map grid...
grid 600x600, malt=401.3 m, map alt=395.0 m, spacing ~61 m
wrote /home/cin64/magnav_data/line_1003_02_full.h5
=== EXPORT 1003.08 (Flt1003, Renfrew_395) ===
line 1003.08: N=43431 (72.4 min)
building Phi tensor...
  Phi 0/43430
  Phi 10000/43430
  Phi 20000/43430
  Phi 30000/43430
  Phi 40000/43430
building map grid...
grid 600x600, malt=400.4 m, map alt=395.0 m, spacing ~52 m
wrote /home/cin64/magnav_data/line_1003_08_full.h5
=== EXPORT 1006.08 (Flt1006, Eastern_395) ===
line 1006.08: N=8391 (14.0 min)
building Phi tensor...
  Phi 0/8390
building map grid...
grid 600x600, malt=397.9 m, map alt=395.0 m, spacing ~22 m
wrote /home/cin64/magnav_data/line_1006_08_full.h5
=== EXPORT 1007.02 (Flt1007, Eastern_395) ===
line 1007.02: N=38561 (64.3 min)
building Phi tensor...
  Phi 0/38560
  Phi 10000/38560
  Phi 20000/38560
  Phi 30000/38560
building map grid...
upward-continued map 404 m to flight altitude
grid 600x600, malt=798.8 m, map alt=395.0 m, spacing ~61 m
wrote /home/cin64/magnav_data/line_1007_02_full.h5
=== EXPORT 1007.06 (Flt1007, Renfrew_395) ===
line 1007.06: N=52401 (87.3 min)
building Phi tensor...
  Phi 0/52400
  Phi 10000/52400
  Phi 20000/52400
  Phi 30000/52400
  Phi 40000/52400
  Phi 50000/52400
building map grid...
grid 600x600, malt=401.9 m, map alt=395.0 m, spacing ~113 m
wrote /home/cin64/magnav_data/line_1007_06_full.h5
=== RUN 1003.02 mag4 (lag=30) ===
lag=30s  mag=4 (meas_mag4)  tag=_lag30_100302_m4
t=100/37841  elapsed=0s  (1 ms/epoch)
t=200/37841  elapsed=1s  (3 ms/epoch)
t=300/37841  elapsed=1s  (4 ms/epoch)
t=400/37841  elapsed=7s  (18 ms/epoch)
t=500/37841  elapsed=9s  (19 ms/epoch)
t=600/37841  elapsed=11s  (19 ms/epoch)
t=700/37841  elapsed=14s  (19 ms/epoch)
t=800/37841  elapsed=16s  (20 ms/epoch)
t=900/37841  elapsed=19s  (21 ms/epoch)
t=1000/37841  elapsed=21s  (21 ms/epoch)
t=1100/37841  elapsed=22s  (20 ms/epoch)
t=1200/37841  elapsed=23s  (19 ms/epoch)
t=1300/37841  elapsed=24s  (19 ms/epoch)
t=1400/37841  elapsed=26s  (19 ms/epoch)
t=1500/37841  elapsed=28s  (19 ms/epoch)
t=1600/37841  elapsed=30s  (19 ms/epoch)
t=1700/37841  elapsed=32s  (19 ms/epoch)
t=1800/37841  elapsed=33s  (19 ms/epoch)
t=1900/37841  elapsed=35s  (18 ms/epoch)
t=2000/37841  elapsed=35s  (18 ms/epoch)
t=2100/37841  elapsed=36s  (17 ms/epoch)
t=2200/37841  elapsed=37s  (17 ms/epoch)
t=2300/37841  elapsed=38s  (16 ms/epoch)
t=2400/37841  elapsed=42s  (17 ms/epoch)
t=2500/37841  elapsed=42s  (17 ms/epoch)
t=2600/37841  elapsed=43s  (17 ms/epoch)
t=2700/37841  elapsed=45s  (17 ms/epoch)
t=2800/37841  elapsed=47s  (17 ms/epoch)
t=2900/37841  elapsed=49s  (17 ms/epoch)
t=3000/37841  elapsed=49s  (16 ms/epoch)
t=3100/37841  elapsed=50s  (16 ms/epoch)
t=3200/37841  elapsed=52s  (16 ms/epoch)
t=3300/37841  elapsed=54s  (16 ms/epoch)
t=3400/37841  elapsed=56s  (17 ms/epoch)
t=3500/37841  elapsed=57s  (16 ms/epoch)
t=3600/37841  elapsed=58s  (16 ms/epoch)
t=3700/37841  elapsed=59s  (16 ms/epoch)
t=3800/37841  elapsed=59s  (16 ms/epoch)
t=3900/37841  elapsed=60s  (15 ms/epoch)
t=4000/37841  elapsed=61s  (15 ms/epoch)
t=4100/37841  elapsed=62s  (15 ms/epoch)
t=4200/37841  elapsed=62s  (15 ms/epoch)
t=4300/37841  elapsed=63s  (15 ms/epoch)
t=4400/37841  elapsed=64s  (15 ms/epoch)
t=4500/37841  elapsed=65s  (14 ms/epoch)
t=4600/37841  elapsed=65s  (14 ms/epoch)
t=4700/37841  elapsed=66s  (14 ms/epoch)
t=4800/37841  elapsed=67s  (14 ms/epoch)
t=4900/37841  elapsed=68s  (14 ms/epoch)
t=5000/37841  elapsed=68s  (14 ms/epoch)
t=5100/37841  elapsed=69s  (14 ms/epoch)
t=5200/37841  elapsed=71s  (14 ms/epoch)
t=5300/37841  elapsed=73s  (14 ms/epoch)
t=5400/37841  elapsed=77s  (14 ms/epoch)
t=5500/37841  elapsed=78s  (14 ms/epoch)
t=5600/37841  elapsed=79s  (14 ms/epoch)
t=5700/37841  elapsed=80s  (14 ms/epoch)
t=5800/37841  elapsed=80s  (14 ms/epoch)
t=5900/37841  elapsed=81s  (14 ms/epoch)
t=6000/37841  elapsed=82s  (14 ms/epoch)
t=6100/37841  elapsed=83s  (14 ms/epoch)
t=6200/37841  elapsed=84s  (14 ms/epoch)
t=6300/37841  elapsed=86s  (14 ms/epoch)
t=6400/37841  elapsed=88s  (14 ms/epoch)
t=6500/37841  elapsed=90s  (14 ms/epoch)
t=6600/37841  elapsed=90s  (14 ms/epoch)
t=6700/37841  elapsed=91s  (14 ms/epoch)
t=6800/37841  elapsed=92s  (13 ms/epoch)
t=6900/37841  elapsed=92s  (13 ms/epoch)
t=7000/37841  elapsed=93s  (13 ms/epoch)
t=7100/37841  elapsed=94s  (13 ms/epoch)
t=7200/37841  elapsed=95s  (13 ms/epoch)
t=7300/37841  elapsed=95s  (13 ms/epoch)
t=7400/37841  elapsed=96s  (13 ms/epoch)
t=7500/37841  elapsed=97s  (13 ms/epoch)
t=7600/37841  elapsed=97s  (13 ms/epoch)
t=7700/37841  elapsed=98s  (13 ms/epoch)
t=7800/37841  elapsed=99s  (13 ms/epoch)
t=7900/37841  elapsed=100s  (13 ms/epoch)
t=8000/37841  elapsed=100s  (13 ms/epoch)
t=8100/37841  elapsed=101s  (12 ms/epoch)
t=8200/37841  elapsed=102s  (12 ms/epoch)
t=8300/37841  elapsed=103s  (12 ms/epoch)
t=8400/37841  elapsed=103s  (12 ms/epoch)
t=8500/37841  elapsed=104s  (12 ms/epoch)
t=8600/37841  elapsed=105s  (12 ms/epoch)
t=8700/37841  elapsed=106s  (12 ms/epoch)
t=8800/37841  elapsed=107s  (12 ms/epoch)
t=8900/37841  elapsed=107s  (12 ms/epoch)
t=9000/37841  elapsed=108s  (12 ms/epoch)
t=9100/37841  elapsed=112s  (12 ms/epoch)
t=9200/37841  elapsed=113s  (12 ms/epoch)
t=9300/37841  elapsed=114s  (12 ms/epoch)
t=9400/37841  elapsed=115s  (12 ms/epoch)
t=9500/37841  elapsed=116s  (12 ms/epoch)
t=9600/37841  elapsed=116s  (12 ms/epoch)
t=9700/37841  elapsed=117s  (12 ms/epoch)
t=9800/37841  elapsed=118s  (12 ms/epoch)
t=9900/37841  elapsed=119s  (12 ms/epoch)
t=10000/37841  elapsed=120s  (12 ms/epoch)
t=10100/37841  elapsed=121s  (12 ms/epoch)
t=10200/37841  elapsed=122s  (12 ms/epoch)
t=10300/37841  elapsed=124s  (12 ms/epoch)
t=10400/37841  elapsed=126s  (12 ms/epoch)
t=10500/37841  elapsed=128s  (12 ms/epoch)
t=10600/37841  elapsed=129s  (12 ms/epoch)
t=10700/37841  elapsed=130s  (12 ms/epoch)
t=10800/37841  elapsed=131s  (12 ms/epoch)
t=10900/37841  elapsed=132s  (12 ms/epoch)
t=11000/37841  elapsed=133s  (12 ms/epoch)
t=11100/37841  elapsed=134s  (12 ms/epoch)
t=11200/37841  elapsed=135s  (12 ms/epoch)
t=11300/37841  elapsed=136s  (12 ms/epoch)
t=11400/37841  elapsed=137s  (12 ms/epoch)
t=11500/37841  elapsed=138s  (12 ms/epoch)
t=11600/37841  elapsed=140s  (12 ms/epoch)
t=11700/37841  elapsed=141s  (12 ms/epoch)
t=11800/37841  elapsed=142s  (12 ms/epoch)
t=11900/37841  elapsed=143s  (12 ms/epoch)
t=12000/37841  elapsed=148s  (12 ms/epoch)
t=12100/37841  elapsed=148s  (12 ms/epoch)
t=12200/37841  elapsed=149s  (12 ms/epoch)
t=12300/37841  elapsed=150s  (12 ms/epoch)
t=12400/37841  elapsed=152s  (12 ms/epoch)
t=12500/37841  elapsed=154s  (12 ms/epoch)
t=12600/37841  elapsed=156s  (12 ms/epoch)
t=12700/37841  elapsed=157s  (12 ms/epoch)
t=12800/37841  elapsed=158s  (12 ms/epoch)
t=12900/37841  elapsed=158s  (12 ms/epoch)
t=13000/37841  elapsed=159s  (12 ms/epoch)
t=13100/37841  elapsed=160s  (12 ms/epoch)
t=13200/37841  elapsed=161s  (12 ms/epoch)
t=13300/37841  elapsed=162s  (12 ms/epoch)
t=13400/37841  elapsed=162s  (12 ms/epoch)
t=13500/37841  elapsed=163s  (12 ms/epoch)
t=13600/37841  elapsed=164s  (12 ms/epoch)
t=13700/37841  elapsed=164s  (12 ms/epoch)
t=13800/37841  elapsed=165s  (12 ms/epoch)
t=13900/37841  elapsed=166s  (12 ms/epoch)
t=14000/37841  elapsed=167s  (12 ms/epoch)
t=14100/37841  elapsed=167s  (12 ms/epoch)
t=14200/37841  elapsed=168s  (12 ms/epoch)
t=14300/37841  elapsed=169s  (12 ms/epoch)
t=14400/37841  elapsed=170s  (12 ms/epoch)
t=14500/37841  elapsed=171s  (12 ms/epoch)
t=14600/37841  elapsed=172s  (12 ms/epoch)
t=14700/37841  elapsed=172s  (12 ms/epoch)
t=14800/37841  elapsed=173s  (12 ms/epoch)
t=14900/37841  elapsed=174s  (12 ms/epoch)
t=15000/37841  elapsed=175s  (12 ms/epoch)
t=15100/37841  elapsed=175s  (12 ms/epoch)
t=15200/37841  elapsed=176s  (12 ms/epoch)
t=15300/37841  elapsed=177s  (12 ms/epoch)
t=15400/37841  elapsed=178s  (12 ms/epoch)
t=15500/37841  elapsed=179s  (12 ms/epoch)
t=15600/37841  elapsed=182s  (12 ms/epoch)
t=15700/37841  elapsed=183s  (12 ms/epoch)
t=15800/37841  elapsed=184s  (12 ms/epoch)
t=15900/37841  elapsed=185s  (12 ms/epoch)
t=16000/37841  elapsed=185s  (12 ms/epoch)
t=16100/37841  elapsed=186s  (12 ms/epoch)
t=16200/37841  elapsed=187s  (12 ms/epoch)
t=16300/37841  elapsed=188s  (12 ms/epoch)
t=16400/37841  elapsed=188s  (11 ms/epoch)
t=16500/37841  elapsed=189s  (11 ms/epoch)
t=16600/37841  elapsed=190s  (11 ms/epoch)
t=16700/37841  elapsed=190s  (11 ms/epoch)
t=16800/37841  elapsed=191s  (11 ms/epoch)
t=16900/37841  elapsed=192s  (11 ms/epoch)
t=17000/37841  elapsed=193s  (11 ms/epoch)
t=17100/37841  elapsed=193s  (11 ms/epoch)
t=17200/37841  elapsed=194s  (11 ms/epoch)
t=17300/37841  elapsed=195s  (11 ms/epoch)
t=17400/37841  elapsed=196s  (11 ms/epoch)
t=17500/37841  elapsed=196s  (11 ms/epoch)
t=17600/37841  elapsed=197s  (11 ms/epoch)
t=17700/37841  elapsed=198s  (11 ms/epoch)
t=17800/37841  elapsed=199s  (11 ms/epoch)
t=17900/37841  elapsed=199s  (11 ms/epoch)
t=18000/37841  elapsed=200s  (11 ms/epoch)
t=18100/37841  elapsed=201s  (11 ms/epoch)
t=18200/37841  elapsed=202s  (11 ms/epoch)
t=18300/37841  elapsed=202s  (11 ms/epoch)
t=18400/37841  elapsed=203s  (11 ms/epoch)
t=18500/37841  elapsed=204s  (11 ms/epoch)
t=18600/37841  elapsed=205s  (11 ms/epoch)
t=18700/37841  elapsed=206s  (11 ms/epoch)
t=18800/37841  elapsed=207s  (11 ms/epoch)
t=18900/37841  elapsed=209s  (11 ms/epoch)
t=19000/37841  elapsed=210s  (11 ms/epoch)
t=19100/37841  elapsed=211s  (11 ms/epoch)
t=19200/37841  elapsed=212s  (11 ms/epoch)
t=19300/37841  elapsed=213s  (11 ms/epoch)
t=19400/37841  elapsed=214s  (11 ms/epoch)
t=19500/37841  elapsed=218s  (11 ms/epoch)
t=19600/37841  elapsed=219s  (11 ms/epoch)
t=19700/37841  elapsed=220s  (11 ms/epoch)
t=19800/37841  elapsed=221s  (11 ms/epoch)
t=19900/37841  elapsed=222s  (11 ms/epoch)
t=20000/37841  elapsed=223s  (11 ms/epoch)
t=20100/37841  elapsed=224s  (11 ms/epoch)
t=20200/37841  elapsed=225s  (11 ms/epoch)
t=20300/37841  elapsed=226s  (11 ms/epoch)
t=20400/37841  elapsed=226s  (11 ms/epoch)
t=20500/37841  elapsed=228s  (11 ms/epoch)
t=20600/37841  elapsed=231s  (11 ms/epoch)
t=20700/37841  elapsed=233s  (11 ms/epoch)
t=20800/37841  elapsed=235s  (11 ms/epoch)
t=20900/37841  elapsed=236s  (11 ms/epoch)
t=21000/37841  elapsed=237s  (11 ms/epoch)
t=21100/37841  elapsed=237s  (11 ms/epoch)
t=21200/37841  elapsed=238s  (11 ms/epoch)
t=21300/37841  elapsed=239s  (11 ms/epoch)
t=21400/37841  elapsed=240s  (11 ms/epoch)
t=21500/37841  elapsed=240s  (11 ms/epoch)
t=21600/37841  elapsed=241s  (11 ms/epoch)
t=21700/37841  elapsed=242s  (11 ms/epoch)
t=21800/37841  elapsed=243s  (11 ms/epoch)
t=21900/37841  elapsed=243s  (11 ms/epoch)
t=22000/37841  elapsed=244s  (11 ms/epoch)
t=22100/37841  elapsed=245s  (11 ms/epoch)
t=22200/37841  elapsed=246s  (11 ms/epoch)
t=22300/37841  elapsed=246s  (11 ms/epoch)
t=22400/37841  elapsed=247s  (11 ms/epoch)
t=22500/37841  elapsed=248s  (11 ms/epoch)
t=22600/37841  elapsed=249s  (11 ms/epoch)
t=22700/37841  elapsed=249s  (11 ms/epoch)
t=22800/37841  elapsed=253s  (11 ms/epoch)
t=22900/37841  elapsed=254s  (11 ms/epoch)
t=23000/37841  elapsed=255s  (11 ms/epoch)
t=23100/37841  elapsed=255s  (11 ms/epoch)
t=23200/37841  elapsed=256s  (11 ms/epoch)
t=23300/37841  elapsed=257s  (11 ms/epoch)
t=23400/37841  elapsed=258s  (11 ms/epoch)
t=23500/37841  elapsed=258s  (11 ms/epoch)
t=23600/37841  elapsed=259s  (11 ms/epoch)
t=23700/37841  elapsed=260s  (11 ms/epoch)
t=23800/37841  elapsed=261s  (11 ms/epoch)
t=23900/37841  elapsed=261s  (11 ms/epoch)
t=24000/37841  elapsed=262s  (11 ms/epoch)
t=24100/37841  elapsed=263s  (11 ms/epoch)
t=24200/37841  elapsed=264s  (11 ms/epoch)
t=24300/37841  elapsed=264s  (11 ms/epoch)
t=24400/37841  elapsed=265s  (11 ms/epoch)
t=24500/37841  elapsed=266s  (11 ms/epoch)
t=24600/37841  elapsed=267s  (11 ms/epoch)
t=24700/37841  elapsed=269s  (11 ms/epoch)
t=24800/37841  elapsed=271s  (11 ms/epoch)
t=24900/37841  elapsed=272s  (11 ms/epoch)
t=25000/37841  elapsed=273s  (11 ms/epoch)
t=25100/37841  elapsed=274s  (11 ms/epoch)
t=25200/37841  elapsed=275s  (11 ms/epoch)
t=25300/37841  elapsed=275s  (11 ms/epoch)
t=25400/37841  elapsed=276s  (11 ms/epoch)
t=25500/37841  elapsed=277s  (11 ms/epoch)
t=25600/37841  elapsed=278s  (11 ms/epoch)
t=25700/37841  elapsed=278s  (11 ms/epoch)
t=25800/37841  elapsed=279s  (11 ms/epoch)
t=25900/37841  elapsed=280s  (11 ms/epoch)
t=26000/37841  elapsed=280s  (11 ms/epoch)
t=26100/37841  elapsed=281s  (11 ms/epoch)
t=26200/37841  elapsed=282s  (11 ms/epoch)
t=26300/37841  elapsed=283s  (11 ms/epoch)
t=26400/37841  elapsed=283s  (11 ms/epoch)
t=26500/37841  elapsed=284s  (11 ms/epoch)
t=26600/37841  elapsed=285s  (11 ms/epoch)
t=26700/37841  elapsed=289s  (11 ms/epoch)
t=26800/37841  elapsed=289s  (11 ms/epoch)
t=26900/37841  elapsed=290s  (11 ms/epoch)
t=27000/37841  elapsed=291s  (11 ms/epoch)
t=27100/37841  elapsed=291s  (11 ms/epoch)
t=27200/37841  elapsed=292s  (11 ms/epoch)
t=27300/37841  elapsed=293s  (11 ms/epoch)
t=27400/37841  elapsed=294s  (11 ms/epoch)
t=27500/37841  elapsed=294s  (11 ms/epoch)
t=27600/37841  elapsed=295s  (11 ms/epoch)
t=27700/37841  elapsed=296s  (11 ms/epoch)
t=27800/37841  elapsed=297s  (11 ms/epoch)
t=27900/37841  elapsed=297s  (11 ms/epoch)
t=28000/37841  elapsed=298s  (11 ms/epoch)
t=28100/37841  elapsed=299s  (11 ms/epoch)
t=28200/37841  elapsed=299s  (11 ms/epoch)
t=28300/37841  elapsed=300s  (11 ms/epoch)
t=28400/37841  elapsed=301s  (11 ms/epoch)
t=28500/37841  elapsed=301s  (11 ms/epoch)
t=28600/37841  elapsed=302s  (11 ms/epoch)
t=28700/37841  elapsed=303s  (11 ms/epoch)
t=28800/37841  elapsed=304s  (11 ms/epoch)
t=28900/37841  elapsed=304s  (11 ms/epoch)
t=29000/37841  elapsed=305s  (11 ms/epoch)
t=29100/37841  elapsed=306s  (11 ms/epoch)
t=29200/37841  elapsed=306s  (10 ms/epoch)
t=29300/37841  elapsed=307s  (10 ms/epoch)
t=29400/37841  elapsed=308s  (10 ms/epoch)
t=29500/37841  elapsed=309s  (10 ms/epoch)
t=29600/37841  elapsed=309s  (10 ms/epoch)
t=29700/37841  elapsed=310s  (10 ms/epoch)
t=29800/37841  elapsed=311s  (10 ms/epoch)
t=29900/37841  elapsed=312s  (10 ms/epoch)
t=30000/37841  elapsed=312s  (10 ms/epoch)
t=30100/37841  elapsed=313s  (10 ms/epoch)
t=30200/37841  elapsed=314s  (10 ms/epoch)
t=30300/37841  elapsed=315s  (10 ms/epoch)
t=30400/37841  elapsed=315s  (10 ms/epoch)
t=30500/37841  elapsed=316s  (10 ms/epoch)
t=30600/37841  elapsed=317s  (10 ms/epoch)
t=30700/37841  elapsed=318s  (10 ms/epoch)
t=30800/37841  elapsed=318s  (10 ms/epoch)
t=30900/37841  elapsed=319s  (10 ms/epoch)
t=31000/37841  elapsed=320s  (10 ms/epoch)
t=31100/37841  elapsed=323s  (10 ms/epoch)
t=31200/37841  elapsed=324s  (10 ms/epoch)
t=31300/37841  elapsed=325s  (10 ms/epoch)
t=31400/37841  elapsed=325s  (10 ms/epoch)
t=31500/37841  elapsed=326s  (10 ms/epoch)
t=31600/37841  elapsed=327s  (10 ms/epoch)
t=31700/37841  elapsed=328s  (10 ms/epoch)
t=31800/37841  elapsed=328s  (10 ms/epoch)
t=31900/37841  elapsed=329s  (10 ms/epoch)
t=32000/37841  elapsed=330s  (10 ms/epoch)
t=32100/37841  elapsed=330s  (10 ms/epoch)
t=32200/37841  elapsed=331s  (10 ms/epoch)
t=32300/37841  elapsed=332s  (10 ms/epoch)
t=32400/37841  elapsed=333s  (10 ms/epoch)
t=32500/37841  elapsed=334s  (10 ms/epoch)
t=32600/37841  elapsed=335s  (10 ms/epoch)
t=32700/37841  elapsed=336s  (10 ms/epoch)
t=32800/37841  elapsed=337s  (10 ms/epoch)
t=32900/37841  elapsed=338s  (10 ms/epoch)
t=33000/37841  elapsed=338s  (10 ms/epoch)
t=33100/37841  elapsed=339s  (10 ms/epoch)
t=33200/37841  elapsed=340s  (10 ms/epoch)
t=33300/37841  elapsed=340s  (10 ms/epoch)
t=33400/37841  elapsed=341s  (10 ms/epoch)
t=33500/37841  elapsed=342s  (10 ms/epoch)
t=33600/37841  elapsed=343s  (10 ms/epoch)
t=33700/37841  elapsed=343s  (10 ms/epoch)
t=33800/37841  elapsed=344s  (10 ms/epoch)
t=33900/37841  elapsed=345s  (10 ms/epoch)
t=34000/37841  elapsed=346s  (10 ms/epoch)
t=34100/37841  elapsed=346s  (10 ms/epoch)
t=34200/37841  elapsed=347s  (10 ms/epoch)
t=34300/37841  elapsed=348s  (10 ms/epoch)
t=34400/37841  elapsed=348s  (10 ms/epoch)
t=34500/37841  elapsed=349s  (10 ms/epoch)
t=34600/37841  elapsed=350s  (10 ms/epoch)
t=34700/37841  elapsed=350s  (10 ms/epoch)
t=34800/37841  elapsed=351s  (10 ms/epoch)
t=34900/37841  elapsed=352s  (10 ms/epoch)
t=35000/37841  elapsed=353s  (10 ms/epoch)
t=35100/37841  elapsed=353s  (10 ms/epoch)
t=35200/37841  elapsed=354s  (10 ms/epoch)
t=35300/37841  elapsed=355s  (10 ms/epoch)
t=35400/37841  elapsed=359s  (10 ms/epoch)
t=35500/37841  elapsed=359s  (10 ms/epoch)
t=35600/37841  elapsed=360s  (10 ms/epoch)
t=35700/37841  elapsed=361s  (10 ms/epoch)
t=35800/37841  elapsed=361s  (10 ms/epoch)
t=35900/37841  elapsed=362s  (10 ms/epoch)
t=36000/37841  elapsed=363s  (10 ms/epoch)
t=36100/37841  elapsed=364s  (10 ms/epoch)
t=36200/37841  elapsed=364s  (10 ms/epoch)
t=36300/37841  elapsed=365s  (10 ms/epoch)
t=36400/37841  elapsed=366s  (10 ms/epoch)
t=36500/37841  elapsed=367s  (10 ms/epoch)
t=36600/37841  elapsed=367s  (10 ms/epoch)
t=36700/37841  elapsed=368s  (10 ms/epoch)
t=36800/37841  elapsed=369s  (10 ms/epoch)
t=36900/37841  elapsed=370s  (10 ms/epoch)
t=37000/37841  elapsed=370s  (10 ms/epoch)
t=37100/37841  elapsed=371s  (10 ms/epoch)
t=37200/37841  elapsed=372s  (10 ms/epoch)
t=37300/37841  elapsed=373s  (10 ms/epoch)
t=37400/37841  elapsed=373s  (10 ms/epoch)
t=37500/37841  elapsed=374s  (10 ms/epoch)
t=37600/37841  elapsed=375s  (10 ms/epoch)
t=37700/37841  elapsed=376s  (10 ms/epoch)
t=37800/37841  elapsed=376s  (10 ms/epoch)
warm=0s  smoothed_drms=51386.16 m  realtime_drms=52258.49 m  ins_drms=114.40 m
warm=60s  smoothed_drms=51797.48 m  realtime_drms=52676.84 m  ins_drms=115.31 m
warm=120s  smoothed_drms=52217.38 m  realtime_drms=53102.10 m  ins_drms=116.25 m
warm=300s  smoothed_drms=53528.17 m  realtime_drms=54435.05 m  ins_drms=119.12 m
warm=600s  smoothed_drms=55847.95 m  realtime_drms=56800.86 m  ins_drms=123.81 m
(Julia FGO reference = nan m, exported warm=600s, lag=30s)
=== RUN 1003.02 mag5 (lag=30) ===
lag=30s  mag=5 (meas_mag5)  tag=_lag30_100302_m5
t=100/37841  elapsed=0s  (1 ms/epoch)
t=200/37841  elapsed=0s  (2 ms/epoch)
t=300/37841  elapsed=1s  (2 ms/epoch)
t=400/37841  elapsed=2s  (6 ms/epoch)
t=500/37841  elapsed=4s  (8 ms/epoch)
t=600/37841  elapsed=6s  (10 ms/epoch)
t=700/37841  elapsed=8s  (11 ms/epoch)
t=800/37841  elapsed=10s  (13 ms/epoch)
t=900/37841  elapsed=16s  (18 ms/epoch)
t=1000/37841  elapsed=18s  (18 ms/epoch)
t=1100/37841  elapsed=20s  (18 ms/epoch)
t=1200/37841  elapsed=20s  (17 ms/epoch)
t=1300/37841  elapsed=21s  (16 ms/epoch)
t=1400/37841  elapsed=23s  (16 ms/epoch)
t=1500/37841  elapsed=25s  (16 ms/epoch)
t=1600/37841  elapsed=26s  (16 ms/epoch)
t=1700/37841  elapsed=28s  (16 ms/epoch)
t=1800/37841  elapsed=30s  (16 ms/epoch)
t=1900/37841  elapsed=30s  (16 ms/epoch)
t=2000/37841  elapsed=31s  (15 ms/epoch)
t=2100/37841  elapsed=32s  (15 ms/epoch)
t=2200/37841  elapsed=32s  (15 ms/epoch)
t=2300/37841  elapsed=33s  (14 ms/epoch)
t=2400/37841  elapsed=33s  (14 ms/epoch)
t=2500/37841  elapsed=33s  (13 ms/epoch)
t=2600/37841  elapsed=35s  (13 ms/epoch)
t=2700/37841  elapsed=36s  (13 ms/epoch)
t=2800/37841  elapsed=38s  (14 ms/epoch)
t=2900/37841  elapsed=39s  (13 ms/epoch)
t=3000/37841  elapsed=39s  (13 ms/epoch)
t=3100/37841  elapsed=40s  (13 ms/epoch)
t=3200/37841  elapsed=42s  (13 ms/epoch)
t=3300/37841  elapsed=44s  (13 ms/epoch)
t=3400/37841  elapsed=45s  (13 ms/epoch)
t=3500/37841  elapsed=46s  (13 ms/epoch)
t=3600/37841  elapsed=46s  (13 ms/epoch)
t=3700/37841  elapsed=47s  (13 ms/epoch)
t=3800/37841  elapsed=47s  (12 ms/epoch)
t=3900/37841  elapsed=51s  (13 ms/epoch)
t=4000/37841  elapsed=52s  (13 ms/epoch)
t=4100/37841  elapsed=52s  (13 ms/epoch)
t=4200/37841  elapsed=53s  (13 ms/epoch)
t=4300/37841  elapsed=53s  (12 ms/epoch)
t=4400/37841  elapsed=54s  (12 ms/epoch)
t=4500/37841  elapsed=55s  (12 ms/epoch)
t=4600/37841  elapsed=56s  (12 ms/epoch)
t=4700/37841  elapsed=56s  (12 ms/epoch)
t=4800/37841  elapsed=57s  (12 ms/epoch)
t=4900/37841  elapsed=58s  (12 ms/epoch)
t=5000/37841  elapsed=59s  (12 ms/epoch)
t=5100/37841  elapsed=59s  (12 ms/epoch)
t=5200/37841  elapsed=61s  (12 ms/epoch)
t=5300/37841  elapsed=63s  (12 ms/epoch)
t=5400/37841  elapsed=65s  (12 ms/epoch)
t=5500/37841  elapsed=66s  (12 ms/epoch)
t=5600/37841  elapsed=67s  (12 ms/epoch)
t=5700/37841  elapsed=68s  (12 ms/epoch)
t=5800/37841  elapsed=68s  (12 ms/epoch)
t=5900/37841  elapsed=69s  (12 ms/epoch)
t=6000/37841  elapsed=70s  (12 ms/epoch)
t=6100/37841  elapsed=70s  (12 ms/epoch)
t=6200/37841  elapsed=71s  (12 ms/epoch)
t=6300/37841  elapsed=73s  (12 ms/epoch)
t=6400/37841  elapsed=75s  (12 ms/epoch)
t=6500/37841  elapsed=76s  (12 ms/epoch)
t=6600/37841  elapsed=77s  (12 ms/epoch)
t=6700/37841  elapsed=77s  (12 ms/epoch)
t=6800/37841  elapsed=78s  (11 ms/epoch)
t=6900/37841  elapsed=78s  (11 ms/epoch)
t=7000/37841  elapsed=79s  (11 ms/epoch)
t=7100/37841  elapsed=80s  (11 ms/epoch)
t=7200/37841  elapsed=80s  (11 ms/epoch)
t=7300/37841  elapsed=81s  (11 ms/epoch)
t=7400/37841  elapsed=81s  (11 ms/epoch)
t=7500/37841  elapsed=82s  (11 ms/epoch)
t=7600/37841  elapsed=83s  (11 ms/epoch)
t=7700/37841  elapsed=86s  (11 ms/epoch)
t=7800/37841  elapsed=87s  (11 ms/epoch)
t=7900/37841  elapsed=88s  (11 ms/epoch)
t=8000/37841  elapsed=88s  (11 ms/epoch)
t=8100/37841  elapsed=89s  (11 ms/epoch)
t=8200/37841  elapsed=90s  (11 ms/epoch)
t=8300/37841  elapsed=90s  (11 ms/epoch)
t=8400/37841  elapsed=91s  (11 ms/epoch)
t=8500/37841  elapsed=92s  (11 ms/epoch)
t=8600/37841  elapsed=93s  (11 ms/epoch)
t=8700/37841  elapsed=93s  (11 ms/epoch)
t=8800/37841  elapsed=94s  (11 ms/epoch)
t=8900/37841  elapsed=95s  (11 ms/epoch)
t=9000/37841  elapsed=95s  (11 ms/epoch)
t=9100/37841  elapsed=96s  (11 ms/epoch)
t=9200/37841  elapsed=97s  (10 ms/epoch)
t=9300/37841  elapsed=97s  (10 ms/epoch)
t=9400/37841  elapsed=98s  (10 ms/epoch)
t=9500/37841  elapsed=99s  (10 ms/epoch)
t=9600/37841  elapsed=99s  (10 ms/epoch)
t=9700/37841  elapsed=100s  (10 ms/epoch)
t=9800/37841  elapsed=100s  (10 ms/epoch)
t=9900/37841  elapsed=101s  (10 ms/epoch)
t=10000/37841  elapsed=102s  (10 ms/epoch)
t=10100/37841  elapsed=102s  (10 ms/epoch)
t=10200/37841  elapsed=103s  (10 ms/epoch)
t=10300/37841  elapsed=105s  (10 ms/epoch)
t=10400/37841  elapsed=106s  (10 ms/epoch)
t=10500/37841  elapsed=108s  (10 ms/epoch)
t=10600/37841  elapsed=109s  (10 ms/epoch)
t=10700/37841  elapsed=110s  (10 ms/epoch)
t=10800/37841  elapsed=110s  (10 ms/epoch)
t=10900/37841  elapsed=111s  (10 ms/epoch)
t=11000/37841  elapsed=112s  (10 ms/epoch)
t=11100/37841  elapsed=112s  (10 ms/epoch)
t=11200/37841  elapsed=113s  (10 ms/epoch)
t=11300/37841  elapsed=113s  (10 ms/epoch)
t=11400/37841  elapsed=114s  (10 ms/epoch)
t=11500/37841  elapsed=115s  (10 ms/epoch)
t=11600/37841  elapsed=115s  (10 ms/epoch)
t=11700/37841  elapsed=116s  (10 ms/epoch)
t=11800/37841  elapsed=116s  (10 ms/epoch)
t=11900/37841  elapsed=117s  (10 ms/epoch)
t=12000/37841  elapsed=118s  (10 ms/epoch)
t=12100/37841  elapsed=118s  (10 ms/epoch)
t=12200/37841  elapsed=122s  (10 ms/epoch)
t=12300/37841  elapsed=123s  (10 ms/epoch)
t=12400/37841  elapsed=124s  (10 ms/epoch)
t=12500/37841  elapsed=126s  (10 ms/epoch)
t=12600/37841  elapsed=128s  (10 ms/epoch)
t=12700/37841  elapsed=129s  (10 ms/epoch)
t=12800/37841  elapsed=129s  (10 ms/epoch)
t=12900/37841  elapsed=130s  (10 ms/epoch)
t=13000/37841  elapsed=131s  (10 ms/epoch)
t=13100/37841  elapsed=131s  (10 ms/epoch)
t=13200/37841  elapsed=132s  (10 ms/epoch)
t=13300/37841  elapsed=133s  (10 ms/epoch)
t=13400/37841  elapsed=134s  (10 ms/epoch)
t=13500/37841  elapsed=134s  (10 ms/epoch)
t=13600/37841  elapsed=135s  (10 ms/epoch)
t=13700/37841  elapsed=136s  (10 ms/epoch)
t=13800/37841  elapsed=137s  (10 ms/epoch)
t=13900/37841  elapsed=137s  (10 ms/epoch)
t=14000/37841  elapsed=138s  (10 ms/epoch)
t=14100/37841  elapsed=139s  (10 ms/epoch)
t=14200/37841  elapsed=139s  (10 ms/epoch)
t=14300/37841  elapsed=140s  (10 ms/epoch)
t=14400/37841  elapsed=141s  (10 ms/epoch)
t=14500/37841  elapsed=142s  (10 ms/epoch)
t=14600/37841  elapsed=142s  (10 ms/epoch)
t=14700/37841  elapsed=143s  (10 ms/epoch)
t=14800/37841  elapsed=144s  (10 ms/epoch)
t=14900/37841  elapsed=145s  (10 ms/epoch)
t=15000/37841  elapsed=145s  (10 ms/epoch)
t=15100/37841  elapsed=146s  (10 ms/epoch)
t=15200/37841  elapsed=147s  (10 ms/epoch)
t=15300/37841  elapsed=147s  (10 ms/epoch)
t=15400/37841  elapsed=148s  (10 ms/epoch)
t=15500/37841  elapsed=149s  (10 ms/epoch)
t=15600/37841  elapsed=150s  (10 ms/epoch)
t=15700/37841  elapsed=151s  (10 ms/epoch)
t=15800/37841  elapsed=152s  (10 ms/epoch)
t=15900/37841  elapsed=153s  (10 ms/epoch)
t=16000/37841  elapsed=154s  (10 ms/epoch)
t=16100/37841  elapsed=157s  (10 ms/epoch)
t=16200/37841  elapsed=158s  (10 ms/epoch)
t=16300/37841  elapsed=159s  (10 ms/epoch)
t=16400/37841  elapsed=160s  (10 ms/epoch)
t=16500/37841  elapsed=161s  (10 ms/epoch)
t=16600/37841  elapsed=161s  (10 ms/epoch)
t=16700/37841  elapsed=162s  (10 ms/epoch)
t=16800/37841  elapsed=163s  (10 ms/epoch)
t=16900/37841  elapsed=163s  (10 ms/epoch)
t=17000/37841  elapsed=164s  (10 ms/epoch)
t=17100/37841  elapsed=165s  (10 ms/epoch)
t=17200/37841  elapsed=166s  (10 ms/epoch)
t=17300/37841  elapsed=166s  (10 ms/epoch)
t=17400/37841  elapsed=167s  (10 ms/epoch)
t=17500/37841  elapsed=168s  (10 ms/epoch)
t=17600/37841  elapsed=168s  (10 ms/epoch)
t=17700/37841  elapsed=169s  (10 ms/epoch)
t=17800/37841  elapsed=170s  (10 ms/epoch)
t=17900/37841  elapsed=170s  (10 ms/epoch)
t=18000/37841  elapsed=171s  (10 ms/epoch)
t=18100/37841  elapsed=172s  (9 ms/epoch)
t=18200/37841  elapsed=173s  (9 ms/epoch)
t=18300/37841  elapsed=173s  (9 ms/epoch)
t=18400/37841  elapsed=174s  (9 ms/epoch)
t=18500/37841  elapsed=175s  (9 ms/epoch)
t=18600/37841  elapsed=175s  (9 ms/epoch)
t=18700/37841  elapsed=176s  (9 ms/epoch)
t=18800/37841  elapsed=177s  (9 ms/epoch)
t=18900/37841  elapsed=177s  (9 ms/epoch)
t=19000/37841  elapsed=178s  (9 ms/epoch)
t=19100/37841  elapsed=179s  (9 ms/epoch)
t=19200/37841  elapsed=180s  (9 ms/epoch)
t=19300/37841  elapsed=180s  (9 ms/epoch)
t=19400/37841  elapsed=181s  (9 ms/epoch)
t=19500/37841  elapsed=182s  (9 ms/epoch)
t=19600/37841  elapsed=183s  (9 ms/epoch)
t=19700/37841  elapsed=183s  (9 ms/epoch)
t=19800/37841  elapsed=184s  (9 ms/epoch)
t=19900/37841  elapsed=185s  (9 ms/epoch)
t=20000/37841  elapsed=185s  (9 ms/epoch)
t=20100/37841  elapsed=186s  (9 ms/epoch)
t=20200/37841  elapsed=187s  (9 ms/epoch)
t=20300/37841  elapsed=187s  (9 ms/epoch)
t=20400/37841  elapsed=188s  (9 ms/epoch)
t=20500/37841  elapsed=192s  (9 ms/epoch)
t=20600/37841  elapsed=194s  (9 ms/epoch)
t=20700/37841  elapsed=196s  (9 ms/epoch)
t=20800/37841  elapsed=197s  (9 ms/epoch)
t=20900/37841  elapsed=198s  (9 ms/epoch)
t=21000/37841  elapsed=199s  (9 ms/epoch)
t=21100/37841  elapsed=199s  (9 ms/epoch)
t=21200/37841  elapsed=200s  (9 ms/epoch)
t=21300/37841  elapsed=201s  (9 ms/epoch)
t=21400/37841  elapsed=201s  (9 ms/epoch)
t=21500/37841  elapsed=202s  (9 ms/epoch)
t=21600/37841  elapsed=203s  (9 ms/epoch)
t=21700/37841  elapsed=203s  (9 ms/epoch)
t=21800/37841  elapsed=204s  (9 ms/epoch)
t=21900/37841  elapsed=205s  (9 ms/epoch)
t=22000/37841  elapsed=206s  (9 ms/epoch)
t=22100/37841  elapsed=206s  (9 ms/epoch)
t=22200/37841  elapsed=207s  (9 ms/epoch)
t=22300/37841  elapsed=208s  (9 ms/epoch)
t=22400/37841  elapsed=208s  (9 ms/epoch)
t=22500/37841  elapsed=209s  (9 ms/epoch)
t=22600/37841  elapsed=210s  (9 ms/epoch)
t=22700/37841  elapsed=211s  (9 ms/epoch)
t=22800/37841  elapsed=211s  (9 ms/epoch)
t=22900/37841  elapsed=212s  (9 ms/epoch)
t=23000/37841  elapsed=213s  (9 ms/epoch)
t=23100/37841  elapsed=213s  (9 ms/epoch)
t=23200/37841  elapsed=214s  (9 ms/epoch)
t=23300/37841  elapsed=215s  (9 ms/epoch)
t=23400/37841  elapsed=215s  (9 ms/epoch)
t=23500/37841  elapsed=216s  (9 ms/epoch)
t=23600/37841  elapsed=217s  (9 ms/epoch)
t=23700/37841  elapsed=217s  (9 ms/epoch)
t=23800/37841  elapsed=218s  (9 ms/epoch)
t=23900/37841  elapsed=218s  (9 ms/epoch)
t=24000/37841  elapsed=219s  (9 ms/epoch)
t=24100/37841  elapsed=220s  (9 ms/epoch)
t=24200/37841  elapsed=220s  (9 ms/epoch)
t=24300/37841  elapsed=221s  (9 ms/epoch)
t=24400/37841  elapsed=222s  (9 ms/epoch)
t=24500/37841  elapsed=222s  (9 ms/epoch)
t=24600/37841  elapsed=223s  (9 ms/epoch)
t=24700/37841  elapsed=228s  (9 ms/epoch)
t=24800/37841  elapsed=230s  (9 ms/epoch)
t=24900/37841  elapsed=231s  (9 ms/epoch)
t=25000/37841  elapsed=232s  (9 ms/epoch)
t=25100/37841  elapsed=233s  (9 ms/epoch)
t=25200/37841  elapsed=233s  (9 ms/epoch)
t=25300/37841  elapsed=234s  (9 ms/epoch)
t=25400/37841  elapsed=234s  (9 ms/epoch)
t=25500/37841  elapsed=235s  (9 ms/epoch)
t=25600/37841  elapsed=236s  (9 ms/epoch)
t=25700/37841  elapsed=237s  (9 ms/epoch)
t=25800/37841  elapsed=237s  (9 ms/epoch)
t=25900/37841  elapsed=238s  (9 ms/epoch)
t=26000/37841  elapsed=239s  (9 ms/epoch)
t=26100/37841  elapsed=239s  (9 ms/epoch)
t=26200/37841  elapsed=240s  (9 ms/epoch)
t=26300/37841  elapsed=241s  (9 ms/epoch)
t=26400/37841  elapsed=241s  (9 ms/epoch)
t=26500/37841  elapsed=242s  (9 ms/epoch)
t=26600/37841  elapsed=243s  (9 ms/epoch)
t=26700/37841  elapsed=244s  (9 ms/epoch)
t=26800/37841  elapsed=244s  (9 ms/epoch)
t=26900/37841  elapsed=245s  (9 ms/epoch)
t=27000/37841  elapsed=246s  (9 ms/epoch)
t=27100/37841  elapsed=246s  (9 ms/epoch)
t=27200/37841  elapsed=247s  (9 ms/epoch)
t=27300/37841  elapsed=248s  (9 ms/epoch)
t=27400/37841  elapsed=249s  (9 ms/epoch)
t=27500/37841  elapsed=249s  (9 ms/epoch)
t=27600/37841  elapsed=250s  (9 ms/epoch)
t=27700/37841  elapsed=251s  (9 ms/epoch)
t=27800/37841  elapsed=251s  (9 ms/epoch)
t=27900/37841  elapsed=252s  (9 ms/epoch)
t=28000/37841  elapsed=253s  (9 ms/epoch)
t=28100/37841  elapsed=254s  (9 ms/epoch)
t=28200/37841  elapsed=254s  (9 ms/epoch)
t=28300/37841  elapsed=255s  (9 ms/epoch)
t=28400/37841  elapsed=255s  (9 ms/epoch)
t=28500/37841  elapsed=256s  (9 ms/epoch)
t=28600/37841  elapsed=257s  (9 ms/epoch)
t=28700/37841  elapsed=257s  (9 ms/epoch)
t=28800/37841  elapsed=258s  (9 ms/epoch)
t=28900/37841  elapsed=259s  (9 ms/epoch)
t=29000/37841  elapsed=262s  (9 ms/epoch)
t=29100/37841  elapsed=263s  (9 ms/epoch)
t=29200/37841  elapsed=264s  (9 ms/epoch)
t=29300/37841  elapsed=264s  (9 ms/epoch)
t=29400/37841  elapsed=265s  (9 ms/epoch)
t=29500/37841  elapsed=265s  (9 ms/epoch)
t=29600/37841  elapsed=266s  (9 ms/epoch)
t=29700/37841  elapsed=267s  (9 ms/epoch)
t=29800/37841  elapsed=268s  (9 ms/epoch)
t=29900/37841  elapsed=268s  (9 ms/epoch)
t=30000/37841  elapsed=269s  (9 ms/epoch)
t=30100/37841  elapsed=270s  (9 ms/epoch)
t=30200/37841  elapsed=271s  (9 ms/epoch)
t=30300/37841  elapsed=271s  (9 ms/epoch)
t=30400/37841  elapsed=272s  (9 ms/epoch)
t=30500/37841  elapsed=273s  (9 ms/epoch)
t=30600/37841  elapsed=274s  (9 ms/epoch)
t=30700/37841  elapsed=274s  (9 ms/epoch)
t=30800/37841  elapsed=275s  (9 ms/epoch)
t=30900/37841  elapsed=276s  (9 ms/epoch)
t=31000/37841  elapsed=276s  (9 ms/epoch)
t=31100/37841  elapsed=277s  (9 ms/epoch)
t=31200/37841  elapsed=278s  (9 ms/epoch)
t=31300/37841  elapsed=279s  (9 ms/epoch)
t=31400/37841  elapsed=279s  (9 ms/epoch)
t=31500/37841  elapsed=280s  (9 ms/epoch)
t=31600/37841  elapsed=281s  (9 ms/epoch)
t=31700/37841  elapsed=281s  (9 ms/epoch)
t=31800/37841  elapsed=282s  (9 ms/epoch)
t=31900/37841  elapsed=283s  (9 ms/epoch)
t=32000/37841  elapsed=283s  (9 ms/epoch)
t=32100/37841  elapsed=284s  (9 ms/epoch)
t=32200/37841  elapsed=285s  (9 ms/epoch)
t=32300/37841  elapsed=285s  (9 ms/epoch)
t=32400/37841  elapsed=286s  (9 ms/epoch)
t=32500/37841  elapsed=287s  (9 ms/epoch)
t=32600/37841  elapsed=288s  (9 ms/epoch)
t=32700/37841  elapsed=289s  (9 ms/epoch)
t=32800/37841  elapsed=290s  (9 ms/epoch)
t=32900/37841  elapsed=291s  (9 ms/epoch)
t=33000/37841  elapsed=291s  (9 ms/epoch)
t=33100/37841  elapsed=292s  (9 ms/epoch)
t=33200/37841  elapsed=293s  (9 ms/epoch)
t=33300/37841  elapsed=294s  (9 ms/epoch)
t=33400/37841  elapsed=294s  (9 ms/epoch)
t=33500/37841  elapsed=298s  (9 ms/epoch)
t=33600/37841  elapsed=299s  (9 ms/epoch)
t=33700/37841  elapsed=299s  (9 ms/epoch)
t=33800/37841  elapsed=300s  (9 ms/epoch)
t=33900/37841  elapsed=301s  (9 ms/epoch)
t=34000/37841  elapsed=301s  (9 ms/epoch)
t=34100/37841  elapsed=302s  (9 ms/epoch)
t=34200/37841  elapsed=303s  (9 ms/epoch)
t=34300/37841  elapsed=303s  (9 ms/epoch)
t=34400/37841  elapsed=304s  (9 ms/epoch)
t=34500/37841  elapsed=305s  (9 ms/epoch)
t=34600/37841  elapsed=306s  (9 ms/epoch)
t=34700/37841  elapsed=306s  (9 ms/epoch)
t=34800/37841  elapsed=307s  (9 ms/epoch)
t=34900/37841  elapsed=308s  (9 ms/epoch)
t=35000/37841  elapsed=309s  (9 ms/epoch)
t=35100/37841  elapsed=310s  (9 ms/epoch)
t=35200/37841  elapsed=310s  (9 ms/epoch)
t=35300/37841  elapsed=311s  (9 ms/epoch)
t=35400/37841  elapsed=312s  (9 ms/epoch)
t=35500/37841  elapsed=313s  (9 ms/epoch)
t=35600/37841  elapsed=314s  (9 ms/epoch)
t=35700/37841  elapsed=314s  (9 ms/epoch)
t=35800/37841  elapsed=315s  (9 ms/epoch)
t=35900/37841  elapsed=316s  (9 ms/epoch)
t=36000/37841  elapsed=317s  (9 ms/epoch)
t=36100/37841  elapsed=318s  (9 ms/epoch)
t=36200/37841  elapsed=319s  (9 ms/epoch)
t=36300/37841  elapsed=319s  (9 ms/epoch)
t=36400/37841  elapsed=320s  (9 ms/epoch)
t=36500/37841  elapsed=321s  (9 ms/epoch)
t=36600/37841  elapsed=321s  (9 ms/epoch)
t=36700/37841  elapsed=322s  (9 ms/epoch)
t=36800/37841  elapsed=323s  (9 ms/epoch)
t=36900/37841  elapsed=324s  (9 ms/epoch)
t=37000/37841  elapsed=324s  (9 ms/epoch)
t=37100/37841  elapsed=325s  (9 ms/epoch)
t=37200/37841  elapsed=326s  (9 ms/epoch)
t=37300/37841  elapsed=326s  (9 ms/epoch)
t=37400/37841  elapsed=327s  (9 ms/epoch)
t=37500/37841  elapsed=328s  (9 ms/epoch)
t=37600/37841  elapsed=329s  (9 ms/epoch)
t=37700/37841  elapsed=330s  (9 ms/epoch)
t=37800/37841  elapsed=333s  (9 ms/epoch)
warm=0s  smoothed_drms=27.79 m  realtime_drms=31.43 m  ins_drms=114.40 m
warm=60s  smoothed_drms=27.79 m  realtime_drms=31.38 m  ins_drms=115.31 m
warm=120s  smoothed_drms=27.07 m  realtime_drms=30.31 m  ins_drms=116.25 m
warm=300s  smoothed_drms=27.57 m  realtime_drms=30.18 m  ins_drms=119.12 m
warm=600s  smoothed_drms=28.49 m  realtime_drms=31.17 m  ins_drms=123.81 m
(Julia FGO reference = nan m, exported warm=600s, lag=30s)
=== RUN 1003.08 mag4 (lag=30) ===
lag=30s  mag=4 (meas_mag4)  tag=_lag30_100308_m4
t=100/43431  elapsed=0s  (1 ms/epoch)
t=200/43431  elapsed=0s  (2 ms/epoch)
t=300/43431  elapsed=1s  (4 ms/epoch)
t=400/43431  elapsed=3s  (8 ms/epoch)
t=500/43431  elapsed=5s  (11 ms/epoch)
t=600/43431  elapsed=7s  (12 ms/epoch)
t=700/43431  elapsed=10s  (14 ms/epoch)
t=800/43431  elapsed=12s  (15 ms/epoch)
t=900/43431  elapsed=15s  (16 ms/epoch)
t=1000/43431  elapsed=17s  (17 ms/epoch)
t=1100/43431  elapsed=18s  (17 ms/epoch)
t=1200/43431  elapsed=19s  (16 ms/epoch)
t=1300/43431  elapsed=20s  (15 ms/epoch)
t=1400/43431  elapsed=22s  (16 ms/epoch)
t=1500/43431  elapsed=24s  (16 ms/epoch)
t=1600/43431  elapsed=26s  (16 ms/epoch)
t=1700/43431  elapsed=28s  (17 ms/epoch)
t=1800/43431  elapsed=34s  (19 ms/epoch)
t=1900/43431  elapsed=35s  (19 ms/epoch)
t=2000/43431  elapsed=36s  (18 ms/epoch)
t=2100/43431  elapsed=37s  (18 ms/epoch)
t=2200/43431  elapsed=38s  (17 ms/epoch)
t=2300/43431  elapsed=39s  (17 ms/epoch)
t=2400/43431  elapsed=39s  (16 ms/epoch)
t=2500/43431  elapsed=40s  (16 ms/epoch)
t=2600/43431  elapsed=42s  (16 ms/epoch)
t=2700/43431  elapsed=44s  (16 ms/epoch)
t=2800/43431  elapsed=46s  (16 ms/epoch)
t=2900/43431  elapsed=48s  (16 ms/epoch)
t=3000/43431  elapsed=48s  (16 ms/epoch)
t=3100/43431  elapsed=49s  (16 ms/epoch)
t=3200/43431  elapsed=51s  (16 ms/epoch)
t=3300/43431  elapsed=53s  (16 ms/epoch)
t=3400/43431  elapsed=55s  (16 ms/epoch)
t=3500/43431  elapsed=55s  (16 ms/epoch)
t=3600/43431  elapsed=56s  (16 ms/epoch)
t=3700/43431  elapsed=57s  (15 ms/epoch)
t=3800/43431  elapsed=58s  (15 ms/epoch)
t=3900/43431  elapsed=58s  (15 ms/epoch)
t=4000/43431  elapsed=59s  (15 ms/epoch)
t=4100/43431  elapsed=60s  (15 ms/epoch)
t=4200/43431  elapsed=61s  (14 ms/epoch)
t=4300/43431  elapsed=61s  (14 ms/epoch)
t=4400/43431  elapsed=62s  (14 ms/epoch)
t=4500/43431  elapsed=63s  (14 ms/epoch)
t=4600/43431  elapsed=63s  (14 ms/epoch)
t=4700/43431  elapsed=64s  (14 ms/epoch)
t=4800/43431  elapsed=65s  (14 ms/epoch)
t=4900/43431  elapsed=69s  (14 ms/epoch)
t=5000/43431  elapsed=69s  (14 ms/epoch)
t=5100/43431  elapsed=70s  (14 ms/epoch)
t=5200/43431  elapsed=72s  (14 ms/epoch)
t=5300/43431  elapsed=74s  (14 ms/epoch)
t=5400/43431  elapsed=76s  (14 ms/epoch)
t=5500/43431  elapsed=77s  (14 ms/epoch)
t=5600/43431  elapsed=77s  (14 ms/epoch)
t=5700/43431  elapsed=78s  (14 ms/epoch)
t=5800/43431  elapsed=79s  (14 ms/epoch)
t=5900/43431  elapsed=80s  (13 ms/epoch)
t=6000/43431  elapsed=80s  (13 ms/epoch)
t=6100/43431  elapsed=81s  (13 ms/epoch)
t=6200/43431  elapsed=83s  (13 ms/epoch)
t=6300/43431  elapsed=84s  (13 ms/epoch)
t=6400/43431  elapsed=86s  (13 ms/epoch)
t=6500/43431  elapsed=87s  (13 ms/epoch)
t=6600/43431  elapsed=88s  (13 ms/epoch)
t=6700/43431  elapsed=89s  (13 ms/epoch)
t=6800/43431  elapsed=90s  (13 ms/epoch)
t=6900/43431  elapsed=90s  (13 ms/epoch)
t=7000/43431  elapsed=91s  (13 ms/epoch)
t=7100/43431  elapsed=92s  (13 ms/epoch)
t=7200/43431  elapsed=92s  (13 ms/epoch)
t=7300/43431  elapsed=93s  (13 ms/epoch)
t=7400/43431  elapsed=94s  (13 ms/epoch)
t=7500/43431  elapsed=95s  (13 ms/epoch)
t=7600/43431  elapsed=95s  (13 ms/epoch)
t=7700/43431  elapsed=96s  (12 ms/epoch)
t=7800/43431  elapsed=97s  (12 ms/epoch)
t=7900/43431  elapsed=98s  (12 ms/epoch)
t=8000/43431  elapsed=98s  (12 ms/epoch)
t=8100/43431  elapsed=99s  (12 ms/epoch)
t=8200/43431  elapsed=100s  (12 ms/epoch)
t=8300/43431  elapsed=100s  (12 ms/epoch)
t=8400/43431  elapsed=104s  (12 ms/epoch)
t=8500/43431  elapsed=105s  (12 ms/epoch)
t=8600/43431  elapsed=106s  (12 ms/epoch)
t=8700/43431  elapsed=107s  (12 ms/epoch)
t=8800/43431  elapsed=108s  (12 ms/epoch)
t=8900/43431  elapsed=108s  (12 ms/epoch)
t=9000/43431  elapsed=109s  (12 ms/epoch)
t=9100/43431  elapsed=110s  (12 ms/epoch)
t=9200/43431  elapsed=110s  (12 ms/epoch)
t=9300/43431  elapsed=111s  (12 ms/epoch)
t=9400/43431  elapsed=112s  (12 ms/epoch)
t=9500/43431  elapsed=113s  (12 ms/epoch)
t=9600/43431  elapsed=113s  (12 ms/epoch)
t=9700/43431  elapsed=114s  (12 ms/epoch)
t=9800/43431  elapsed=115s  (12 ms/epoch)
t=9900/43431  elapsed=115s  (12 ms/epoch)
t=10000/43431  elapsed=116s  (12 ms/epoch)
t=10100/43431  elapsed=117s  (12 ms/epoch)
t=10200/43431  elapsed=118s  (12 ms/epoch)
t=10300/43431  elapsed=119s  (12 ms/epoch)
t=10400/43431  elapsed=121s  (12 ms/epoch)
t=10500/43431  elapsed=123s  (12 ms/epoch)
t=10600/43431  elapsed=124s  (12 ms/epoch)
t=10700/43431  elapsed=125s  (12 ms/epoch)
t=10800/43431  elapsed=125s  (12 ms/epoch)
t=10900/43431  elapsed=126s  (12 ms/epoch)
t=11000/43431  elapsed=127s  (12 ms/epoch)
t=11100/43431  elapsed=127s  (11 ms/epoch)
t=11200/43431  elapsed=128s  (11 ms/epoch)
t=11300/43431  elapsed=129s  (11 ms/epoch)
t=11400/43431  elapsed=129s  (11 ms/epoch)
t=11500/43431  elapsed=130s  (11 ms/epoch)
t=11600/43431  elapsed=131s  (11 ms/epoch)
t=11700/43431  elapsed=132s  (11 ms/epoch)
t=11800/43431  elapsed=132s  (11 ms/epoch)
t=11900/43431  elapsed=133s  (11 ms/epoch)
t=12000/43431  elapsed=134s  (11 ms/epoch)
t=12100/43431  elapsed=134s  (11 ms/epoch)
t=12200/43431  elapsed=135s  (11 ms/epoch)
t=12300/43431  elapsed=139s  (11 ms/epoch)
t=12400/43431  elapsed=141s  (11 ms/epoch)
t=12500/43431  elapsed=143s  (11 ms/epoch)
t=12600/43431  elapsed=145s  (12 ms/epoch)
t=12700/43431  elapsed=146s  (11 ms/epoch)
t=12800/43431  elapsed=147s  (11 ms/epoch)
t=12900/43431  elapsed=147s  (11 ms/epoch)
t=13000/43431  elapsed=148s  (11 ms/epoch)
t=13100/43431  elapsed=149s  (11 ms/epoch)
t=13200/43431  elapsed=150s  (11 ms/epoch)
t=13300/43431  elapsed=150s  (11 ms/epoch)
t=13400/43431  elapsed=151s  (11 ms/epoch)
t=13500/43431  elapsed=152s  (11 ms/epoch)
t=13600/43431  elapsed=152s  (11 ms/epoch)
t=13700/43431  elapsed=153s  (11 ms/epoch)
t=13800/43431  elapsed=154s  (11 ms/epoch)
t=13900/43431  elapsed=155s  (11 ms/epoch)
t=14000/43431  elapsed=155s  (11 ms/epoch)
t=14100/43431  elapsed=156s  (11 ms/epoch)
t=14200/43431  elapsed=157s  (11 ms/epoch)
t=14300/43431  elapsed=158s  (11 ms/epoch)
t=14400/43431  elapsed=158s  (11 ms/epoch)
t=14500/43431  elapsed=159s  (11 ms/epoch)
t=14600/43431  elapsed=160s  (11 ms/epoch)
t=14700/43431  elapsed=161s  (11 ms/epoch)
t=14800/43431  elapsed=162s  (11 ms/epoch)
t=14900/43431  elapsed=163s  (11 ms/epoch)
t=15000/43431  elapsed=164s  (11 ms/epoch)
t=15100/43431  elapsed=164s  (11 ms/epoch)
t=15200/43431  elapsed=165s  (11 ms/epoch)
t=15300/43431  elapsed=166s  (11 ms/epoch)
t=15400/43431  elapsed=167s  (11 ms/epoch)
t=15500/43431  elapsed=168s  (11 ms/epoch)
t=15600/43431  elapsed=169s  (11 ms/epoch)
t=15700/43431  elapsed=170s  (11 ms/epoch)
t=15800/43431  elapsed=171s  (11 ms/epoch)
t=15900/43431  elapsed=175s  (11 ms/epoch)
t=16000/43431  elapsed=175s  (11 ms/epoch)
t=16100/43431  elapsed=176s  (11 ms/epoch)
t=16200/43431  elapsed=177s  (11 ms/epoch)
t=16300/43431  elapsed=178s  (11 ms/epoch)
t=16400/43431  elapsed=178s  (11 ms/epoch)
t=16500/43431  elapsed=179s  (11 ms/epoch)
t=16600/43431  elapsed=180s  (11 ms/epoch)
t=16700/43431  elapsed=180s  (11 ms/epoch)
t=16800/43431  elapsed=181s  (11 ms/epoch)
t=16900/43431  elapsed=182s  (11 ms/epoch)
t=17000/43431  elapsed=183s  (11 ms/epoch)
t=17100/43431  elapsed=183s  (11 ms/epoch)
t=17200/43431  elapsed=184s  (11 ms/epoch)
t=17300/43431  elapsed=185s  (11 ms/epoch)
t=17400/43431  elapsed=186s  (11 ms/epoch)
t=17500/43431  elapsed=186s  (11 ms/epoch)
t=17600/43431  elapsed=187s  (11 ms/epoch)
t=17700/43431  elapsed=188s  (11 ms/epoch)
t=17800/43431  elapsed=189s  (11 ms/epoch)
t=17900/43431  elapsed=189s  (11 ms/epoch)
t=18000/43431  elapsed=190s  (11 ms/epoch)
t=18100/43431  elapsed=191s  (11 ms/epoch)
t=18200/43431  elapsed=192s  (11 ms/epoch)
t=18300/43431  elapsed=192s  (11 ms/epoch)
t=18400/43431  elapsed=193s  (10 ms/epoch)
t=18500/43431  elapsed=194s  (10 ms/epoch)
t=18600/43431  elapsed=194s  (10 ms/epoch)
t=18700/43431  elapsed=195s  (10 ms/epoch)
t=18800/43431  elapsed=196s  (10 ms/epoch)
t=18900/43431  elapsed=197s  (10 ms/epoch)
t=19000/43431  elapsed=197s  (10 ms/epoch)
t=19100/43431  elapsed=198s  (10 ms/epoch)
t=19200/43431  elapsed=199s  (10 ms/epoch)
t=19300/43431  elapsed=200s  (10 ms/epoch)
t=19400/43431  elapsed=200s  (10 ms/epoch)
t=19500/43431  elapsed=201s  (10 ms/epoch)
t=19600/43431  elapsed=202s  (10 ms/epoch)
t=19700/43431  elapsed=203s  (10 ms/epoch)
t=19800/43431  elapsed=203s  (10 ms/epoch)
t=19900/43431  elapsed=204s  (10 ms/epoch)
t=20000/43431  elapsed=205s  (10 ms/epoch)
t=20100/43431  elapsed=205s  (10 ms/epoch)
t=20200/43431  elapsed=206s  (10 ms/epoch)
t=20300/43431  elapsed=210s  (10 ms/epoch)
t=20400/43431  elapsed=211s  (10 ms/epoch)
t=20500/43431  elapsed=212s  (10 ms/epoch)
t=20600/43431  elapsed=214s  (10 ms/epoch)
t=20700/43431  elapsed=216s  (10 ms/epoch)
t=20800/43431  elapsed=218s  (10 ms/epoch)
t=20900/43431  elapsed=219s  (10 ms/epoch)
t=21000/43431  elapsed=219s  (10 ms/epoch)
t=21100/43431  elapsed=220s  (10 ms/epoch)
t=21200/43431  elapsed=221s  (10 ms/epoch)
t=21300/43431  elapsed=222s  (10 ms/epoch)
t=21400/43431  elapsed=222s  (10 ms/epoch)
t=21500/43431  elapsed=223s  (10 ms/epoch)
t=21600/43431  elapsed=224s  (10 ms/epoch)
t=21700/43431  elapsed=224s  (10 ms/epoch)
t=21800/43431  elapsed=225s  (10 ms/epoch)
t=21900/43431  elapsed=226s  (10 ms/epoch)
t=22000/43431  elapsed=227s  (10 ms/epoch)
t=22100/43431  elapsed=227s  (10 ms/epoch)
t=22200/43431  elapsed=228s  (10 ms/epoch)
t=22300/43431  elapsed=229s  (10 ms/epoch)
t=22400/43431  elapsed=230s  (10 ms/epoch)
t=22500/43431  elapsed=230s  (10 ms/epoch)
t=22600/43431  elapsed=231s  (10 ms/epoch)
t=22700/43431  elapsed=232s  (10 ms/epoch)
t=22800/43431  elapsed=232s  (10 ms/epoch)
t=22900/43431  elapsed=233s  (10 ms/epoch)
t=23000/43431  elapsed=234s  (10 ms/epoch)
t=23100/43431  elapsed=235s  (10 ms/epoch)
t=23200/43431  elapsed=236s  (10 ms/epoch)
t=23300/43431  elapsed=236s  (10 ms/epoch)
t=23400/43431  elapsed=237s  (10 ms/epoch)
t=23500/43431  elapsed=238s  (10 ms/epoch)
t=23600/43431  elapsed=239s  (10 ms/epoch)
t=23700/43431  elapsed=239s  (10 ms/epoch)
t=23800/43431  elapsed=240s  (10 ms/epoch)
t=23900/43431  elapsed=241s  (10 ms/epoch)
t=24000/43431  elapsed=245s  (10 ms/epoch)
t=24100/43431  elapsed=245s  (10 ms/epoch)
t=24200/43431  elapsed=246s  (10 ms/epoch)
t=24300/43431  elapsed=247s  (10 ms/epoch)
t=24400/43431  elapsed=247s  (10 ms/epoch)
t=24500/43431  elapsed=248s  (10 ms/epoch)
t=24600/43431  elapsed=249s  (10 ms/epoch)
t=24700/43431  elapsed=251s  (10 ms/epoch)
t=24800/43431  elapsed=253s  (10 ms/epoch)
t=24900/43431  elapsed=254s  (10 ms/epoch)
t=25000/43431  elapsed=255s  (10 ms/epoch)
t=25100/43431  elapsed=256s  (10 ms/epoch)
t=25200/43431  elapsed=256s  (10 ms/epoch)
t=25300/43431  elapsed=257s  (10 ms/epoch)
t=25400/43431  elapsed=258s  (10 ms/epoch)
t=25500/43431  elapsed=259s  (10 ms/epoch)
t=25600/43431  elapsed=259s  (10 ms/epoch)
t=25700/43431  elapsed=260s  (10 ms/epoch)
t=25800/43431  elapsed=261s  (10 ms/epoch)
t=25900/43431  elapsed=262s  (10 ms/epoch)
t=26000/43431  elapsed=262s  (10 ms/epoch)
t=26100/43431  elapsed=263s  (10 ms/epoch)
t=26200/43431  elapsed=264s  (10 ms/epoch)
t=26300/43431  elapsed=264s  (10 ms/epoch)
t=26400/43431  elapsed=265s  (10 ms/epoch)
t=26500/43431  elapsed=266s  (10 ms/epoch)
t=26600/43431  elapsed=267s  (10 ms/epoch)
t=26700/43431  elapsed=267s  (10 ms/epoch)
t=26800/43431  elapsed=268s  (10 ms/epoch)
t=26900/43431  elapsed=269s  (10 ms/epoch)
t=27000/43431  elapsed=270s  (10 ms/epoch)
t=27100/43431  elapsed=270s  (10 ms/epoch)
t=27200/43431  elapsed=272s  (10 ms/epoch)
t=27300/43431  elapsed=272s  (10 ms/epoch)
t=27400/43431  elapsed=273s  (10 ms/epoch)
t=27500/43431  elapsed=274s  (10 ms/epoch)
t=27600/43431  elapsed=275s  (10 ms/epoch)
t=27700/43431  elapsed=276s  (10 ms/epoch)
t=27800/43431  elapsed=276s  (10 ms/epoch)
t=27900/43431  elapsed=280s  (10 ms/epoch)
t=28000/43431  elapsed=281s  (10 ms/epoch)
t=28100/43431  elapsed=282s  (10 ms/epoch)
t=28200/43431  elapsed=282s  (10 ms/epoch)
t=28300/43431  elapsed=283s  (10 ms/epoch)
t=28400/43431  elapsed=284s  (10 ms/epoch)
t=28500/43431  elapsed=284s  (10 ms/epoch)
t=28600/43431  elapsed=285s  (10 ms/epoch)
t=28700/43431  elapsed=286s  (10 ms/epoch)
t=28800/43431  elapsed=287s  (10 ms/epoch)
t=28900/43431  elapsed=287s  (10 ms/epoch)
t=29000/43431  elapsed=288s  (10 ms/epoch)
t=29100/43431  elapsed=289s  (10 ms/epoch)
t=29200/43431  elapsed=290s  (10 ms/epoch)
t=29300/43431  elapsed=290s  (10 ms/epoch)
t=29400/43431  elapsed=291s  (10 ms/epoch)
t=29500/43431  elapsed=292s  (10 ms/epoch)
t=29600/43431  elapsed=292s  (10 ms/epoch)
t=29700/43431  elapsed=293s  (10 ms/epoch)
t=29800/43431  elapsed=294s  (10 ms/epoch)
t=29900/43431  elapsed=294s  (10 ms/epoch)
t=30000/43431  elapsed=295s  (10 ms/epoch)
t=30100/43431  elapsed=296s  (10 ms/epoch)
t=30200/43431  elapsed=297s  (10 ms/epoch)
t=30300/43431  elapsed=297s  (10 ms/epoch)
t=30400/43431  elapsed=298s  (10 ms/epoch)
t=30500/43431  elapsed=299s  (10 ms/epoch)
t=30600/43431  elapsed=300s  (10 ms/epoch)
t=30700/43431  elapsed=300s  (10 ms/epoch)
t=30800/43431  elapsed=301s  (10 ms/epoch)
t=30900/43431  elapsed=302s  (10 ms/epoch)
t=31000/43431  elapsed=302s  (10 ms/epoch)
t=31100/43431  elapsed=303s  (10 ms/epoch)
t=31200/43431  elapsed=304s  (10 ms/epoch)
t=31300/43431  elapsed=305s  (10 ms/epoch)
t=31400/43431  elapsed=305s  (10 ms/epoch)
t=31500/43431  elapsed=306s  (10 ms/epoch)
t=31600/43431  elapsed=307s  (10 ms/epoch)
t=31700/43431  elapsed=308s  (10 ms/epoch)
t=31800/43431  elapsed=308s  (10 ms/epoch)
t=31900/43431  elapsed=309s  (10 ms/epoch)
t=32000/43431  elapsed=310s  (10 ms/epoch)
t=32100/43431  elapsed=310s  (10 ms/epoch)
t=32200/43431  elapsed=311s  (10 ms/epoch)
t=32300/43431  elapsed=315s  (10 ms/epoch)
t=32400/43431  elapsed=316s  (10 ms/epoch)
t=32500/43431  elapsed=316s  (10 ms/epoch)
t=32600/43431  elapsed=317s  (10 ms/epoch)
t=32700/43431  elapsed=318s  (10 ms/epoch)
t=32800/43431  elapsed=318s  (10 ms/epoch)
t=32900/43431  elapsed=319s  (10 ms/epoch)
t=33000/43431  elapsed=320s  (10 ms/epoch)
t=33100/43431  elapsed=321s  (10 ms/epoch)
t=33200/43431  elapsed=321s  (10 ms/epoch)
t=33300/43431  elapsed=322s  (10 ms/epoch)
t=33400/43431  elapsed=323s  (10 ms/epoch)
t=33500/43431  elapsed=323s  (10 ms/epoch)
t=33600/43431  elapsed=324s  (10 ms/epoch)
t=33700/43431  elapsed=325s  (10 ms/epoch)
t=33800/43431  elapsed=326s  (10 ms/epoch)
t=33900/43431  elapsed=327s  (10 ms/epoch)
t=34000/43431  elapsed=327s  (10 ms/epoch)
t=34100/43431  elapsed=328s  (10 ms/epoch)
t=34200/43431  elapsed=329s  (10 ms/epoch)
t=34300/43431  elapsed=330s  (10 ms/epoch)
t=34400/43431  elapsed=331s  (10 ms/epoch)
t=34500/43431  elapsed=331s  (10 ms/epoch)
t=34600/43431  elapsed=332s  (10 ms/epoch)
t=34700/43431  elapsed=333s  (10 ms/epoch)
t=34800/43431  elapsed=334s  (10 ms/epoch)
t=34900/43431  elapsed=335s  (10 ms/epoch)
t=35000/43431  elapsed=335s  (10 ms/epoch)
t=35100/43431  elapsed=336s  (10 ms/epoch)
t=35200/43431  elapsed=337s  (10 ms/epoch)
t=35300/43431  elapsed=338s  (10 ms/epoch)
t=35400/43431  elapsed=339s  (10 ms/epoch)
t=35500/43431  elapsed=339s  (10 ms/epoch)
t=35600/43431  elapsed=340s  (10 ms/epoch)
t=35700/43431  elapsed=341s  (10 ms/epoch)
t=35800/43431  elapsed=342s  (10 ms/epoch)
t=35900/43431  elapsed=343s  (10 ms/epoch)
t=36000/43431  elapsed=343s  (10 ms/epoch)
t=36100/43431  elapsed=344s  (10 ms/epoch)
t=36200/43431  elapsed=345s  (10 ms/epoch)
t=36300/43431  elapsed=346s  (10 ms/epoch)
t=36400/43431  elapsed=350s  (10 ms/epoch)
t=36500/43431  elapsed=351s  (10 ms/epoch)
t=36600/43431  elapsed=352s  (10 ms/epoch)
t=36700/43431  elapsed=353s  (10 ms/epoch)
t=36800/43431  elapsed=354s  (10 ms/epoch)
t=36900/43431  elapsed=355s  (10 ms/epoch)
t=37000/43431  elapsed=356s  (10 ms/epoch)
t=37100/43431  elapsed=358s  (10 ms/epoch)
t=37200/43431  elapsed=359s  (10 ms/epoch)
t=37300/43431  elapsed=360s  (10 ms/epoch)
t=37400/43431  elapsed=361s  (10 ms/epoch)
t=37500/43431  elapsed=362s  (10 ms/epoch)
t=37600/43431  elapsed=362s  (10 ms/epoch)
t=37700/43431  elapsed=363s  (10 ms/epoch)
t=37800/43431  elapsed=364s  (10 ms/epoch)
t=37900/43431  elapsed=364s  (10 ms/epoch)
t=38000/43431  elapsed=365s  (10 ms/epoch)
t=38100/43431  elapsed=366s  (10 ms/epoch)
t=38200/43431  elapsed=366s  (10 ms/epoch)
t=38300/43431  elapsed=367s  (10 ms/epoch)
t=38400/43431  elapsed=368s  (10 ms/epoch)
t=38500/43431  elapsed=368s  (10 ms/epoch)
t=38600/43431  elapsed=369s  (10 ms/epoch)
t=38700/43431  elapsed=370s  (10 ms/epoch)
t=38800/43431  elapsed=371s  (10 ms/epoch)
t=38900/43431  elapsed=371s  (10 ms/epoch)
t=39000/43431  elapsed=372s  (10 ms/epoch)
t=39100/43431  elapsed=373s  (10 ms/epoch)
t=39200/43431  elapsed=373s  (10 ms/epoch)
t=39300/43431  elapsed=374s  (10 ms/epoch)
t=39400/43431  elapsed=375s  (10 ms/epoch)
t=39500/43431  elapsed=375s  (9 ms/epoch)
t=39600/43431  elapsed=376s  (9 ms/epoch)
t=39700/43431  elapsed=377s  (9 ms/epoch)
t=39800/43431  elapsed=377s  (9 ms/epoch)
t=39900/43431  elapsed=378s  (9 ms/epoch)
t=40000/43431  elapsed=379s  (9 ms/epoch)
t=40100/43431  elapsed=379s  (9 ms/epoch)
t=40200/43431  elapsed=380s  (9 ms/epoch)
t=40300/43431  elapsed=381s  (9 ms/epoch)
t=40400/43431  elapsed=381s  (9 ms/epoch)
t=40500/43431  elapsed=382s  (9 ms/epoch)
t=40600/43431  elapsed=386s  (10 ms/epoch)
t=40700/43431  elapsed=386s  (9 ms/epoch)
t=40800/43431  elapsed=387s  (9 ms/epoch)
t=40900/43431  elapsed=388s  (9 ms/epoch)
t=41000/43431  elapsed=389s  (9 ms/epoch)
t=41100/43431  elapsed=391s  (10 ms/epoch)
t=41200/43431  elapsed=393s  (10 ms/epoch)
t=41300/43431  elapsed=394s  (10 ms/epoch)
t=41400/43431  elapsed=395s  (10 ms/epoch)
t=41500/43431  elapsed=396s  (10 ms/epoch)
t=41600/43431  elapsed=396s  (10 ms/epoch)
t=41700/43431  elapsed=397s  (10 ms/epoch)
t=41800/43431  elapsed=398s  (10 ms/epoch)
t=41900/43431  elapsed=398s  (10 ms/epoch)
t=42000/43431  elapsed=399s  (10 ms/epoch)
t=42100/43431  elapsed=400s  (9 ms/epoch)
t=42200/43431  elapsed=400s  (9 ms/epoch)
t=42300/43431  elapsed=401s  (9 ms/epoch)
t=42400/43431  elapsed=402s  (9 ms/epoch)
t=42500/43431  elapsed=403s  (9 ms/epoch)
t=42600/43431  elapsed=403s  (9 ms/epoch)
t=42700/43431  elapsed=404s  (9 ms/epoch)
t=42800/43431  elapsed=405s  (9 ms/epoch)
t=42900/43431  elapsed=405s  (9 ms/epoch)
t=43000/43431  elapsed=406s  (9 ms/epoch)
t=43100/43431  elapsed=407s  (9 ms/epoch)
t=43200/43431  elapsed=407s  (9 ms/epoch)
t=43300/43431  elapsed=408s  (9 ms/epoch)
t=43400/43431  elapsed=409s  (9 ms/epoch)
warm=0s  smoothed_drms=12720.72 m  realtime_drms=12758.35 m  ins_drms=253.55 m
warm=60s  smoothed_drms=12809.49 m  realtime_drms=12847.37 m  ins_drms=255.32 m
warm=120s  smoothed_drms=12899.98 m  realtime_drms=12938.15 m  ins_drms=257.12 m
warm=300s  smoothed_drms=13179.54 m  realtime_drms=13218.68 m  ins_drms=262.66 m
warm=600s  smoothed_drms=13630.50 m  realtime_drms=13671.03 m  ins_drms=271.86 m
(Julia FGO reference = nan m, exported warm=600s, lag=30s)
=== RUN 1003.08 mag5 (lag=30) ===
lag=30s  mag=5 (meas_mag5)  tag=_lag30_100308_m5
t=100/43431  elapsed=0s  (1 ms/epoch)
t=200/43431  elapsed=0s  (2 ms/epoch)
t=300/43431  elapsed=1s  (3 ms/epoch)
t=400/43431  elapsed=2s  (6 ms/epoch)
t=500/43431  elapsed=4s  (8 ms/epoch)
t=600/43431  elapsed=6s  (10 ms/epoch)
t=700/43431  elapsed=11s  (15 ms/epoch)
t=800/43431  elapsed=13s  (16 ms/epoch)
t=900/43431  elapsed=16s  (17 ms/epoch)
t=1000/43431  elapsed=18s  (18 ms/epoch)
t=1100/43431  elapsed=19s  (17 ms/epoch)
t=1200/43431  elapsed=20s  (16 ms/epoch)
t=1300/43431  elapsed=20s  (16 ms/epoch)
t=1400/43431  elapsed=22s  (16 ms/epoch)
t=1500/43431  elapsed=23s  (16 ms/epoch)
t=1600/43431  elapsed=25s  (16 ms/epoch)
t=1700/43431  elapsed=27s  (16 ms/epoch)
t=1800/43431  elapsed=29s  (16 ms/epoch)
t=1900/43431  elapsed=29s  (15 ms/epoch)
t=2000/43431  elapsed=30s  (15 ms/epoch)
t=2100/43431  elapsed=31s  (15 ms/epoch)
t=2200/43431  elapsed=31s  (14 ms/epoch)
t=2300/43431  elapsed=32s  (14 ms/epoch)
t=2400/43431  elapsed=32s  (14 ms/epoch)
t=2500/43431  elapsed=33s  (13 ms/epoch)
t=2600/43431  elapsed=34s  (13 ms/epoch)
t=2700/43431  elapsed=35s  (13 ms/epoch)
t=2800/43431  elapsed=37s  (13 ms/epoch)
t=2900/43431  elapsed=38s  (13 ms/epoch)
t=3000/43431  elapsed=39s  (13 ms/epoch)
t=3100/43431  elapsed=40s  (13 ms/epoch)
t=3200/43431  elapsed=41s  (13 ms/epoch)
t=3300/43431  elapsed=46s  (14 ms/epoch)
t=3400/43431  elapsed=47s  (14 ms/epoch)
t=3500/43431  elapsed=48s  (14 ms/epoch)
t=3600/43431  elapsed=48s  (13 ms/epoch)
t=3700/43431  elapsed=49s  (13 ms/epoch)
t=3800/43431  elapsed=50s  (13 ms/epoch)
t=3900/43431  elapsed=50s  (13 ms/epoch)
t=4000/43431  elapsed=51s  (13 ms/epoch)
t=4100/43431  elapsed=51s  (13 ms/epoch)
t=4200/43431  elapsed=52s  (12 ms/epoch)
t=4300/43431  elapsed=53s  (12 ms/epoch)
t=4400/43431  elapsed=53s  (12 ms/epoch)
t=4500/43431  elapsed=54s  (12 ms/epoch)
t=4600/43431  elapsed=54s  (12 ms/epoch)
t=4700/43431  elapsed=55s  (12 ms/epoch)
t=4800/43431  elapsed=56s  (12 ms/epoch)
t=4900/43431  elapsed=56s  (12 ms/epoch)
t=5000/43431  elapsed=57s  (11 ms/epoch)
t=5100/43431  elapsed=58s  (11 ms/epoch)
t=5200/43431  elapsed=59s  (11 ms/epoch)
t=5300/43431  elapsed=61s  (12 ms/epoch)
t=5400/43431  elapsed=63s  (12 ms/epoch)
t=5500/43431  elapsed=63s  (12 ms/epoch)
t=5600/43431  elapsed=64s  (11 ms/epoch)
t=5700/43431  elapsed=65s  (11 ms/epoch)
t=5800/43431  elapsed=65s  (11 ms/epoch)
t=5900/43431  elapsed=66s  (11 ms/epoch)
t=6000/43431  elapsed=67s  (11 ms/epoch)
t=6100/43431  elapsed=67s  (11 ms/epoch)
t=6200/43431  elapsed=69s  (11 ms/epoch)
t=6300/43431  elapsed=70s  (11 ms/epoch)
t=6400/43431  elapsed=72s  (11 ms/epoch)
t=6500/43431  elapsed=73s  (11 ms/epoch)
t=6600/43431  elapsed=74s  (11 ms/epoch)
t=6700/43431  elapsed=74s  (11 ms/epoch)
t=6800/43431  elapsed=75s  (11 ms/epoch)
t=6900/43431  elapsed=75s  (11 ms/epoch)
t=7000/43431  elapsed=76s  (11 ms/epoch)
t=7100/43431  elapsed=77s  (11 ms/epoch)
t=7200/43431  elapsed=77s  (11 ms/epoch)
t=7300/43431  elapsed=78s  (11 ms/epoch)
t=7400/43431  elapsed=81s  (11 ms/epoch)
t=7500/43431  elapsed=82s  (11 ms/epoch)
t=7600/43431  elapsed=83s  (11 ms/epoch)
t=7700/43431  elapsed=83s  (11 ms/epoch)
t=7800/43431  elapsed=84s  (11 ms/epoch)
t=7900/43431  elapsed=85s  (11 ms/epoch)
t=8000/43431  elapsed=85s  (11 ms/epoch)
t=8100/43431  elapsed=86s  (11 ms/epoch)
t=8200/43431  elapsed=87s  (11 ms/epoch)
t=8300/43431  elapsed=87s  (11 ms/epoch)
t=8400/43431  elapsed=88s  (10 ms/epoch)
t=8500/43431  elapsed=88s  (10 ms/epoch)
t=8600/43431  elapsed=89s  (10 ms/epoch)
t=8700/43431  elapsed=90s  (10 ms/epoch)
t=8800/43431  elapsed=90s  (10 ms/epoch)
t=8900/43431  elapsed=91s  (10 ms/epoch)
t=9000/43431  elapsed=92s  (10 ms/epoch)
t=9100/43431  elapsed=92s  (10 ms/epoch)
t=9200/43431  elapsed=93s  (10 ms/epoch)
t=9300/43431  elapsed=94s  (10 ms/epoch)
t=9400/43431  elapsed=94s  (10 ms/epoch)
t=9500/43431  elapsed=95s  (10 ms/epoch)
t=9600/43431  elapsed=96s  (10 ms/epoch)
t=9700/43431  elapsed=96s  (10 ms/epoch)
t=9800/43431  elapsed=97s  (10 ms/epoch)
t=9900/43431  elapsed=97s  (10 ms/epoch)
t=10000/43431  elapsed=98s  (10 ms/epoch)
t=10100/43431  elapsed=99s  (10 ms/epoch)
t=10200/43431  elapsed=99s  (10 ms/epoch)
t=10300/43431  elapsed=101s  (10 ms/epoch)
t=10400/43431  elapsed=102s  (10 ms/epoch)
t=10500/43431  elapsed=104s  (10 ms/epoch)
t=10600/43431  elapsed=105s  (10 ms/epoch)
t=10700/43431  elapsed=106s  (10 ms/epoch)
t=10800/43431  elapsed=106s  (10 ms/epoch)
t=10900/43431  elapsed=107s  (10 ms/epoch)
t=11000/43431  elapsed=107s  (10 ms/epoch)
t=11100/43431  elapsed=108s  (10 ms/epoch)
t=11200/43431  elapsed=108s  (10 ms/epoch)
t=11300/43431  elapsed=109s  (10 ms/epoch)
t=11400/43431  elapsed=110s  (10 ms/epoch)
t=11500/43431  elapsed=110s  (10 ms/epoch)
t=11600/43431  elapsed=111s  (10 ms/epoch)
t=11700/43431  elapsed=112s  (10 ms/epoch)
t=11800/43431  elapsed=112s  (10 ms/epoch)
t=11900/43431  elapsed=113s  (9 ms/epoch)
t=12000/43431  elapsed=117s  (10 ms/epoch)
t=12100/43431  elapsed=117s  (10 ms/epoch)
t=12200/43431  elapsed=118s  (10 ms/epoch)
t=12300/43431  elapsed=119s  (10 ms/epoch)
t=12400/43431  elapsed=120s  (10 ms/epoch)
t=12500/43431  elapsed=122s  (10 ms/epoch)
t=12600/43431  elapsed=123s  (10 ms/epoch)
t=12700/43431  elapsed=124s  (10 ms/epoch)
t=12800/43431  elapsed=124s  (10 ms/epoch)
t=12900/43431  elapsed=125s  (10 ms/epoch)
t=13000/43431  elapsed=126s  (10 ms/epoch)
t=13100/43431  elapsed=126s  (10 ms/epoch)
t=13200/43431  elapsed=127s  (10 ms/epoch)
t=13300/43431  elapsed=127s  (10 ms/epoch)
t=13400/43431  elapsed=128s  (10 ms/epoch)
t=13500/43431  elapsed=129s  (10 ms/epoch)
t=13600/43431  elapsed=129s  (10 ms/epoch)
t=13700/43431  elapsed=130s  (9 ms/epoch)
t=13800/43431  elapsed=131s  (9 ms/epoch)
t=13900/43431  elapsed=131s  (9 ms/epoch)
t=14000/43431  elapsed=132s  (9 ms/epoch)
t=14100/43431  elapsed=132s  (9 ms/epoch)
t=14200/43431  elapsed=133s  (9 ms/epoch)
t=14300/43431  elapsed=134s  (9 ms/epoch)
t=14400/43431  elapsed=134s  (9 ms/epoch)
t=14500/43431  elapsed=135s  (9 ms/epoch)
t=14600/43431  elapsed=136s  (9 ms/epoch)
t=14700/43431  elapsed=136s  (9 ms/epoch)
t=14800/43431  elapsed=137s  (9 ms/epoch)
t=14900/43431  elapsed=137s  (9 ms/epoch)
t=15000/43431  elapsed=138s  (9 ms/epoch)
t=15100/43431  elapsed=139s  (9 ms/epoch)
t=15200/43431  elapsed=139s  (9 ms/epoch)
t=15300/43431  elapsed=140s  (9 ms/epoch)
t=15400/43431  elapsed=141s  (9 ms/epoch)
t=15500/43431  elapsed=141s  (9 ms/epoch)
t=15600/43431  elapsed=142s  (9 ms/epoch)
t=15700/43431  elapsed=142s  (9 ms/epoch)
t=15800/43431  elapsed=143s  (9 ms/epoch)
t=15900/43431  elapsed=144s  (9 ms/epoch)
t=16000/43431  elapsed=144s  (9 ms/epoch)
t=16100/43431  elapsed=145s  (9 ms/epoch)
t=16200/43431  elapsed=145s  (9 ms/epoch)
t=16300/43431  elapsed=146s  (9 ms/epoch)
t=16400/43431  elapsed=147s  (9 ms/epoch)
t=16500/43431  elapsed=147s  (9 ms/epoch)
t=16600/43431  elapsed=148s  (9 ms/epoch)
t=16700/43431  elapsed=151s  (9 ms/epoch)
t=16800/43431  elapsed=152s  (9 ms/epoch)
t=16900/43431  elapsed=153s  (9 ms/epoch)
t=17000/43431  elapsed=153s  (9 ms/epoch)
t=17100/43431  elapsed=154s  (9 ms/epoch)
t=17200/43431  elapsed=155s  (9 ms/epoch)
t=17300/43431  elapsed=155s  (9 ms/epoch)
t=17400/43431  elapsed=156s  (9 ms/epoch)
t=17500/43431  elapsed=156s  (9 ms/epoch)
t=17600/43431  elapsed=157s  (9 ms/epoch)
t=17700/43431  elapsed=157s  (9 ms/epoch)
t=17800/43431  elapsed=158s  (9 ms/epoch)
t=17900/43431  elapsed=159s  (9 ms/epoch)
t=18000/43431  elapsed=159s  (9 ms/epoch)
t=18100/43431  elapsed=160s  (9 ms/epoch)
t=18200/43431  elapsed=161s  (9 ms/epoch)
t=18300/43431  elapsed=161s  (9 ms/epoch)
t=18400/43431  elapsed=162s  (9 ms/epoch)
t=18500/43431  elapsed=163s  (9 ms/epoch)
t=18600/43431  elapsed=163s  (9 ms/epoch)
t=18700/43431  elapsed=164s  (9 ms/epoch)
t=18800/43431  elapsed=164s  (9 ms/epoch)
t=18900/43431  elapsed=165s  (9 ms/epoch)
t=19000/43431  elapsed=166s  (9 ms/epoch)
t=19100/43431  elapsed=166s  (9 ms/epoch)
t=19200/43431  elapsed=167s  (9 ms/epoch)
t=19300/43431  elapsed=168s  (9 ms/epoch)
t=19400/43431  elapsed=168s  (9 ms/epoch)
t=19500/43431  elapsed=169s  (9 ms/epoch)
t=19600/43431  elapsed=170s  (9 ms/epoch)
t=19700/43431  elapsed=170s  (9 ms/epoch)
t=19800/43431  elapsed=171s  (9 ms/epoch)
t=19900/43431  elapsed=172s  (9 ms/epoch)
t=20000/43431  elapsed=172s  (9 ms/epoch)
t=20100/43431  elapsed=173s  (9 ms/epoch)
t=20200/43431  elapsed=173s  (9 ms/epoch)
t=20300/43431  elapsed=174s  (9 ms/epoch)
t=20400/43431  elapsed=174s  (9 ms/epoch)
t=20500/43431  elapsed=175s  (9 ms/epoch)
t=20600/43431  elapsed=177s  (9 ms/epoch)
t=20700/43431  elapsed=179s  (9 ms/epoch)
t=20800/43431  elapsed=180s  (9 ms/epoch)
t=20900/43431  elapsed=181s  (9 ms/epoch)
t=21000/43431  elapsed=181s  (9 ms/epoch)
t=21100/43431  elapsed=182s  (9 ms/epoch)
t=21200/43431  elapsed=183s  (9 ms/epoch)
t=21300/43431  elapsed=183s  (9 ms/epoch)
t=21400/43431  elapsed=187s  (9 ms/epoch)
t=21500/43431  elapsed=188s  (9 ms/epoch)
t=21600/43431  elapsed=189s  (9 ms/epoch)
t=21700/43431  elapsed=189s  (9 ms/epoch)
t=21800/43431  elapsed=190s  (9 ms/epoch)
t=21900/43431  elapsed=191s  (9 ms/epoch)
t=22000/43431  elapsed=191s  (9 ms/epoch)
t=22100/43431  elapsed=192s  (9 ms/epoch)
t=22200/43431  elapsed=193s  (9 ms/epoch)
t=22300/43431  elapsed=193s  (9 ms/epoch)
t=22400/43431  elapsed=194s  (9 ms/epoch)
t=22500/43431  elapsed=194s  (9 ms/epoch)
t=22600/43431  elapsed=195s  (9 ms/epoch)
t=22700/43431  elapsed=196s  (9 ms/epoch)
t=22800/43431  elapsed=196s  (9 ms/epoch)
t=22900/43431  elapsed=197s  (9 ms/epoch)
t=23000/43431  elapsed=198s  (9 ms/epoch)
t=23100/43431  elapsed=198s  (9 ms/epoch)
t=23200/43431  elapsed=199s  (9 ms/epoch)
t=23300/43431  elapsed=200s  (9 ms/epoch)
t=23400/43431  elapsed=200s  (9 ms/epoch)
t=23500/43431  elapsed=201s  (9 ms/epoch)
t=23600/43431  elapsed=202s  (9 ms/epoch)
t=23700/43431  elapsed=202s  (9 ms/epoch)
t=23800/43431  elapsed=203s  (9 ms/epoch)
t=23900/43431  elapsed=204s  (9 ms/epoch)
t=24000/43431  elapsed=204s  (9 ms/epoch)
t=24100/43431  elapsed=205s  (9 ms/epoch)
t=24200/43431  elapsed=206s  (9 ms/epoch)
t=24300/43431  elapsed=206s  (8 ms/epoch)
t=24400/43431  elapsed=207s  (8 ms/epoch)
t=24500/43431  elapsed=208s  (8 ms/epoch)
t=24600/43431  elapsed=209s  (8 ms/epoch)
t=24700/43431  elapsed=210s  (9 ms/epoch)
t=24800/43431  elapsed=212s  (9 ms/epoch)
t=24900/43431  elapsed=213s  (9 ms/epoch)
t=25000/43431  elapsed=214s  (9 ms/epoch)
t=25100/43431  elapsed=215s  (9 ms/epoch)
t=25200/43431  elapsed=215s  (9 ms/epoch)
t=25300/43431  elapsed=216s  (9 ms/epoch)
t=25400/43431  elapsed=217s  (9 ms/epoch)
t=25500/43431  elapsed=217s  (9 ms/epoch)
t=25600/43431  elapsed=218s  (9 ms/epoch)
t=25700/43431  elapsed=222s  (9 ms/epoch)
t=25800/43431  elapsed=222s  (9 ms/epoch)
t=25900/43431  elapsed=223s  (9 ms/epoch)
t=26000/43431  elapsed=224s  (9 ms/epoch)
t=26100/43431  elapsed=224s  (9 ms/epoch)
t=26200/43431  elapsed=225s  (9 ms/epoch)
t=26300/43431  elapsed=225s  (9 ms/epoch)
t=26400/43431  elapsed=226s  (9 ms/epoch)
t=26500/43431  elapsed=227s  (9 ms/epoch)
t=26600/43431  elapsed=227s  (9 ms/epoch)
t=26700/43431  elapsed=228s  (9 ms/epoch)
t=26800/43431  elapsed=229s  (9 ms/epoch)
t=26900/43431  elapsed=229s  (9 ms/epoch)
t=27000/43431  elapsed=230s  (9 ms/epoch)
t=27100/43431  elapsed=231s  (9 ms/epoch)
t=27200/43431  elapsed=231s  (9 ms/epoch)
t=27300/43431  elapsed=232s  (8 ms/epoch)
t=27400/43431  elapsed=233s  (8 ms/epoch)
t=27500/43431  elapsed=233s  (8 ms/epoch)
t=27600/43431  elapsed=234s  (8 ms/epoch)
t=27700/43431  elapsed=235s  (8 ms/epoch)
t=27800/43431  elapsed=235s  (8 ms/epoch)
t=27900/43431  elapsed=236s  (8 ms/epoch)
t=28000/43431  elapsed=237s  (8 ms/epoch)
t=28100/43431  elapsed=237s  (8 ms/epoch)
t=28200/43431  elapsed=238s  (8 ms/epoch)
t=28300/43431  elapsed=239s  (8 ms/epoch)
t=28400/43431  elapsed=239s  (8 ms/epoch)
t=28500/43431  elapsed=240s  (8 ms/epoch)
t=28600/43431  elapsed=241s  (8 ms/epoch)
t=28700/43431  elapsed=241s  (8 ms/epoch)
t=28800/43431  elapsed=242s  (8 ms/epoch)
t=28900/43431  elapsed=243s  (8 ms/epoch)
t=29000/43431  elapsed=243s  (8 ms/epoch)
t=29100/43431  elapsed=244s  (8 ms/epoch)
t=29200/43431  elapsed=245s  (8 ms/epoch)
t=29300/43431  elapsed=245s  (8 ms/epoch)
t=29400/43431  elapsed=246s  (8 ms/epoch)
t=29500/43431  elapsed=247s  (8 ms/epoch)
t=29600/43431  elapsed=247s  (8 ms/epoch)
t=29700/43431  elapsed=248s  (8 ms/epoch)
t=29800/43431  elapsed=248s  (8 ms/epoch)
t=29900/43431  elapsed=249s  (8 ms/epoch)
t=30000/43431  elapsed=250s  (8 ms/epoch)
t=30100/43431  elapsed=250s  (8 ms/epoch)
t=30200/43431  elapsed=250s  (8 ms/epoch)
t=30300/43431  elapsed=251s  (8 ms/epoch)
t=30400/43431  elapsed=251s  (8 ms/epoch)
t=30500/43431  elapsed=252s  (8 ms/epoch)
t=30600/43431  elapsed=252s  (8 ms/epoch)
t=30700/43431  elapsed=253s  (8 ms/epoch)
t=30800/43431  elapsed=254s  (8 ms/epoch)
t=30900/43431  elapsed=257s  (8 ms/epoch)
t=31000/43431  elapsed=258s  (8 ms/epoch)
t=31100/43431  elapsed=259s  (8 ms/epoch)
t=31200/43431  elapsed=259s  (8 ms/epoch)
t=31300/43431  elapsed=260s  (8 ms/epoch)
t=31400/43431  elapsed=260s  (8 ms/epoch)
t=31500/43431  elapsed=261s  (8 ms/epoch)
t=31600/43431  elapsed=262s  (8 ms/epoch)
t=31700/43431  elapsed=262s  (8 ms/epoch)
t=31800/43431  elapsed=263s  (8 ms/epoch)
t=31900/43431  elapsed=264s  (8 ms/epoch)
t=32000/43431  elapsed=264s  (8 ms/epoch)
t=32100/43431  elapsed=265s  (8 ms/epoch)
t=32200/43431  elapsed=265s  (8 ms/epoch)
t=32300/43431  elapsed=266s  (8 ms/epoch)
t=32400/43431  elapsed=266s  (8 ms/epoch)
t=32500/43431  elapsed=267s  (8 ms/epoch)
t=32600/43431  elapsed=268s  (8 ms/epoch)
t=32700/43431  elapsed=268s  (8 ms/epoch)
t=32800/43431  elapsed=269s  (8 ms/epoch)
t=32900/43431  elapsed=270s  (8 ms/epoch)
t=33000/43431  elapsed=270s  (8 ms/epoch)
t=33100/43431  elapsed=271s  (8 ms/epoch)
t=33200/43431  elapsed=271s  (8 ms/epoch)
t=33300/43431  elapsed=272s  (8 ms/epoch)
t=33400/43431  elapsed=272s  (8 ms/epoch)
t=33500/43431  elapsed=273s  (8 ms/epoch)
t=33600/43431  elapsed=274s  (8 ms/epoch)
t=33700/43431  elapsed=274s  (8 ms/epoch)
t=33800/43431  elapsed=275s  (8 ms/epoch)
t=33900/43431  elapsed=276s  (8 ms/epoch)
t=34000/43431  elapsed=276s  (8 ms/epoch)
t=34100/43431  elapsed=277s  (8 ms/epoch)
t=34200/43431  elapsed=278s  (8 ms/epoch)
t=34300/43431  elapsed=278s  (8 ms/epoch)
t=34400/43431  elapsed=279s  (8 ms/epoch)
t=34500/43431  elapsed=280s  (8 ms/epoch)
t=34600/43431  elapsed=280s  (8 ms/epoch)
t=34700/43431  elapsed=281s  (8 ms/epoch)
t=34800/43431  elapsed=282s  (8 ms/epoch)
t=34900/43431  elapsed=282s  (8 ms/epoch)
t=35000/43431  elapsed=283s  (8 ms/epoch)
t=35100/43431  elapsed=284s  (8 ms/epoch)
t=35200/43431  elapsed=284s  (8 ms/epoch)
t=35300/43431  elapsed=285s  (8 ms/epoch)
t=35400/43431  elapsed=286s  (8 ms/epoch)
t=35500/43431  elapsed=286s  (8 ms/epoch)
t=35600/43431  elapsed=287s  (8 ms/epoch)
t=35700/43431  elapsed=288s  (8 ms/epoch)
t=35800/43431  elapsed=288s  (8 ms/epoch)
t=35900/43431  elapsed=289s  (8 ms/epoch)
t=36000/43431  elapsed=292s  (8 ms/epoch)
t=36100/43431  elapsed=293s  (8 ms/epoch)
t=36200/43431  elapsed=294s  (8 ms/epoch)
t=36300/43431  elapsed=294s  (8 ms/epoch)
t=36400/43431  elapsed=295s  (8 ms/epoch)
t=36500/43431  elapsed=296s  (8 ms/epoch)
t=36600/43431  elapsed=296s  (8 ms/epoch)
t=36700/43431  elapsed=297s  (8 ms/epoch)
t=36800/43431  elapsed=298s  (8 ms/epoch)
t=36900/43431  elapsed=298s  (8 ms/epoch)
t=37000/43431  elapsed=299s  (8 ms/epoch)
t=37100/43431  elapsed=300s  (8 ms/epoch)
t=37200/43431  elapsed=300s  (8 ms/epoch)
t=37300/43431  elapsed=301s  (8 ms/epoch)
t=37400/43431  elapsed=302s  (8 ms/epoch)
t=37500/43431  elapsed=302s  (8 ms/epoch)
t=37600/43431  elapsed=303s  (8 ms/epoch)
t=37700/43431  elapsed=304s  (8 ms/epoch)
t=37800/43431  elapsed=304s  (8 ms/epoch)
t=37900/43431  elapsed=305s  (8 ms/epoch)
t=38000/43431  elapsed=306s  (8 ms/epoch)
t=38100/43431  elapsed=306s  (8 ms/epoch)
t=38200/43431  elapsed=307s  (8 ms/epoch)
t=38300/43431  elapsed=308s  (8 ms/epoch)
t=38400/43431  elapsed=308s  (8 ms/epoch)
t=38500/43431  elapsed=309s  (8 ms/epoch)
t=38600/43431  elapsed=310s  (8 ms/epoch)
t=38700/43431  elapsed=310s  (8 ms/epoch)
t=38800/43431  elapsed=311s  (8 ms/epoch)
t=38900/43431  elapsed=311s  (8 ms/epoch)
t=39000/43431  elapsed=312s  (8 ms/epoch)
t=39100/43431  elapsed=313s  (8 ms/epoch)
t=39200/43431  elapsed=313s  (8 ms/epoch)
t=39300/43431  elapsed=314s  (8 ms/epoch)
t=39400/43431  elapsed=315s  (8 ms/epoch)
t=39500/43431  elapsed=315s  (8 ms/epoch)
t=39600/43431  elapsed=316s  (8 ms/epoch)
t=39700/43431  elapsed=317s  (8 ms/epoch)
t=39800/43431  elapsed=317s  (8 ms/epoch)
t=39900/43431  elapsed=318s  (8 ms/epoch)
t=40000/43431  elapsed=319s  (8 ms/epoch)
t=40100/43431  elapsed=319s  (8 ms/epoch)
t=40200/43431  elapsed=320s  (8 ms/epoch)
t=40300/43431  elapsed=321s  (8 ms/epoch)
t=40400/43431  elapsed=321s  (8 ms/epoch)
t=40500/43431  elapsed=322s  (8 ms/epoch)
t=40600/43431  elapsed=322s  (8 ms/epoch)
t=40700/43431  elapsed=323s  (8 ms/epoch)
t=40800/43431  elapsed=324s  (8 ms/epoch)
t=40900/43431  elapsed=327s  (8 ms/epoch)
t=41000/43431  elapsed=328s  (8 ms/epoch)
t=41100/43431  elapsed=330s  (8 ms/epoch)
t=41200/43431  elapsed=332s  (8 ms/epoch)
t=41300/43431  elapsed=333s  (8 ms/epoch)
t=41400/43431  elapsed=334s  (8 ms/epoch)
t=41500/43431  elapsed=334s  (8 ms/epoch)
t=41600/43431  elapsed=335s  (8 ms/epoch)
t=41700/43431  elapsed=336s  (8 ms/epoch)
t=41800/43431  elapsed=336s  (8 ms/epoch)
t=41900/43431  elapsed=337s  (8 ms/epoch)
t=42000/43431  elapsed=338s  (8 ms/epoch)
t=42100/43431  elapsed=338s  (8 ms/epoch)
t=42200/43431  elapsed=339s  (8 ms/epoch)
t=42300/43431  elapsed=340s  (8 ms/epoch)
t=42400/43431  elapsed=340s  (8 ms/epoch)
t=42500/43431  elapsed=341s  (8 ms/epoch)
t=42600/43431  elapsed=342s  (8 ms/epoch)
t=42700/43431  elapsed=343s  (8 ms/epoch)
t=42800/43431  elapsed=343s  (8 ms/epoch)
t=42900/43431  elapsed=344s  (8 ms/epoch)
t=43000/43431  elapsed=344s  (8 ms/epoch)
t=43100/43431  elapsed=345s  (8 ms/epoch)
t=43200/43431  elapsed=346s  (8 ms/epoch)
t=43300/43431  elapsed=346s  (8 ms/epoch)
t=43400/43431  elapsed=347s  (8 ms/epoch)
warm=0s  smoothed_drms=34.37 m  realtime_drms=45.96 m  ins_drms=253.55 m
warm=60s  smoothed_drms=33.75 m  realtime_drms=42.84 m  ins_drms=255.32 m
warm=120s  smoothed_drms=26.52 m  realtime_drms=38.15 m  ins_drms=257.12 m
warm=300s  smoothed_drms=20.08 m  realtime_drms=22.53 m  ins_drms=262.66 m
warm=600s  smoothed_drms=20.02 m  realtime_drms=22.40 m  ins_drms=271.86 m
(Julia FGO reference = nan m, exported warm=600s, lag=30s)
=== RUN 1006.08 mag4 (lag=30) ===
lag=30s  mag=4 (meas_mag4)  tag=_lag30_100608_m4
t=100/8391  elapsed=0s  (1 ms/epoch)
t=200/8391  elapsed=0s  (2 ms/epoch)
t=300/8391  elapsed=1s  (3 ms/epoch)
t=400/8391  elapsed=3s  (7 ms/epoch)
t=500/8391  elapsed=4s  (9 ms/epoch)
t=600/8391  elapsed=6s  (10 ms/epoch)
t=700/8391  elapsed=8s  (12 ms/epoch)
t=800/8391  elapsed=10s  (13 ms/epoch)
t=900/8391  elapsed=16s  (18 ms/epoch)
t=1000/8391  elapsed=18s  (18 ms/epoch)
t=1100/8391  elapsed=19s  (17 ms/epoch)
t=1200/8391  elapsed=20s  (17 ms/epoch)
t=1300/8391  elapsed=21s  (16 ms/epoch)
t=1400/8391  elapsed=22s  (16 ms/epoch)
t=1500/8391  elapsed=24s  (16 ms/epoch)
t=1600/8391  elapsed=26s  (16 ms/epoch)
t=1700/8391  elapsed=27s  (16 ms/epoch)
t=1800/8391  elapsed=29s  (16 ms/epoch)
t=1900/8391  elapsed=30s  (16 ms/epoch)
t=2000/8391  elapsed=31s  (15 ms/epoch)
t=2100/8391  elapsed=31s  (15 ms/epoch)
t=2200/8391  elapsed=32s  (15 ms/epoch)
t=2300/8391  elapsed=33s  (14 ms/epoch)
t=2400/8391  elapsed=33s  (14 ms/epoch)
t=2500/8391  elapsed=34s  (14 ms/epoch)
t=2600/8391  elapsed=35s  (13 ms/epoch)
t=2700/8391  elapsed=37s  (14 ms/epoch)
t=2800/8391  elapsed=38s  (14 ms/epoch)
t=2900/8391  elapsed=40s  (14 ms/epoch)
t=3000/8391  elapsed=40s  (13 ms/epoch)
t=3100/8391  elapsed=41s  (13 ms/epoch)
t=3200/8391  elapsed=43s  (13 ms/epoch)
t=3300/8391  elapsed=45s  (14 ms/epoch)
t=3400/8391  elapsed=46s  (14 ms/epoch)
t=3500/8391  elapsed=50s  (14 ms/epoch)
t=3600/8391  elapsed=50s  (14 ms/epoch)
t=3700/8391  elapsed=51s  (14 ms/epoch)
t=3800/8391  elapsed=52s  (14 ms/epoch)
t=3900/8391  elapsed=52s  (13 ms/epoch)
t=4000/8391  elapsed=53s  (13 ms/epoch)
t=4100/8391  elapsed=54s  (13 ms/epoch)
t=4200/8391  elapsed=54s  (13 ms/epoch)
t=4300/8391  elapsed=55s  (13 ms/epoch)
t=4400/8391  elapsed=56s  (13 ms/epoch)
t=4500/8391  elapsed=56s  (13 ms/epoch)
t=4600/8391  elapsed=57s  (12 ms/epoch)
t=4700/8391  elapsed=58s  (12 ms/epoch)
t=4800/8391  elapsed=58s  (12 ms/epoch)
t=4900/8391  elapsed=59s  (12 ms/epoch)
t=5000/8391  elapsed=60s  (12 ms/epoch)
t=5100/8391  elapsed=60s  (12 ms/epoch)
t=5200/8391  elapsed=62s  (12 ms/epoch)
t=5300/8391  elapsed=63s  (12 ms/epoch)
t=5400/8391  elapsed=65s  (12 ms/epoch)
t=5500/8391  elapsed=66s  (12 ms/epoch)
t=5600/8391  elapsed=67s  (12 ms/epoch)
t=5700/8391  elapsed=67s  (12 ms/epoch)
t=5800/8391  elapsed=68s  (12 ms/epoch)
t=5900/8391  elapsed=69s  (12 ms/epoch)
t=6000/8391  elapsed=69s  (12 ms/epoch)
t=6100/8391  elapsed=70s  (11 ms/epoch)
t=6200/8391  elapsed=71s  (11 ms/epoch)
t=6300/8391  elapsed=73s  (12 ms/epoch)
t=6400/8391  elapsed=74s  (12 ms/epoch)
t=6500/8391  elapsed=75s  (12 ms/epoch)
t=6600/8391  elapsed=76s  (12 ms/epoch)
t=6700/8391  elapsed=77s  (11 ms/epoch)
t=6800/8391  elapsed=77s  (11 ms/epoch)
t=6900/8391  elapsed=78s  (11 ms/epoch)
t=7000/8391  elapsed=79s  (11 ms/epoch)
t=7100/8391  elapsed=79s  (11 ms/epoch)
t=7200/8391  elapsed=80s  (11 ms/epoch)
t=7300/8391  elapsed=81s  (11 ms/epoch)
t=7400/8391  elapsed=81s  (11 ms/epoch)
t=7500/8391  elapsed=85s  (11 ms/epoch)
t=7600/8391  elapsed=86s  (11 ms/epoch)
t=7700/8391  elapsed=86s  (11 ms/epoch)
t=7800/8391  elapsed=87s  (11 ms/epoch)
t=7900/8391  elapsed=87s  (11 ms/epoch)
t=8000/8391  elapsed=88s  (11 ms/epoch)
t=8100/8391  elapsed=89s  (11 ms/epoch)
t=8200/8391  elapsed=89s  (11 ms/epoch)
t=8300/8391  elapsed=90s  (11 ms/epoch)
warm=0s  smoothed_drms=17210.80 m  realtime_drms=17086.19 m  ins_drms=137.26 m
warm=60s  smoothed_drms=17856.79 m  realtime_drms=17729.20 m  ins_drms=142.42 m
warm=120s  smoothed_drms=18555.20 m  realtime_drms=18420.12 m  ins_drms=148.00 m
warm=300s  smoothed_drms=20769.78 m  realtime_drms=20618.83 m  ins_drms=166.28 m
warm=600s  smoothed_drms=24116.10 m  realtime_drms=23662.56 m  ins_drms=197.65 m
(Julia FGO reference = nan m, exported warm=600s, lag=30s)
=== RUN 1006.08 mag5 (lag=30) ===
lag=30s  mag=5 (meas_mag5)  tag=_lag30_100608_m5
t=100/8391  elapsed=0s  (1 ms/epoch)
t=200/8391  elapsed=0s  (2 ms/epoch)
t=300/8391  elapsed=1s  (3 ms/epoch)
t=400/8391  elapsed=3s  (6 ms/epoch)
t=500/8391  elapsed=4s  (8 ms/epoch)
t=600/8391  elapsed=6s  (10 ms/epoch)
t=700/8391  elapsed=8s  (11 ms/epoch)
t=800/8391  elapsed=10s  (12 ms/epoch)
t=900/8391  elapsed=13s  (14 ms/epoch)
t=1000/8391  elapsed=15s  (15 ms/epoch)
t=1100/8391  elapsed=16s  (15 ms/epoch)
t=1200/8391  elapsed=17s  (14 ms/epoch)
t=1300/8391  elapsed=18s  (13 ms/epoch)
t=1400/8391  elapsed=19s  (14 ms/epoch)
t=1500/8391  elapsed=21s  (14 ms/epoch)
t=1600/8391  elapsed=23s  (14 ms/epoch)
t=1700/8391  elapsed=24s  (14 ms/epoch)
t=1800/8391  elapsed=29s  (16 ms/epoch)
t=1900/8391  elapsed=30s  (16 ms/epoch)
t=2000/8391  elapsed=31s  (15 ms/epoch)
t=2100/8391  elapsed=31s  (15 ms/epoch)
t=2200/8391  elapsed=32s  (15 ms/epoch)
t=2300/8391  elapsed=33s  (14 ms/epoch)
t=2400/8391  elapsed=33s  (14 ms/epoch)
t=2500/8391  elapsed=34s  (14 ms/epoch)
t=2600/8391  elapsed=35s  (13 ms/epoch)
t=2700/8391  elapsed=37s  (14 ms/epoch)
t=2800/8391  elapsed=38s  (14 ms/epoch)
t=2900/8391  elapsed=40s  (14 ms/epoch)
t=3000/8391  elapsed=40s  (13 ms/epoch)
t=3100/8391  elapsed=41s  (13 ms/epoch)
t=3200/8391  elapsed=43s  (13 ms/epoch)
t=3300/8391  elapsed=45s  (13 ms/epoch)
t=3400/8391  elapsed=46s  (13 ms/epoch)
t=3500/8391  elapsed=47s  (13 ms/epoch)
t=3600/8391  elapsed=47s  (13 ms/epoch)
t=3700/8391  elapsed=48s  (13 ms/epoch)
t=3800/8391  elapsed=48s  (13 ms/epoch)
t=3900/8391  elapsed=49s  (13 ms/epoch)
t=4000/8391  elapsed=50s  (12 ms/epoch)
t=4100/8391  elapsed=50s  (12 ms/epoch)
t=4200/8391  elapsed=51s  (12 ms/epoch)
t=4300/8391  elapsed=52s  (12 ms/epoch)
t=4400/8391  elapsed=52s  (12 ms/epoch)
t=4500/8391  elapsed=53s  (12 ms/epoch)
t=4600/8391  elapsed=54s  (12 ms/epoch)
t=4700/8391  elapsed=54s  (12 ms/epoch)
t=4800/8391  elapsed=55s  (11 ms/epoch)
t=4900/8391  elapsed=56s  (11 ms/epoch)
t=5000/8391  elapsed=56s  (11 ms/epoch)
t=5100/8391  elapsed=57s  (11 ms/epoch)
t=5200/8391  elapsed=58s  (11 ms/epoch)
t=5300/8391  elapsed=60s  (11 ms/epoch)
t=5400/8391  elapsed=65s  (12 ms/epoch)
t=5500/8391  elapsed=66s  (12 ms/epoch)
t=5600/8391  elapsed=66s  (12 ms/epoch)
t=5700/8391  elapsed=67s  (12 ms/epoch)
t=5800/8391  elapsed=68s  (12 ms/epoch)
t=5900/8391  elapsed=68s  (12 ms/epoch)
t=6000/8391  elapsed=69s  (11 ms/epoch)
t=6100/8391  elapsed=70s  (11 ms/epoch)
t=6200/8391  elapsed=71s  (11 ms/epoch)
t=6300/8391  elapsed=72s  (12 ms/epoch)
t=6400/8391  elapsed=74s  (12 ms/epoch)
t=6500/8391  elapsed=75s  (12 ms/epoch)
t=6600/8391  elapsed=76s  (12 ms/epoch)
t=6700/8391  elapsed=77s  (11 ms/epoch)
t=6800/8391  elapsed=77s  (11 ms/epoch)
t=6900/8391  elapsed=78s  (11 ms/epoch)
t=7000/8391  elapsed=78s  (11 ms/epoch)
t=7100/8391  elapsed=79s  (11 ms/epoch)
t=7200/8391  elapsed=80s  (11 ms/epoch)
t=7300/8391  elapsed=80s  (11 ms/epoch)
t=7400/8391  elapsed=81s  (11 ms/epoch)
t=7500/8391  elapsed=82s  (11 ms/epoch)
t=7600/8391  elapsed=82s  (11 ms/epoch)
t=7700/8391  elapsed=83s  (11 ms/epoch)
t=7800/8391  elapsed=84s  (11 ms/epoch)
t=7900/8391  elapsed=84s  (11 ms/epoch)
t=8000/8391  elapsed=85s  (11 ms/epoch)
t=8100/8391  elapsed=85s  (11 ms/epoch)
t=8200/8391  elapsed=86s  (11 ms/epoch)
t=8300/8391  elapsed=87s  (10 ms/epoch)
warm=0s  smoothed_drms=109.60 m  realtime_drms=132.74 m  ins_drms=137.26 m
warm=60s  smoothed_drms=110.66 m  realtime_drms=132.11 m  ins_drms=142.42 m
warm=120s  smoothed_drms=109.67 m  realtime_drms=128.14 m  ins_drms=148.00 m
warm=300s  smoothed_drms=121.40 m  realtime_drms=134.62 m  ins_drms=166.28 m
warm=600s  smoothed_drms=115.63 m  realtime_drms=104.14 m  ins_drms=197.65 m
(Julia FGO reference = nan m, exported warm=600s, lag=30s)
=== RUN 1007.02 mag4 (lag=30) ===
lag=30s  mag=4 (meas_mag4)  tag=_lag30_100702_m4
t=100/38561  elapsed=0s  (1 ms/epoch)
t=200/38561  elapsed=0s  (2 ms/epoch)
t=300/38561  elapsed=1s  (3 ms/epoch)
t=400/38561  elapsed=3s  (7 ms/epoch)
t=500/38561  elapsed=4s  (9 ms/epoch)
t=600/38561  elapsed=6s  (10 ms/epoch)
t=700/38561  elapsed=8s  (11 ms/epoch)
t=800/38561  elapsed=13s  (16 ms/epoch)
t=900/38561  elapsed=16s  (17 ms/epoch)
t=1000/38561  elapsed=18s  (18 ms/epoch)
t=1100/38561  elapsed=19s  (17 ms/epoch)
t=1200/38561  elapsed=20s  (16 ms/epoch)
t=1300/38561  elapsed=21s  (16 ms/epoch)
t=1400/38561  elapsed=22s  (16 ms/epoch)
t=1500/38561  elapsed=24s  (16 ms/epoch)
t=1600/38561  elapsed=25s  (16 ms/epoch)
t=1700/38561  elapsed=27s  (16 ms/epoch)
t=1800/38561  elapsed=29s  (16 ms/epoch)
t=1900/38561  elapsed=30s  (16 ms/epoch)
t=2000/38561  elapsed=30s  (15 ms/epoch)
t=2100/38561  elapsed=31s  (15 ms/epoch)
t=2200/38561  elapsed=32s  (14 ms/epoch)
t=2300/38561  elapsed=32s  (14 ms/epoch)
t=2400/38561  elapsed=33s  (14 ms/epoch)
t=2500/38561  elapsed=34s  (13 ms/epoch)
t=2600/38561  elapsed=35s  (13 ms/epoch)
t=2700/38561  elapsed=36s  (13 ms/epoch)
t=2800/38561  elapsed=38s  (14 ms/epoch)
t=2900/38561  elapsed=39s  (13 ms/epoch)
t=3000/38561  elapsed=40s  (13 ms/epoch)
t=3100/38561  elapsed=40s  (13 ms/epoch)
t=3200/38561  elapsed=42s  (13 ms/epoch)
t=3300/38561  elapsed=47s  (14 ms/epoch)
t=3400/38561  elapsed=48s  (14 ms/epoch)
t=3500/38561  elapsed=48s  (14 ms/epoch)
t=3600/38561  elapsed=49s  (14 ms/epoch)
t=3700/38561  elapsed=49s  (13 ms/epoch)
t=3800/38561  elapsed=50s  (13 ms/epoch)
t=3900/38561  elapsed=50s  (13 ms/epoch)
t=4000/38561  elapsed=51s  (13 ms/epoch)
t=4100/38561  elapsed=52s  (13 ms/epoch)
t=4200/38561  elapsed=52s  (12 ms/epoch)
t=4300/38561  elapsed=53s  (12 ms/epoch)
t=4400/38561  elapsed=53s  (12 ms/epoch)
t=4500/38561  elapsed=54s  (12 ms/epoch)
t=4600/38561  elapsed=55s  (12 ms/epoch)
t=4700/38561  elapsed=55s  (12 ms/epoch)
t=4800/38561  elapsed=56s  (12 ms/epoch)
t=4900/38561  elapsed=56s  (11 ms/epoch)
t=5000/38561  elapsed=57s  (11 ms/epoch)
t=5100/38561  elapsed=57s  (11 ms/epoch)
t=5200/38561  elapsed=59s  (11 ms/epoch)
t=5300/38561  elapsed=61s  (11 ms/epoch)
t=5400/38561  elapsed=62s  (12 ms/epoch)
t=5500/38561  elapsed=63s  (11 ms/epoch)
t=5600/38561  elapsed=64s  (11 ms/epoch)
t=5700/38561  elapsed=64s  (11 ms/epoch)
t=5800/38561  elapsed=65s  (11 ms/epoch)
t=5900/38561  elapsed=65s  (11 ms/epoch)
t=6000/38561  elapsed=65s  (11 ms/epoch)
t=6100/38561  elapsed=66s  (11 ms/epoch)
t=6200/38561  elapsed=67s  (11 ms/epoch)
t=6300/38561  elapsed=69s  (11 ms/epoch)
t=6400/38561  elapsed=70s  (11 ms/epoch)
t=6500/38561  elapsed=71s  (11 ms/epoch)
t=6600/38561  elapsed=72s  (11 ms/epoch)
t=6700/38561  elapsed=72s  (11 ms/epoch)
t=6800/38561  elapsed=73s  (11 ms/epoch)
t=6900/38561  elapsed=74s  (11 ms/epoch)
t=7000/38561  elapsed=74s  (11 ms/epoch)
t=7100/38561  elapsed=75s  (11 ms/epoch)
t=7200/38561  elapsed=75s  (10 ms/epoch)
t=7300/38561  elapsed=76s  (10 ms/epoch)
t=7400/38561  elapsed=77s  (10 ms/epoch)
t=7500/38561  elapsed=77s  (10 ms/epoch)
t=7600/38561  elapsed=78s  (10 ms/epoch)
t=7700/38561  elapsed=78s  (10 ms/epoch)
t=7800/38561  elapsed=82s  (10 ms/epoch)
t=7900/38561  elapsed=82s  (10 ms/epoch)
t=8000/38561  elapsed=83s  (10 ms/epoch)
t=8100/38561  elapsed=84s  (10 ms/epoch)
t=8200/38561  elapsed=84s  (10 ms/epoch)
t=8300/38561  elapsed=85s  (10 ms/epoch)
t=8400/38561  elapsed=85s  (10 ms/epoch)
t=8500/38561  elapsed=86s  (10 ms/epoch)
t=8600/38561  elapsed=86s  (10 ms/epoch)
t=8700/38561  elapsed=87s  (10 ms/epoch)
t=8800/38561  elapsed=87s  (10 ms/epoch)
t=8900/38561  elapsed=88s  (10 ms/epoch)
t=9000/38561  elapsed=88s  (10 ms/epoch)
t=9100/38561  elapsed=89s  (10 ms/epoch)
t=9200/38561  elapsed=89s  (10 ms/epoch)
t=9300/38561  elapsed=90s  (10 ms/epoch)
t=9400/38561  elapsed=90s  (10 ms/epoch)
t=9500/38561  elapsed=91s  (10 ms/epoch)
t=9600/38561  elapsed=91s  (10 ms/epoch)
t=9700/38561  elapsed=92s  (9 ms/epoch)
t=9800/38561  elapsed=92s  (9 ms/epoch)
t=9900/38561  elapsed=93s  (9 ms/epoch)
t=10000/38561  elapsed=93s  (9 ms/epoch)
t=10100/38561  elapsed=94s  (9 ms/epoch)
t=10200/38561  elapsed=94s  (9 ms/epoch)
t=10300/38561  elapsed=95s  (9 ms/epoch)
t=10400/38561  elapsed=97s  (9 ms/epoch)
t=10500/38561  elapsed=99s  (9 ms/epoch)
t=10600/38561  elapsed=100s  (9 ms/epoch)
t=10700/38561  elapsed=100s  (9 ms/epoch)
t=10800/38561  elapsed=100s  (9 ms/epoch)
t=10900/38561  elapsed=101s  (9 ms/epoch)
t=11000/38561  elapsed=101s  (9 ms/epoch)
t=11100/38561  elapsed=102s  (9 ms/epoch)
t=11200/38561  elapsed=103s  (9 ms/epoch)
t=11300/38561  elapsed=103s  (9 ms/epoch)
t=11400/38561  elapsed=104s  (9 ms/epoch)
t=11500/38561  elapsed=105s  (9 ms/epoch)
t=11600/38561  elapsed=105s  (9 ms/epoch)
t=11700/38561  elapsed=106s  (9 ms/epoch)
t=11800/38561  elapsed=106s  (9 ms/epoch)
t=11900/38561  elapsed=107s  (9 ms/epoch)
t=12000/38561  elapsed=108s  (9 ms/epoch)
t=12100/38561  elapsed=108s  (9 ms/epoch)
t=12200/38561  elapsed=109s  (9 ms/epoch)
t=12300/38561  elapsed=110s  (9 ms/epoch)
t=12400/38561  elapsed=111s  (9 ms/epoch)
t=12500/38561  elapsed=113s  (9 ms/epoch)
t=12600/38561  elapsed=117s  (9 ms/epoch)
t=12700/38561  elapsed=118s  (9 ms/epoch)
t=12800/38561  elapsed=118s  (9 ms/epoch)
t=12900/38561  elapsed=119s  (9 ms/epoch)
t=13000/38561  elapsed=120s  (9 ms/epoch)
t=13100/38561  elapsed=120s  (9 ms/epoch)
t=13200/38561  elapsed=121s  (9 ms/epoch)
t=13300/38561  elapsed=122s  (9 ms/epoch)
t=13400/38561  elapsed=122s  (9 ms/epoch)
t=13500/38561  elapsed=123s  (9 ms/epoch)
t=13600/38561  elapsed=123s  (9 ms/epoch)
t=13700/38561  elapsed=124s  (9 ms/epoch)
t=13800/38561  elapsed=125s  (9 ms/epoch)
t=13900/38561  elapsed=125s  (9 ms/epoch)
t=14000/38561  elapsed=126s  (9 ms/epoch)
t=14100/38561  elapsed=126s  (9 ms/epoch)
t=14200/38561  elapsed=127s  (9 ms/epoch)
t=14300/38561  elapsed=127s  (9 ms/epoch)
t=14400/38561  elapsed=128s  (9 ms/epoch)
t=14500/38561  elapsed=128s  (9 ms/epoch)
t=14600/38561  elapsed=129s  (9 ms/epoch)
t=14700/38561  elapsed=129s  (9 ms/epoch)
t=14800/38561  elapsed=129s  (9 ms/epoch)
t=14900/38561  elapsed=130s  (9 ms/epoch)
t=15000/38561  elapsed=131s  (9 ms/epoch)
t=15100/38561  elapsed=131s  (9 ms/epoch)
t=15200/38561  elapsed=131s  (9 ms/epoch)
t=15300/38561  elapsed=132s  (9 ms/epoch)
t=15400/38561  elapsed=133s  (9 ms/epoch)
t=15500/38561  elapsed=133s  (9 ms/epoch)
t=15600/38561  elapsed=134s  (9 ms/epoch)
t=15700/38561  elapsed=134s  (9 ms/epoch)
t=15800/38561  elapsed=135s  (9 ms/epoch)
t=15900/38561  elapsed=135s  (9 ms/epoch)
t=16000/38561  elapsed=135s  (8 ms/epoch)
t=16100/38561  elapsed=136s  (8 ms/epoch)
t=16200/38561  elapsed=137s  (8 ms/epoch)
t=16300/38561  elapsed=137s  (8 ms/epoch)
t=16400/38561  elapsed=137s  (8 ms/epoch)
t=16500/38561  elapsed=138s  (8 ms/epoch)
t=16600/38561  elapsed=139s  (8 ms/epoch)
t=16700/38561  elapsed=139s  (8 ms/epoch)
t=16800/38561  elapsed=139s  (8 ms/epoch)
t=16900/38561  elapsed=140s  (8 ms/epoch)
t=17000/38561  elapsed=140s  (8 ms/epoch)
t=17100/38561  elapsed=141s  (8 ms/epoch)
t=17200/38561  elapsed=142s  (8 ms/epoch)
t=17300/38561  elapsed=142s  (8 ms/epoch)
t=17400/38561  elapsed=143s  (8 ms/epoch)
t=17500/38561  elapsed=143s  (8 ms/epoch)
t=17600/38561  elapsed=144s  (8 ms/epoch)
t=17700/38561  elapsed=144s  (8 ms/epoch)
t=17800/38561  elapsed=145s  (8 ms/epoch)
t=17900/38561  elapsed=145s  (8 ms/epoch)
t=18000/38561  elapsed=146s  (8 ms/epoch)
t=18100/38561  elapsed=147s  (8 ms/epoch)
t=18200/38561  elapsed=147s  (8 ms/epoch)
t=18300/38561  elapsed=148s  (8 ms/epoch)
t=18400/38561  elapsed=148s  (8 ms/epoch)
t=18500/38561  elapsed=152s  (8 ms/epoch)
t=18600/38561  elapsed=153s  (8 ms/epoch)
t=18700/38561  elapsed=153s  (8 ms/epoch)
t=18800/38561  elapsed=154s  (8 ms/epoch)
t=18900/38561  elapsed=154s  (8 ms/epoch)
t=19000/38561  elapsed=155s  (8 ms/epoch)
t=19100/38561  elapsed=156s  (8 ms/epoch)
t=19200/38561  elapsed=156s  (8 ms/epoch)
t=19300/38561  elapsed=157s  (8 ms/epoch)
t=19400/38561  elapsed=157s  (8 ms/epoch)
t=19500/38561  elapsed=158s  (8 ms/epoch)
t=19600/38561  elapsed=159s  (8 ms/epoch)
t=19700/38561  elapsed=159s  (8 ms/epoch)
t=19800/38561  elapsed=160s  (8 ms/epoch)
t=19900/38561  elapsed=160s  (8 ms/epoch)
t=20000/38561  elapsed=161s  (8 ms/epoch)
t=20100/38561  elapsed=161s  (8 ms/epoch)
t=20200/38561  elapsed=162s  (8 ms/epoch)
t=20300/38561  elapsed=163s  (8 ms/epoch)
t=20400/38561  elapsed=163s  (8 ms/epoch)
t=20500/38561  elapsed=164s  (8 ms/epoch)
t=20600/38561  elapsed=166s  (8 ms/epoch)
t=20700/38561  elapsed=167s  (8 ms/epoch)
t=20800/38561  elapsed=169s  (8 ms/epoch)
t=20900/38561  elapsed=169s  (8 ms/epoch)
t=21000/38561  elapsed=170s  (8 ms/epoch)
t=21100/38561  elapsed=171s  (8 ms/epoch)
t=21200/38561  elapsed=171s  (8 ms/epoch)
t=21300/38561  elapsed=172s  (8 ms/epoch)
t=21400/38561  elapsed=172s  (8 ms/epoch)
t=21500/38561  elapsed=173s  (8 ms/epoch)
t=21600/38561  elapsed=173s  (8 ms/epoch)
t=21700/38561  elapsed=174s  (8 ms/epoch)
t=21800/38561  elapsed=174s  (8 ms/epoch)
t=21900/38561  elapsed=175s  (8 ms/epoch)
t=22000/38561  elapsed=175s  (8 ms/epoch)
t=22100/38561  elapsed=175s  (8 ms/epoch)
t=22200/38561  elapsed=176s  (8 ms/epoch)
t=22300/38561  elapsed=176s  (8 ms/epoch)
t=22400/38561  elapsed=177s  (8 ms/epoch)
t=22500/38561  elapsed=177s  (8 ms/epoch)
t=22600/38561  elapsed=178s  (8 ms/epoch)
t=22700/38561  elapsed=178s  (8 ms/epoch)
t=22800/38561  elapsed=179s  (8 ms/epoch)
t=22900/38561  elapsed=179s  (8 ms/epoch)
t=23000/38561  elapsed=180s  (8 ms/epoch)
t=23100/38561  elapsed=181s  (8 ms/epoch)
t=23200/38561  elapsed=181s  (8 ms/epoch)
t=23300/38561  elapsed=182s  (8 ms/epoch)
t=23400/38561  elapsed=182s  (8 ms/epoch)
t=23500/38561  elapsed=183s  (8 ms/epoch)
t=23600/38561  elapsed=183s  (8 ms/epoch)
t=23700/38561  elapsed=184s  (8 ms/epoch)
t=23800/38561  elapsed=187s  (8 ms/epoch)
t=23900/38561  elapsed=188s  (8 ms/epoch)
t=24000/38561  elapsed=188s  (8 ms/epoch)
t=24100/38561  elapsed=189s  (8 ms/epoch)
t=24200/38561  elapsed=189s  (8 ms/epoch)
t=24300/38561  elapsed=190s  (8 ms/epoch)
t=24400/38561  elapsed=190s  (8 ms/epoch)
t=24500/38561  elapsed=191s  (8 ms/epoch)
t=24600/38561  elapsed=192s  (8 ms/epoch)
t=24700/38561  elapsed=193s  (8 ms/epoch)
t=24800/38561  elapsed=195s  (8 ms/epoch)
t=24900/38561  elapsed=197s  (8 ms/epoch)
t=25000/38561  elapsed=197s  (8 ms/epoch)
t=25100/38561  elapsed=198s  (8 ms/epoch)
t=25200/38561  elapsed=198s  (8 ms/epoch)
t=25300/38561  elapsed=199s  (8 ms/epoch)
t=25400/38561  elapsed=200s  (8 ms/epoch)
t=25500/38561  elapsed=200s  (8 ms/epoch)
t=25600/38561  elapsed=201s  (8 ms/epoch)
t=25700/38561  elapsed=202s  (8 ms/epoch)
t=25800/38561  elapsed=202s  (8 ms/epoch)
t=25900/38561  elapsed=203s  (8 ms/epoch)
t=26000/38561  elapsed=204s  (8 ms/epoch)
t=26100/38561  elapsed=204s  (8 ms/epoch)
t=26200/38561  elapsed=205s  (8 ms/epoch)
t=26300/38561  elapsed=205s  (8 ms/epoch)
t=26400/38561  elapsed=206s  (8 ms/epoch)
t=26500/38561  elapsed=206s  (8 ms/epoch)
t=26600/38561  elapsed=207s  (8 ms/epoch)
t=26700/38561  elapsed=208s  (8 ms/epoch)
t=26800/38561  elapsed=208s  (8 ms/epoch)
t=26900/38561  elapsed=209s  (8 ms/epoch)
t=27000/38561  elapsed=209s  (8 ms/epoch)
t=27100/38561  elapsed=210s  (8 ms/epoch)
t=27200/38561  elapsed=211s  (8 ms/epoch)
t=27300/38561  elapsed=211s  (8 ms/epoch)
t=27400/38561  elapsed=212s  (8 ms/epoch)
t=27500/38561  elapsed=213s  (8 ms/epoch)
t=27600/38561  elapsed=213s  (8 ms/epoch)
t=27700/38561  elapsed=214s  (8 ms/epoch)
t=27800/38561  elapsed=214s  (8 ms/epoch)
t=27900/38561  elapsed=215s  (8 ms/epoch)
t=28000/38561  elapsed=216s  (8 ms/epoch)
t=28100/38561  elapsed=216s  (8 ms/epoch)
t=28200/38561  elapsed=217s  (8 ms/epoch)
t=28300/38561  elapsed=217s  (8 ms/epoch)
t=28400/38561  elapsed=218s  (8 ms/epoch)
t=28500/38561  elapsed=218s  (8 ms/epoch)
t=28600/38561  elapsed=218s  (8 ms/epoch)
t=28700/38561  elapsed=219s  (8 ms/epoch)
t=28800/38561  elapsed=222s  (8 ms/epoch)
t=28900/38561  elapsed=223s  (8 ms/epoch)
t=29000/38561  elapsed=223s  (8 ms/epoch)
t=29100/38561  elapsed=224s  (8 ms/epoch)
t=29200/38561  elapsed=224s  (8 ms/epoch)
t=29300/38561  elapsed=224s  (8 ms/epoch)
t=29400/38561  elapsed=225s  (8 ms/epoch)
t=29500/38561  elapsed=225s  (8 ms/epoch)
t=29600/38561  elapsed=226s  (8 ms/epoch)
t=29700/38561  elapsed=227s  (8 ms/epoch)
t=29800/38561  elapsed=227s  (8 ms/epoch)
t=29900/38561  elapsed=228s  (8 ms/epoch)
t=30000/38561  elapsed=228s  (8 ms/epoch)
t=30100/38561  elapsed=229s  (8 ms/epoch)
t=30200/38561  elapsed=229s  (8 ms/epoch)
t=30300/38561  elapsed=230s  (8 ms/epoch)
t=30400/38561  elapsed=230s  (8 ms/epoch)
t=30500/38561  elapsed=231s  (8 ms/epoch)
t=30600/38561  elapsed=231s  (8 ms/epoch)
t=30700/38561  elapsed=232s  (8 ms/epoch)
t=30800/38561  elapsed=232s  (8 ms/epoch)
t=30900/38561  elapsed=233s  (8 ms/epoch)
t=31000/38561  elapsed=234s  (8 ms/epoch)
t=31100/38561  elapsed=234s  (8 ms/epoch)
t=31200/38561  elapsed=235s  (8 ms/epoch)
t=31300/38561  elapsed=236s  (8 ms/epoch)
t=31400/38561  elapsed=236s  (8 ms/epoch)
t=31500/38561  elapsed=237s  (8 ms/epoch)
t=31600/38561  elapsed=238s  (8 ms/epoch)
t=31700/38561  elapsed=238s  (8 ms/epoch)
t=31800/38561  elapsed=239s  (8 ms/epoch)
t=31900/38561  elapsed=239s  (8 ms/epoch)
t=32000/38561  elapsed=240s  (8 ms/epoch)
t=32100/38561  elapsed=241s  (7 ms/epoch)
t=32200/38561  elapsed=241s  (7 ms/epoch)
t=32300/38561  elapsed=242s  (7 ms/epoch)
t=32400/38561  elapsed=242s  (7 ms/epoch)
t=32500/38561  elapsed=243s  (7 ms/epoch)
t=32600/38561  elapsed=243s  (7 ms/epoch)
t=32700/38561  elapsed=244s  (7 ms/epoch)
t=32800/38561  elapsed=245s  (7 ms/epoch)
t=32900/38561  elapsed=245s  (7 ms/epoch)
t=33000/38561  elapsed=246s  (7 ms/epoch)
t=33100/38561  elapsed=247s  (7 ms/epoch)
t=33200/38561  elapsed=247s  (7 ms/epoch)
t=33300/38561  elapsed=247s  (7 ms/epoch)
t=33400/38561  elapsed=248s  (7 ms/epoch)
t=33500/38561  elapsed=249s  (7 ms/epoch)
t=33600/38561  elapsed=249s  (7 ms/epoch)
t=33700/38561  elapsed=250s  (7 ms/epoch)
t=33800/38561  elapsed=250s  (7 ms/epoch)
t=33900/38561  elapsed=251s  (7 ms/epoch)
t=34000/38561  elapsed=251s  (7 ms/epoch)
t=34100/38561  elapsed=252s  (7 ms/epoch)
t=34200/38561  elapsed=252s  (7 ms/epoch)
t=34300/38561  elapsed=253s  (7 ms/epoch)
t=34400/38561  elapsed=254s  (7 ms/epoch)
t=34500/38561  elapsed=254s  (7 ms/epoch)
t=34600/38561  elapsed=258s  (7 ms/epoch)
t=34700/38561  elapsed=258s  (7 ms/epoch)
t=34800/38561  elapsed=259s  (7 ms/epoch)
t=34900/38561  elapsed=259s  (7 ms/epoch)
t=35000/38561  elapsed=260s  (7 ms/epoch)
t=35100/38561  elapsed=260s  (7 ms/epoch)
t=35200/38561  elapsed=261s  (7 ms/epoch)
t=35300/38561  elapsed=261s  (7 ms/epoch)
t=35400/38561  elapsed=262s  (7 ms/epoch)
t=35500/38561  elapsed=262s  (7 ms/epoch)
t=35600/38561  elapsed=263s  (7 ms/epoch)
t=35700/38561  elapsed=263s  (7 ms/epoch)
t=35800/38561  elapsed=264s  (7 ms/epoch)
t=35900/38561  elapsed=265s  (7 ms/epoch)
t=36000/38561  elapsed=265s  (7 ms/epoch)
t=36100/38561  elapsed=266s  (7 ms/epoch)
t=36200/38561  elapsed=266s  (7 ms/epoch)
t=36300/38561  elapsed=267s  (7 ms/epoch)
t=36400/38561  elapsed=267s  (7 ms/epoch)
t=36500/38561  elapsed=268s  (7 ms/epoch)
t=36600/38561  elapsed=269s  (7 ms/epoch)
t=36700/38561  elapsed=269s  (7 ms/epoch)
t=36800/38561  elapsed=270s  (7 ms/epoch)
t=36900/38561  elapsed=270s  (7 ms/epoch)
t=37000/38561  elapsed=271s  (7 ms/epoch)
t=37100/38561  elapsed=271s  (7 ms/epoch)
t=37200/38561  elapsed=272s  (7 ms/epoch)
t=37300/38561  elapsed=273s  (7 ms/epoch)
t=37400/38561  elapsed=273s  (7 ms/epoch)
t=37500/38561  elapsed=274s  (7 ms/epoch)
t=37600/38561  elapsed=275s  (7 ms/epoch)
t=37700/38561  elapsed=275s  (7 ms/epoch)
t=37800/38561  elapsed=276s  (7 ms/epoch)
t=37900/38561  elapsed=277s  (7 ms/epoch)
t=38000/38561  elapsed=277s  (7 ms/epoch)
t=38100/38561  elapsed=278s  (7 ms/epoch)
t=38200/38561  elapsed=279s  (7 ms/epoch)
t=38300/38561  elapsed=279s  (7 ms/epoch)
t=38400/38561  elapsed=280s  (7 ms/epoch)
t=38500/38561  elapsed=280s  (7 ms/epoch)
warm=0s  smoothed_drms=237.08 m  realtime_drms=312.42 m  ins_drms=111.67 m
warm=60s  smoothed_drms=229.58 m  realtime_drms=291.49 m  ins_drms=112.55 m
warm=120s  smoothed_drms=202.17 m  realtime_drms=262.95 m  ins_drms=113.45 m
warm=300s  smoothed_drms=103.80 m  realtime_drms=124.98 m  ins_drms=116.21 m
warm=600s  smoothed_drms=96.40 m  realtime_drms=117.67 m  ins_drms=120.68 m
(Julia FGO reference = nan m, exported warm=600s, lag=30s)
=== RUN 1007.02 mag5 (lag=30) ===
lag=30s  mag=5 (meas_mag5)  tag=_lag30_100702_m5
t=100/38561  elapsed=0s  (1 ms/epoch)
t=200/38561  elapsed=0s  (1 ms/epoch)
t=300/38561  elapsed=1s  (2 ms/epoch)
t=400/38561  elapsed=2s  (5 ms/epoch)
t=500/38561  elapsed=4s  (7 ms/epoch)
t=600/38561  elapsed=5s  (9 ms/epoch)
t=700/38561  elapsed=7s  (10 ms/epoch)
t=800/38561  elapsed=12s  (15 ms/epoch)
t=900/38561  elapsed=15s  (17 ms/epoch)
t=1000/38561  elapsed=17s  (17 ms/epoch)
t=1100/38561  elapsed=18s  (16 ms/epoch)
t=1200/38561  elapsed=19s  (15 ms/epoch)
t=1300/38561  elapsed=19s  (15 ms/epoch)
t=1400/38561  elapsed=21s  (15 ms/epoch)
t=1500/38561  elapsed=23s  (15 ms/epoch)
t=1600/38561  elapsed=24s  (15 ms/epoch)
t=1700/38561  elapsed=25s  (15 ms/epoch)
t=1800/38561  elapsed=27s  (15 ms/epoch)
t=1900/38561  elapsed=28s  (15 ms/epoch)
t=2000/38561  elapsed=28s  (14 ms/epoch)
t=2100/38561  elapsed=29s  (14 ms/epoch)
t=2200/38561  elapsed=29s  (13 ms/epoch)
t=2300/38561  elapsed=30s  (13 ms/epoch)
t=2400/38561  elapsed=31s  (13 ms/epoch)
t=2500/38561  elapsed=31s  (12 ms/epoch)
t=2600/38561  elapsed=32s  (12 ms/epoch)
t=2700/38561  elapsed=33s  (12 ms/epoch)
t=2800/38561  elapsed=35s  (12 ms/epoch)
t=2900/38561  elapsed=36s  (12 ms/epoch)
t=3000/38561  elapsed=37s  (12 ms/epoch)
t=3100/38561  elapsed=37s  (12 ms/epoch)
t=3200/38561  elapsed=39s  (12 ms/epoch)
t=3300/38561  elapsed=40s  (12 ms/epoch)
t=3400/38561  elapsed=42s  (12 ms/epoch)
t=3500/38561  elapsed=42s  (12 ms/epoch)
t=3600/38561  elapsed=43s  (12 ms/epoch)
t=3700/38561  elapsed=43s  (12 ms/epoch)
t=3800/38561  elapsed=47s  (12 ms/epoch)
t=3900/38561  elapsed=47s  (12 ms/epoch)
t=4000/38561  elapsed=47s  (12 ms/epoch)
t=4100/38561  elapsed=48s  (12 ms/epoch)
t=4200/38561  elapsed=49s  (12 ms/epoch)
t=4300/38561  elapsed=49s  (11 ms/epoch)
t=4400/38561  elapsed=50s  (11 ms/epoch)
t=4500/38561  elapsed=50s  (11 ms/epoch)
t=4600/38561  elapsed=51s  (11 ms/epoch)
t=4700/38561  elapsed=52s  (11 ms/epoch)
t=4800/38561  elapsed=52s  (11 ms/epoch)
t=4900/38561  elapsed=53s  (11 ms/epoch)
t=5000/38561  elapsed=53s  (11 ms/epoch)
t=5100/38561  elapsed=54s  (11 ms/epoch)
t=5200/38561  elapsed=55s  (11 ms/epoch)
t=5300/38561  elapsed=57s  (11 ms/epoch)
t=5400/38561  elapsed=59s  (11 ms/epoch)
t=5500/38561  elapsed=59s  (11 ms/epoch)
t=5600/38561  elapsed=60s  (11 ms/epoch)
t=5700/38561  elapsed=61s  (11 ms/epoch)
t=5800/38561  elapsed=61s  (11 ms/epoch)
t=5900/38561  elapsed=61s  (10 ms/epoch)
t=6000/38561  elapsed=62s  (10 ms/epoch)
t=6100/38561  elapsed=62s  (10 ms/epoch)
t=6200/38561  elapsed=64s  (10 ms/epoch)
t=6300/38561  elapsed=65s  (10 ms/epoch)
t=6400/38561  elapsed=67s  (10 ms/epoch)
t=6500/38561  elapsed=68s  (10 ms/epoch)
t=6600/38561  elapsed=68s  (10 ms/epoch)
t=6700/38561  elapsed=69s  (10 ms/epoch)
t=6800/38561  elapsed=70s  (10 ms/epoch)
t=6900/38561  elapsed=71s  (10 ms/epoch)
t=7000/38561  elapsed=71s  (10 ms/epoch)
t=7100/38561  elapsed=72s  (10 ms/epoch)
t=7200/38561  elapsed=73s  (10 ms/epoch)
t=7300/38561  elapsed=73s  (10 ms/epoch)
t=7400/38561  elapsed=74s  (10 ms/epoch)
t=7500/38561  elapsed=74s  (10 ms/epoch)
t=7600/38561  elapsed=75s  (10 ms/epoch)
t=7700/38561  elapsed=75s  (10 ms/epoch)
t=7800/38561  elapsed=76s  (10 ms/epoch)
t=7900/38561  elapsed=76s  (10 ms/epoch)
t=8000/38561  elapsed=77s  (10 ms/epoch)
t=8100/38561  elapsed=77s  (10 ms/epoch)
t=8200/38561  elapsed=78s  (9 ms/epoch)
t=8300/38561  elapsed=78s  (9 ms/epoch)
t=8400/38561  elapsed=79s  (9 ms/epoch)
t=8500/38561  elapsed=82s  (10 ms/epoch)
t=8600/38561  elapsed=82s  (10 ms/epoch)
t=8700/38561  elapsed=83s  (10 ms/epoch)
t=8800/38561  elapsed=83s  (9 ms/epoch)
t=8900/38561  elapsed=84s  (9 ms/epoch)
t=9000/38561  elapsed=84s  (9 ms/epoch)
t=9100/38561  elapsed=84s  (9 ms/epoch)
t=9200/38561  elapsed=84s  (9 ms/epoch)
t=9300/38561  elapsed=85s  (9 ms/epoch)
t=9400/38561  elapsed=85s  (9 ms/epoch)
t=9500/38561  elapsed=86s  (9 ms/epoch)
t=9600/38561  elapsed=86s  (9 ms/epoch)
t=9700/38561  elapsed=86s  (9 ms/epoch)
t=9800/38561  elapsed=87s  (9 ms/epoch)
t=9900/38561  elapsed=87s  (9 ms/epoch)
t=10000/38561  elapsed=87s  (9 ms/epoch)
t=10100/38561  elapsed=88s  (9 ms/epoch)
t=10200/38561  elapsed=88s  (9 ms/epoch)
t=10300/38561  elapsed=90s  (9 ms/epoch)
t=10400/38561  elapsed=91s  (9 ms/epoch)
t=10500/38561  elapsed=93s  (9 ms/epoch)
t=10600/38561  elapsed=94s  (9 ms/epoch)
t=10700/38561  elapsed=94s  (9 ms/epoch)
t=10800/38561  elapsed=94s  (9 ms/epoch)
t=10900/38561  elapsed=94s  (9 ms/epoch)
t=11000/38561  elapsed=95s  (9 ms/epoch)
t=11100/38561  elapsed=95s  (9 ms/epoch)
t=11200/38561  elapsed=96s  (9 ms/epoch)
t=11300/38561  elapsed=96s  (9 ms/epoch)
t=11400/38561  elapsed=97s  (8 ms/epoch)
t=11500/38561  elapsed=97s  (8 ms/epoch)
t=11600/38561  elapsed=98s  (8 ms/epoch)
t=11700/38561  elapsed=99s  (8 ms/epoch)
t=11800/38561  elapsed=99s  (8 ms/epoch)
t=11900/38561  elapsed=100s  (8 ms/epoch)
t=12000/38561  elapsed=100s  (8 ms/epoch)
t=12100/38561  elapsed=101s  (8 ms/epoch)
t=12200/38561  elapsed=101s  (8 ms/epoch)
t=12300/38561  elapsed=102s  (8 ms/epoch)
t=12400/38561  elapsed=104s  (8 ms/epoch)
t=12500/38561  elapsed=106s  (8 ms/epoch)
t=12600/38561  elapsed=107s  (9 ms/epoch)
t=12700/38561  elapsed=108s  (8 ms/epoch)
t=12800/38561  elapsed=108s  (8 ms/epoch)
t=12900/38561  elapsed=109s  (8 ms/epoch)
t=13000/38561  elapsed=110s  (8 ms/epoch)
t=13100/38561  elapsed=110s  (8 ms/epoch)
t=13200/38561  elapsed=111s  (8 ms/epoch)
t=13300/38561  elapsed=111s  (8 ms/epoch)
t=13400/38561  elapsed=112s  (8 ms/epoch)
t=13500/38561  elapsed=112s  (8 ms/epoch)
t=13600/38561  elapsed=113s  (8 ms/epoch)
t=13700/38561  elapsed=114s  (8 ms/epoch)
t=13800/38561  elapsed=117s  (8 ms/epoch)
t=13900/38561  elapsed=117s  (8 ms/epoch)
t=14000/38561  elapsed=118s  (8 ms/epoch)
t=14100/38561  elapsed=118s  (8 ms/epoch)
t=14200/38561  elapsed=119s  (8 ms/epoch)
t=14300/38561  elapsed=119s  (8 ms/epoch)
t=14400/38561  elapsed=120s  (8 ms/epoch)
t=14500/38561  elapsed=120s  (8 ms/epoch)
t=14600/38561  elapsed=120s  (8 ms/epoch)
t=14700/38561  elapsed=121s  (8 ms/epoch)
t=14800/38561  elapsed=121s  (8 ms/epoch)
t=14900/38561  elapsed=122s  (8 ms/epoch)
t=15000/38561  elapsed=122s  (8 ms/epoch)
t=15100/38561  elapsed=123s  (8 ms/epoch)
t=15200/38561  elapsed=123s  (8 ms/epoch)
t=15300/38561  elapsed=124s  (8 ms/epoch)
t=15400/38561  elapsed=125s  (8 ms/epoch)
t=15500/38561  elapsed=125s  (8 ms/epoch)
t=15600/38561  elapsed=126s  (8 ms/epoch)
t=15700/38561  elapsed=126s  (8 ms/epoch)
t=15800/38561  elapsed=127s  (8 ms/epoch)
t=15900/38561  elapsed=128s  (8 ms/epoch)
t=16000/38561  elapsed=128s  (8 ms/epoch)
t=16100/38561  elapsed=129s  (8 ms/epoch)
t=16200/38561  elapsed=129s  (8 ms/epoch)
t=16300/38561  elapsed=130s  (8 ms/epoch)
t=16400/38561  elapsed=130s  (8 ms/epoch)
t=16500/38561  elapsed=131s  (8 ms/epoch)
t=16600/38561  elapsed=132s  (8 ms/epoch)
t=16700/38561  elapsed=132s  (8 ms/epoch)
t=16800/38561  elapsed=133s  (8 ms/epoch)
t=16900/38561  elapsed=133s  (8 ms/epoch)
t=17000/38561  elapsed=134s  (8 ms/epoch)
t=17100/38561  elapsed=134s  (8 ms/epoch)
t=17200/38561  elapsed=135s  (8 ms/epoch)
t=17300/38561  elapsed=136s  (8 ms/epoch)
t=17400/38561  elapsed=136s  (8 ms/epoch)
t=17500/38561  elapsed=136s  (8 ms/epoch)
t=17600/38561  elapsed=137s  (8 ms/epoch)
t=17700/38561  elapsed=137s  (8 ms/epoch)
t=17800/38561  elapsed=138s  (8 ms/epoch)
t=17900/38561  elapsed=138s  (8 ms/epoch)
t=18000/38561  elapsed=139s  (8 ms/epoch)
t=18100/38561  elapsed=140s  (8 ms/epoch)
t=18200/38561  elapsed=140s  (8 ms/epoch)
t=18300/38561  elapsed=140s  (8 ms/epoch)
t=18400/38561  elapsed=141s  (8 ms/epoch)
t=18500/38561  elapsed=142s  (8 ms/epoch)
t=18600/38561  elapsed=142s  (8 ms/epoch)
t=18700/38561  elapsed=143s  (8 ms/epoch)
t=18800/38561  elapsed=143s  (8 ms/epoch)
t=18900/38561  elapsed=144s  (8 ms/epoch)
t=19000/38561  elapsed=145s  (8 ms/epoch)
t=19100/38561  elapsed=145s  (8 ms/epoch)
t=19200/38561  elapsed=146s  (8 ms/epoch)
t=19300/38561  elapsed=146s  (8 ms/epoch)
t=19400/38561  elapsed=147s  (8 ms/epoch)
t=19500/38561  elapsed=147s  (8 ms/epoch)
t=19600/38561  elapsed=148s  (8 ms/epoch)
t=19700/38561  elapsed=148s  (8 ms/epoch)
t=19800/38561  elapsed=149s  (8 ms/epoch)
t=19900/38561  elapsed=149s  (7 ms/epoch)
t=20000/38561  elapsed=152s  (8 ms/epoch)
t=20100/38561  elapsed=153s  (8 ms/epoch)
t=20200/38561  elapsed=153s  (8 ms/epoch)
t=20300/38561  elapsed=154s  (8 ms/epoch)
t=20400/38561  elapsed=154s  (8 ms/epoch)
t=20500/38561  elapsed=155s  (8 ms/epoch)
t=20600/38561  elapsed=157s  (8 ms/epoch)
t=20700/38561  elapsed=158s  (8 ms/epoch)
t=20800/38561  elapsed=160s  (8 ms/epoch)
t=20900/38561  elapsed=160s  (8 ms/epoch)
t=21000/38561  elapsed=161s  (8 ms/epoch)
t=21100/38561  elapsed=161s  (8 ms/epoch)
t=21200/38561  elapsed=162s  (8 ms/epoch)
t=21300/38561  elapsed=162s  (8 ms/epoch)
t=21400/38561  elapsed=163s  (8 ms/epoch)
t=21500/38561  elapsed=163s  (8 ms/epoch)
t=21600/38561  elapsed=163s  (8 ms/epoch)
t=21700/38561  elapsed=164s  (8 ms/epoch)
t=21800/38561  elapsed=164s  (8 ms/epoch)
t=21900/38561  elapsed=165s  (8 ms/epoch)
t=22000/38561  elapsed=165s  (7 ms/epoch)
t=22100/38561  elapsed=165s  (7 ms/epoch)
t=22200/38561  elapsed=166s  (7 ms/epoch)
t=22300/38561  elapsed=166s  (7 ms/epoch)
t=22400/38561  elapsed=166s  (7 ms/epoch)
t=22500/38561  elapsed=166s  (7 ms/epoch)
t=22600/38561  elapsed=167s  (7 ms/epoch)
t=22700/38561  elapsed=168s  (7 ms/epoch)
t=22800/38561  elapsed=168s  (7 ms/epoch)
t=22900/38561  elapsed=169s  (7 ms/epoch)
t=23000/38561  elapsed=169s  (7 ms/epoch)
t=23100/38561  elapsed=170s  (7 ms/epoch)
t=23200/38561  elapsed=171s  (7 ms/epoch)
t=23300/38561  elapsed=171s  (7 ms/epoch)
t=23400/38561  elapsed=171s  (7 ms/epoch)
t=23500/38561  elapsed=172s  (7 ms/epoch)
t=23600/38561  elapsed=172s  (7 ms/epoch)
t=23700/38561  elapsed=173s  (7 ms/epoch)
t=23800/38561  elapsed=173s  (7 ms/epoch)
t=23900/38561  elapsed=173s  (7 ms/epoch)
t=24000/38561  elapsed=174s  (7 ms/epoch)
t=24100/38561  elapsed=175s  (7 ms/epoch)
t=24200/38561  elapsed=175s  (7 ms/epoch)
t=24300/38561  elapsed=175s  (7 ms/epoch)
t=24400/38561  elapsed=176s  (7 ms/epoch)
t=24500/38561  elapsed=176s  (7 ms/epoch)
t=24600/38561  elapsed=177s  (7 ms/epoch)
t=24700/38561  elapsed=178s  (7 ms/epoch)
t=24800/38561  elapsed=180s  (7 ms/epoch)
t=24900/38561  elapsed=181s  (7 ms/epoch)
t=25000/38561  elapsed=182s  (7 ms/epoch)
t=25100/38561  elapsed=182s  (7 ms/epoch)
t=25200/38561  elapsed=183s  (7 ms/epoch)
t=25300/38561  elapsed=184s  (7 ms/epoch)
t=25400/38561  elapsed=187s  (7 ms/epoch)
t=25500/38561  elapsed=188s  (7 ms/epoch)
t=25600/38561  elapsed=189s  (7 ms/epoch)
t=25700/38561  elapsed=189s  (7 ms/epoch)
t=25800/38561  elapsed=190s  (7 ms/epoch)
t=25900/38561  elapsed=190s  (7 ms/epoch)
t=26000/38561  elapsed=191s  (7 ms/epoch)
t=26100/38561  elapsed=191s  (7 ms/epoch)
t=26200/38561  elapsed=192s  (7 ms/epoch)
t=26300/38561  elapsed=193s  (7 ms/epoch)
t=26400/38561  elapsed=193s  (7 ms/epoch)
t=26500/38561  elapsed=194s  (7 ms/epoch)
t=26600/38561  elapsed=194s  (7 ms/epoch)
t=26700/38561  elapsed=195s  (7 ms/epoch)
t=26800/38561  elapsed=195s  (7 ms/epoch)
t=26900/38561  elapsed=196s  (7 ms/epoch)
t=27000/38561  elapsed=196s  (7 ms/epoch)
t=27100/38561  elapsed=197s  (7 ms/epoch)
t=27200/38561  elapsed=197s  (7 ms/epoch)
t=27300/38561  elapsed=198s  (7 ms/epoch)
t=27400/38561  elapsed=199s  (7 ms/epoch)
t=27500/38561  elapsed=199s  (7 ms/epoch)
t=27600/38561  elapsed=200s  (7 ms/epoch)
t=27700/38561  elapsed=201s  (7 ms/epoch)
t=27800/38561  elapsed=201s  (7 ms/epoch)
t=27900/38561  elapsed=202s  (7 ms/epoch)
t=28000/38561  elapsed=202s  (7 ms/epoch)
t=28100/38561  elapsed=203s  (7 ms/epoch)
t=28200/38561  elapsed=204s  (7 ms/epoch)
t=28300/38561  elapsed=204s  (7 ms/epoch)
t=28400/38561  elapsed=205s  (7 ms/epoch)
t=28500/38561  elapsed=205s  (7 ms/epoch)
t=28600/38561  elapsed=206s  (7 ms/epoch)
t=28700/38561  elapsed=206s  (7 ms/epoch)
t=28800/38561  elapsed=206s  (7 ms/epoch)
t=28900/38561  elapsed=207s  (7 ms/epoch)
t=29000/38561  elapsed=207s  (7 ms/epoch)
t=29100/38561  elapsed=208s  (7 ms/epoch)
t=29200/38561  elapsed=208s  (7 ms/epoch)
t=29300/38561  elapsed=208s  (7 ms/epoch)
t=29400/38561  elapsed=208s  (7 ms/epoch)
t=29500/38561  elapsed=209s  (7 ms/epoch)
t=29600/38561  elapsed=209s  (7 ms/epoch)
t=29700/38561  elapsed=210s  (7 ms/epoch)
t=29800/38561  elapsed=210s  (7 ms/epoch)
t=29900/38561  elapsed=211s  (7 ms/epoch)
t=30000/38561  elapsed=211s  (7 ms/epoch)
t=30100/38561  elapsed=212s  (7 ms/epoch)
t=30200/38561  elapsed=212s  (7 ms/epoch)
t=30300/38561  elapsed=213s  (7 ms/epoch)
t=30400/38561  elapsed=213s  (7 ms/epoch)
t=30500/38561  elapsed=213s  (7 ms/epoch)
t=30600/38561  elapsed=214s  (7 ms/epoch)
t=30700/38561  elapsed=214s  (7 ms/epoch)
t=30800/38561  elapsed=215s  (7 ms/epoch)
t=30900/38561  elapsed=216s  (7 ms/epoch)
t=31000/38561  elapsed=216s  (7 ms/epoch)
t=31100/38561  elapsed=217s  (7 ms/epoch)
t=31200/38561  elapsed=217s  (7 ms/epoch)
t=31300/38561  elapsed=218s  (7 ms/epoch)
t=31400/38561  elapsed=219s  (7 ms/epoch)
t=31500/38561  elapsed=219s  (7 ms/epoch)
t=31600/38561  elapsed=222s  (7 ms/epoch)
t=31700/38561  elapsed=223s  (7 ms/epoch)
t=31800/38561  elapsed=223s  (7 ms/epoch)
t=31900/38561  elapsed=224s  (7 ms/epoch)
t=32000/38561  elapsed=224s  (7 ms/epoch)
t=32100/38561  elapsed=224s  (7 ms/epoch)
t=32200/38561  elapsed=225s  (7 ms/epoch)
t=32300/38561  elapsed=225s  (7 ms/epoch)
t=32400/38561  elapsed=226s  (7 ms/epoch)
t=32500/38561  elapsed=226s  (7 ms/epoch)
t=32600/38561  elapsed=226s  (7 ms/epoch)
t=32700/38561  elapsed=227s  (7 ms/epoch)
t=32800/38561  elapsed=227s  (7 ms/epoch)
t=32900/38561  elapsed=228s  (7 ms/epoch)
t=33000/38561  elapsed=229s  (7 ms/epoch)
t=33100/38561  elapsed=229s  (7 ms/epoch)
t=33200/38561  elapsed=229s  (7 ms/epoch)
t=33300/38561  elapsed=230s  (7 ms/epoch)
t=33400/38561  elapsed=230s  (7 ms/epoch)
t=33500/38561  elapsed=231s  (7 ms/epoch)
t=33600/38561  elapsed=231s  (7 ms/epoch)
t=33700/38561  elapsed=231s  (7 ms/epoch)
t=33800/38561  elapsed=232s  (7 ms/epoch)
t=33900/38561  elapsed=233s  (7 ms/epoch)
t=34000/38561  elapsed=233s  (7 ms/epoch)
t=34100/38561  elapsed=234s  (7 ms/epoch)
t=34200/38561  elapsed=234s  (7 ms/epoch)
t=34300/38561  elapsed=234s  (7 ms/epoch)
t=34400/38561  elapsed=235s  (7 ms/epoch)
t=34500/38561  elapsed=235s  (7 ms/epoch)
t=34600/38561  elapsed=236s  (7 ms/epoch)
t=34700/38561  elapsed=236s  (7 ms/epoch)
t=34800/38561  elapsed=237s  (7 ms/epoch)
t=34900/38561  elapsed=237s  (7 ms/epoch)
t=35000/38561  elapsed=237s  (7 ms/epoch)
t=35100/38561  elapsed=237s  (7 ms/epoch)
t=35200/38561  elapsed=238s  (7 ms/epoch)
t=35300/38561  elapsed=238s  (7 ms/epoch)
t=35400/38561  elapsed=239s  (7 ms/epoch)
t=35500/38561  elapsed=239s  (7 ms/epoch)
t=35600/38561  elapsed=239s  (7 ms/epoch)
t=35700/38561  elapsed=240s  (7 ms/epoch)
t=35800/38561  elapsed=240s  (7 ms/epoch)
t=35900/38561  elapsed=241s  (7 ms/epoch)
t=36000/38561  elapsed=242s  (7 ms/epoch)
t=36100/38561  elapsed=242s  (7 ms/epoch)
t=36200/38561  elapsed=242s  (7 ms/epoch)
t=36300/38561  elapsed=243s  (7 ms/epoch)
t=36400/38561  elapsed=243s  (7 ms/epoch)
t=36500/38561  elapsed=243s  (7 ms/epoch)
t=36600/38561  elapsed=244s  (7 ms/epoch)
t=36700/38561  elapsed=244s  (7 ms/epoch)
t=36800/38561  elapsed=245s  (7 ms/epoch)
t=36900/38561  elapsed=245s  (7 ms/epoch)
t=37000/38561  elapsed=246s  (7 ms/epoch)
t=37100/38561  elapsed=246s  (7 ms/epoch)
t=37200/38561  elapsed=247s  (7 ms/epoch)
t=37300/38561  elapsed=247s  (7 ms/epoch)
t=37400/38561  elapsed=248s  (7 ms/epoch)
t=37500/38561  elapsed=248s  (7 ms/epoch)
t=37600/38561  elapsed=249s  (7 ms/epoch)
t=37700/38561  elapsed=249s  (7 ms/epoch)
t=37800/38561  elapsed=250s  (7 ms/epoch)
t=37900/38561  elapsed=251s  (7 ms/epoch)
t=38000/38561  elapsed=251s  (7 ms/epoch)
t=38100/38561  elapsed=252s  (7 ms/epoch)
t=38200/38561  elapsed=253s  (7 ms/epoch)
t=38300/38561  elapsed=253s  (7 ms/epoch)
t=38400/38561  elapsed=253s  (7 ms/epoch)
t=38500/38561  elapsed=254s  (7 ms/epoch)
warm=0s  smoothed_drms=37.17 m  realtime_drms=43.26 m  ins_drms=111.67 m
warm=60s  smoothed_drms=37.01 m  realtime_drms=42.89 m  ins_drms=112.55 m
warm=120s  smoothed_drms=37.17 m  realtime_drms=42.13 m  ins_drms=113.45 m
warm=300s  smoothed_drms=37.36 m  realtime_drms=42.39 m  ins_drms=116.21 m
warm=600s  smoothed_drms=29.58 m  realtime_drms=35.51 m  ins_drms=120.68 m
(Julia FGO reference = nan m, exported warm=600s, lag=30s)
=== RUN 1007.06 mag4 (lag=30) ===
lag=30s  mag=4 (meas_mag4)  tag=_lag30_100706_m4
t=100/52401  elapsed=0s  (1 ms/epoch)
t=200/52401  elapsed=0s  (2 ms/epoch)
t=300/52401  elapsed=1s  (3 ms/epoch)
t=400/52401  elapsed=3s  (7 ms/epoch)
t=500/52401  elapsed=4s  (9 ms/epoch)
t=600/52401  elapsed=6s  (10 ms/epoch)
t=700/52401  elapsed=8s  (12 ms/epoch)
t=800/52401  elapsed=10s  (13 ms/epoch)
t=900/52401  elapsed=13s  (14 ms/epoch)
t=1000/52401  elapsed=15s  (15 ms/epoch)
t=1100/52401  elapsed=16s  (15 ms/epoch)
t=1200/52401  elapsed=17s  (14 ms/epoch)
t=1300/52401  elapsed=18s  (14 ms/epoch)
t=1400/52401  elapsed=19s  (14 ms/epoch)
t=1500/52401  elapsed=21s  (14 ms/epoch)
t=1600/52401  elapsed=23s  (14 ms/epoch)
t=1700/52401  elapsed=24s  (14 ms/epoch)
t=1800/52401  elapsed=26s  (14 ms/epoch)
t=1900/52401  elapsed=27s  (14 ms/epoch)
t=2000/52401  elapsed=28s  (14 ms/epoch)
t=2100/52401  elapsed=28s  (14 ms/epoch)
t=2200/52401  elapsed=29s  (13 ms/epoch)
t=2300/52401  elapsed=30s  (13 ms/epoch)
t=2400/52401  elapsed=30s  (13 ms/epoch)
t=2500/52401  elapsed=31s  (12 ms/epoch)
t=2600/52401  elapsed=35s  (13 ms/epoch)
t=2700/52401  elapsed=37s  (14 ms/epoch)
t=2800/52401  elapsed=38s  (14 ms/epoch)
t=2900/52401  elapsed=40s  (14 ms/epoch)
t=3000/52401  elapsed=40s  (13 ms/epoch)
t=3100/52401  elapsed=41s  (13 ms/epoch)
t=3200/52401  elapsed=43s  (13 ms/epoch)
t=3300/52401  elapsed=45s  (14 ms/epoch)
t=3400/52401  elapsed=46s  (14 ms/epoch)
t=3500/52401  elapsed=47s  (13 ms/epoch)
t=3600/52401  elapsed=47s  (13 ms/epoch)
t=3700/52401  elapsed=48s  (13 ms/epoch)
t=3800/52401  elapsed=49s  (13 ms/epoch)
t=3900/52401  elapsed=49s  (13 ms/epoch)
t=4000/52401  elapsed=50s  (12 ms/epoch)
t=4100/52401  elapsed=51s  (12 ms/epoch)
t=4200/52401  elapsed=51s  (12 ms/epoch)
t=4300/52401  elapsed=52s  (12 ms/epoch)
t=4400/52401  elapsed=53s  (12 ms/epoch)
t=4500/52401  elapsed=53s  (12 ms/epoch)
t=4600/52401  elapsed=54s  (12 ms/epoch)
t=4700/52401  elapsed=55s  (12 ms/epoch)
t=4800/52401  elapsed=55s  (12 ms/epoch)
t=4900/52401  elapsed=56s  (11 ms/epoch)
t=5000/52401  elapsed=57s  (11 ms/epoch)
t=5100/52401  elapsed=57s  (11 ms/epoch)
t=5200/52401  elapsed=59s  (11 ms/epoch)
t=5300/52401  elapsed=60s  (11 ms/epoch)
t=5400/52401  elapsed=62s  (12 ms/epoch)
t=5500/52401  elapsed=63s  (11 ms/epoch)
t=5600/52401  elapsed=64s  (11 ms/epoch)
t=5700/52401  elapsed=64s  (11 ms/epoch)
t=5800/52401  elapsed=65s  (11 ms/epoch)
t=5900/52401  elapsed=66s  (11 ms/epoch)
t=6000/52401  elapsed=66s  (11 ms/epoch)
t=6100/52401  elapsed=70s  (11 ms/epoch)
t=6200/52401  elapsed=71s  (11 ms/epoch)
t=6300/52401  elapsed=73s  (12 ms/epoch)
t=6400/52401  elapsed=74s  (12 ms/epoch)
t=6500/52401  elapsed=76s  (12 ms/epoch)
t=6600/52401  elapsed=76s  (12 ms/epoch)
t=6700/52401  elapsed=77s  (11 ms/epoch)
t=6800/52401  elapsed=77s  (11 ms/epoch)
t=6900/52401  elapsed=78s  (11 ms/epoch)
t=7000/52401  elapsed=79s  (11 ms/epoch)
t=7100/52401  elapsed=79s  (11 ms/epoch)
t=7200/52401  elapsed=80s  (11 ms/epoch)
t=7300/52401  elapsed=81s  (11 ms/epoch)
t=7400/52401  elapsed=81s  (11 ms/epoch)
t=7500/52401  elapsed=82s  (11 ms/epoch)
t=7600/52401  elapsed=83s  (11 ms/epoch)
t=7700/52401  elapsed=83s  (11 ms/epoch)
t=7800/52401  elapsed=84s  (11 ms/epoch)
t=7900/52401  elapsed=85s  (11 ms/epoch)
t=8000/52401  elapsed=85s  (11 ms/epoch)
t=8100/52401  elapsed=86s  (11 ms/epoch)
t=8200/52401  elapsed=87s  (11 ms/epoch)
t=8300/52401  elapsed=87s  (11 ms/epoch)
t=8400/52401  elapsed=88s  (10 ms/epoch)
t=8500/52401  elapsed=89s  (10 ms/epoch)
t=8600/52401  elapsed=89s  (10 ms/epoch)
t=8700/52401  elapsed=90s  (10 ms/epoch)
t=8800/52401  elapsed=91s  (10 ms/epoch)
t=8900/52401  elapsed=91s  (10 ms/epoch)
t=9000/52401  elapsed=92s  (10 ms/epoch)
t=9100/52401  elapsed=93s  (10 ms/epoch)
t=9200/52401  elapsed=93s  (10 ms/epoch)
t=9300/52401  elapsed=94s  (10 ms/epoch)
t=9400/52401  elapsed=95s  (10 ms/epoch)
t=9500/52401  elapsed=95s  (10 ms/epoch)
t=9600/52401  elapsed=96s  (10 ms/epoch)
t=9700/52401  elapsed=97s  (10 ms/epoch)
t=9800/52401  elapsed=97s  (10 ms/epoch)
t=9900/52401  elapsed=98s  (10 ms/epoch)
t=10000/52401  elapsed=99s  (10 ms/epoch)
t=10100/52401  elapsed=99s  (10 ms/epoch)
t=10200/52401  elapsed=100s  (10 ms/epoch)
t=10300/52401  elapsed=101s  (10 ms/epoch)
t=10400/52401  elapsed=106s  (10 ms/epoch)
t=10500/52401  elapsed=108s  (10 ms/epoch)
t=10600/52401  elapsed=109s  (10 ms/epoch)
t=10700/52401  elapsed=109s  (10 ms/epoch)
t=10800/52401  elapsed=110s  (10 ms/epoch)
t=10900/52401  elapsed=111s  (10 ms/epoch)
t=11000/52401  elapsed=111s  (10 ms/epoch)
t=11100/52401  elapsed=112s  (10 ms/epoch)
t=11200/52401  elapsed=113s  (10 ms/epoch)
t=11300/52401  elapsed=113s  (10 ms/epoch)
t=11400/52401  elapsed=114s  (10 ms/epoch)
t=11500/52401  elapsed=115s  (10 ms/epoch)
t=11600/52401  elapsed=115s  (10 ms/epoch)
t=11700/52401  elapsed=116s  (10 ms/epoch)
t=11800/52401  elapsed=117s  (10 ms/epoch)
t=11900/52401  elapsed=117s  (10 ms/epoch)
t=12000/52401  elapsed=118s  (10 ms/epoch)
t=12100/52401  elapsed=119s  (10 ms/epoch)
t=12200/52401  elapsed=119s  (10 ms/epoch)
t=12300/52401  elapsed=120s  (10 ms/epoch)
t=12400/52401  elapsed=122s  (10 ms/epoch)
t=12500/52401  elapsed=124s  (10 ms/epoch)
t=12600/52401  elapsed=125s  (10 ms/epoch)
t=12700/52401  elapsed=126s  (10 ms/epoch)
t=12800/52401  elapsed=126s  (10 ms/epoch)
t=12900/52401  elapsed=127s  (10 ms/epoch)
t=13000/52401  elapsed=128s  (10 ms/epoch)
t=13100/52401  elapsed=128s  (10 ms/epoch)
t=13200/52401  elapsed=129s  (10 ms/epoch)
t=13300/52401  elapsed=130s  (10 ms/epoch)
t=13400/52401  elapsed=130s  (10 ms/epoch)
t=13500/52401  elapsed=131s  (10 ms/epoch)
t=13600/52401  elapsed=132s  (10 ms/epoch)
t=13700/52401  elapsed=132s  (10 ms/epoch)
t=13800/52401  elapsed=133s  (10 ms/epoch)
t=13900/52401  elapsed=134s  (10 ms/epoch)
t=14000/52401  elapsed=134s  (10 ms/epoch)
t=14100/52401  elapsed=135s  (10 ms/epoch)
t=14200/52401  elapsed=136s  (10 ms/epoch)
t=14300/52401  elapsed=136s  (10 ms/epoch)
t=14400/52401  elapsed=137s  (10 ms/epoch)
t=14500/52401  elapsed=141s  (10 ms/epoch)
t=14600/52401  elapsed=141s  (10 ms/epoch)
t=14700/52401  elapsed=142s  (10 ms/epoch)
t=14800/52401  elapsed=143s  (10 ms/epoch)
t=14900/52401  elapsed=143s  (10 ms/epoch)
t=15000/52401  elapsed=144s  (10 ms/epoch)
t=15100/52401  elapsed=145s  (10 ms/epoch)
t=15200/52401  elapsed=145s  (10 ms/epoch)
t=15300/52401  elapsed=146s  (10 ms/epoch)
t=15400/52401  elapsed=147s  (10 ms/epoch)
t=15500/52401  elapsed=147s  (9 ms/epoch)
t=15600/52401  elapsed=148s  (9 ms/epoch)
t=15700/52401  elapsed=149s  (9 ms/epoch)
t=15800/52401  elapsed=149s  (9 ms/epoch)
t=15900/52401  elapsed=150s  (9 ms/epoch)
t=16000/52401  elapsed=151s  (9 ms/epoch)
t=16100/52401  elapsed=151s  (9 ms/epoch)
t=16200/52401  elapsed=152s  (9 ms/epoch)
t=16300/52401  elapsed=152s  (9 ms/epoch)
t=16400/52401  elapsed=153s  (9 ms/epoch)
t=16500/52401  elapsed=154s  (9 ms/epoch)
t=16600/52401  elapsed=154s  (9 ms/epoch)
t=16700/52401  elapsed=155s  (9 ms/epoch)
t=16800/52401  elapsed=156s  (9 ms/epoch)
t=16900/52401  elapsed=156s  (9 ms/epoch)
t=17000/52401  elapsed=157s  (9 ms/epoch)
t=17100/52401  elapsed=158s  (9 ms/epoch)
t=17200/52401  elapsed=158s  (9 ms/epoch)
t=17300/52401  elapsed=159s  (9 ms/epoch)
t=17400/52401  elapsed=160s  (9 ms/epoch)
t=17500/52401  elapsed=160s  (9 ms/epoch)
t=17600/52401  elapsed=161s  (9 ms/epoch)
t=17700/52401  elapsed=162s  (9 ms/epoch)
t=17800/52401  elapsed=162s  (9 ms/epoch)
t=17900/52401  elapsed=163s  (9 ms/epoch)
t=18000/52401  elapsed=164s  (9 ms/epoch)
t=18100/52401  elapsed=164s  (9 ms/epoch)
t=18200/52401  elapsed=165s  (9 ms/epoch)
t=18300/52401  elapsed=166s  (9 ms/epoch)
t=18400/52401  elapsed=166s  (9 ms/epoch)
t=18500/52401  elapsed=167s  (9 ms/epoch)
t=18600/52401  elapsed=168s  (9 ms/epoch)
t=18700/52401  elapsed=168s  (9 ms/epoch)
t=18800/52401  elapsed=169s  (9 ms/epoch)
t=18900/52401  elapsed=170s  (9 ms/epoch)
t=19000/52401  elapsed=171s  (9 ms/epoch)
t=19100/52401  elapsed=171s  (9 ms/epoch)
t=19200/52401  elapsed=172s  (9 ms/epoch)
t=19300/52401  elapsed=173s  (9 ms/epoch)
t=19400/52401  elapsed=176s  (9 ms/epoch)
t=19500/52401  elapsed=177s  (9 ms/epoch)
t=19600/52401  elapsed=178s  (9 ms/epoch)
t=19700/52401  elapsed=178s  (9 ms/epoch)
t=19800/52401  elapsed=179s  (9 ms/epoch)
t=19900/52401  elapsed=180s  (9 ms/epoch)
t=20000/52401  elapsed=180s  (9 ms/epoch)
t=20100/52401  elapsed=181s  (9 ms/epoch)
t=20200/52401  elapsed=182s  (9 ms/epoch)
t=20300/52401  elapsed=182s  (9 ms/epoch)
t=20400/52401  elapsed=183s  (9 ms/epoch)
t=20500/52401  elapsed=184s  (9 ms/epoch)
t=20600/52401  elapsed=185s  (9 ms/epoch)
t=20700/52401  elapsed=187s  (9 ms/epoch)
t=20800/52401  elapsed=189s  (9 ms/epoch)
t=20900/52401  elapsed=189s  (9 ms/epoch)
t=21000/52401  elapsed=190s  (9 ms/epoch)
t=21100/52401  elapsed=191s  (9 ms/epoch)
t=21200/52401  elapsed=191s  (9 ms/epoch)
t=21300/52401  elapsed=192s  (9 ms/epoch)
t=21400/52401  elapsed=193s  (9 ms/epoch)
t=21500/52401  elapsed=193s  (9 ms/epoch)
t=21600/52401  elapsed=194s  (9 ms/epoch)
t=21700/52401  elapsed=195s  (9 ms/epoch)
t=21800/52401  elapsed=195s  (9 ms/epoch)
t=21900/52401  elapsed=196s  (9 ms/epoch)
t=22000/52401  elapsed=197s  (9 ms/epoch)
t=22100/52401  elapsed=197s  (9 ms/epoch)
t=22200/52401  elapsed=198s  (9 ms/epoch)
t=22300/52401  elapsed=199s  (9 ms/epoch)
t=22400/52401  elapsed=199s  (9 ms/epoch)
t=22500/52401  elapsed=200s  (9 ms/epoch)
t=22600/52401  elapsed=201s  (9 ms/epoch)
t=22700/52401  elapsed=201s  (9 ms/epoch)
t=22800/52401  elapsed=202s  (9 ms/epoch)
t=22900/52401  elapsed=203s  (9 ms/epoch)
t=23000/52401  elapsed=203s  (9 ms/epoch)
t=23100/52401  elapsed=204s  (9 ms/epoch)
t=23200/52401  elapsed=205s  (9 ms/epoch)
t=23300/52401  elapsed=205s  (9 ms/epoch)
t=23400/52401  elapsed=206s  (9 ms/epoch)
t=23500/52401  elapsed=207s  (9 ms/epoch)
t=23600/52401  elapsed=207s  (9 ms/epoch)
t=23700/52401  elapsed=211s  (9 ms/epoch)
t=23800/52401  elapsed=212s  (9 ms/epoch)
t=23900/52401  elapsed=212s  (9 ms/epoch)
t=24000/52401  elapsed=213s  (9 ms/epoch)
t=24100/52401  elapsed=214s  (9 ms/epoch)
t=24200/52401  elapsed=214s  (9 ms/epoch)
t=24300/52401  elapsed=215s  (9 ms/epoch)
t=24400/52401  elapsed=216s  (9 ms/epoch)
t=24500/52401  elapsed=216s  (9 ms/epoch)
t=24600/52401  elapsed=217s  (9 ms/epoch)
t=24700/52401  elapsed=219s  (9 ms/epoch)
t=24800/52401  elapsed=221s  (9 ms/epoch)
t=24900/52401  elapsed=222s  (9 ms/epoch)
t=25000/52401  elapsed=223s  (9 ms/epoch)
t=25100/52401  elapsed=223s  (9 ms/epoch)
t=25200/52401  elapsed=224s  (9 ms/epoch)
t=25300/52401  elapsed=225s  (9 ms/epoch)
t=25400/52401  elapsed=225s  (9 ms/epoch)
t=25500/52401  elapsed=226s  (9 ms/epoch)
t=25600/52401  elapsed=227s  (9 ms/epoch)
t=25700/52401  elapsed=227s  (9 ms/epoch)
t=25800/52401  elapsed=228s  (9 ms/epoch)
t=25900/52401  elapsed=229s  (9 ms/epoch)
t=26000/52401  elapsed=229s  (9 ms/epoch)
t=26100/52401  elapsed=230s  (9 ms/epoch)
t=26200/52401  elapsed=231s  (9 ms/epoch)
t=26300/52401  elapsed=231s  (9 ms/epoch)
t=26400/52401  elapsed=232s  (9 ms/epoch)
t=26500/52401  elapsed=233s  (9 ms/epoch)
t=26600/52401  elapsed=233s  (9 ms/epoch)
t=26700/52401  elapsed=234s  (9 ms/epoch)
t=26800/52401  elapsed=235s  (9 ms/epoch)
t=26900/52401  elapsed=235s  (9 ms/epoch)
t=27000/52401  elapsed=236s  (9 ms/epoch)
t=27100/52401  elapsed=237s  (9 ms/epoch)
t=27200/52401  elapsed=237s  (9 ms/epoch)
t=27300/52401  elapsed=238s  (9 ms/epoch)
t=27400/52401  elapsed=239s  (9 ms/epoch)
t=27500/52401  elapsed=239s  (9 ms/epoch)
t=27600/52401  elapsed=240s  (9 ms/epoch)
t=27700/52401  elapsed=241s  (9 ms/epoch)
t=27800/52401  elapsed=241s  (9 ms/epoch)
t=27900/52401  elapsed=242s  (9 ms/epoch)
t=28000/52401  elapsed=243s  (9 ms/epoch)
t=28100/52401  elapsed=246s  (9 ms/epoch)
t=28200/52401  elapsed=247s  (9 ms/epoch)
t=28300/52401  elapsed=248s  (9 ms/epoch)
t=28400/52401  elapsed=248s  (9 ms/epoch)
t=28500/52401  elapsed=249s  (9 ms/epoch)
t=28600/52401  elapsed=250s  (9 ms/epoch)
t=28700/52401  elapsed=250s  (9 ms/epoch)
t=28800/52401  elapsed=251s  (9 ms/epoch)
t=28900/52401  elapsed=252s  (9 ms/epoch)
t=29000/52401  elapsed=252s  (9 ms/epoch)
t=29100/52401  elapsed=253s  (9 ms/epoch)
t=29200/52401  elapsed=254s  (9 ms/epoch)
t=29300/52401  elapsed=254s  (9 ms/epoch)
t=29400/52401  elapsed=255s  (9 ms/epoch)
t=29500/52401  elapsed=256s  (9 ms/epoch)
t=29600/52401  elapsed=256s  (9 ms/epoch)
t=29700/52401  elapsed=257s  (9 ms/epoch)
t=29800/52401  elapsed=258s  (9 ms/epoch)
t=29900/52401  elapsed=258s  (9 ms/epoch)
t=30000/52401  elapsed=259s  (9 ms/epoch)
t=30100/52401  elapsed=260s  (9 ms/epoch)
t=30200/52401  elapsed=260s  (9 ms/epoch)
t=30300/52401  elapsed=261s  (9 ms/epoch)
t=30400/52401  elapsed=262s  (9 ms/epoch)
t=30500/52401  elapsed=262s  (9 ms/epoch)
t=30600/52401  elapsed=263s  (9 ms/epoch)
t=30700/52401  elapsed=264s  (9 ms/epoch)
t=30800/52401  elapsed=264s  (9 ms/epoch)
t=30900/52401  elapsed=265s  (9 ms/epoch)
t=31000/52401  elapsed=266s  (9 ms/epoch)
t=31100/52401  elapsed=266s  (9 ms/epoch)
t=31200/52401  elapsed=267s  (9 ms/epoch)
t=31300/52401  elapsed=268s  (9 ms/epoch)
t=31400/52401  elapsed=268s  (9 ms/epoch)
t=31500/52401  elapsed=269s  (9 ms/epoch)
t=31600/52401  elapsed=270s  (9 ms/epoch)
t=31700/52401  elapsed=270s  (9 ms/epoch)
t=31800/52401  elapsed=271s  (9 ms/epoch)
t=31900/52401  elapsed=272s  (9 ms/epoch)
t=32000/52401  elapsed=272s  (9 ms/epoch)
t=32100/52401  elapsed=273s  (9 ms/epoch)
t=32200/52401  elapsed=274s  (9 ms/epoch)
t=32300/52401  elapsed=275s  (8 ms/epoch)
t=32400/52401  elapsed=275s  (8 ms/epoch)
t=32500/52401  elapsed=276s  (8 ms/epoch)
t=32600/52401  elapsed=277s  (8 ms/epoch)
t=32700/52401  elapsed=277s  (8 ms/epoch)
t=32800/52401  elapsed=278s  (8 ms/epoch)
t=32900/52401  elapsed=281s  (9 ms/epoch)
t=33000/52401  elapsed=282s  (9 ms/epoch)
t=33100/52401  elapsed=283s  (9 ms/epoch)
t=33200/52401  elapsed=284s  (9 ms/epoch)
t=33300/52401  elapsed=284s  (9 ms/epoch)
t=33400/52401  elapsed=285s  (9 ms/epoch)
t=33500/52401  elapsed=286s  (9 ms/epoch)
t=33600/52401  elapsed=286s  (9 ms/epoch)
t=33700/52401  elapsed=287s  (9 ms/epoch)
t=33800/52401  elapsed=288s  (9 ms/epoch)
t=33900/52401  elapsed=288s  (9 ms/epoch)
t=34000/52401  elapsed=289s  (8 ms/epoch)
t=34100/52401  elapsed=290s  (8 ms/epoch)
t=34200/52401  elapsed=290s  (8 ms/epoch)
t=34300/52401  elapsed=291s  (8 ms/epoch)
t=34400/52401  elapsed=292s  (8 ms/epoch)
t=34500/52401  elapsed=292s  (8 ms/epoch)
t=34600/52401  elapsed=293s  (8 ms/epoch)
t=34700/52401  elapsed=294s  (8 ms/epoch)
t=34800/52401  elapsed=294s  (8 ms/epoch)
t=34900/52401  elapsed=295s  (8 ms/epoch)
t=35000/52401  elapsed=296s  (8 ms/epoch)
t=35100/52401  elapsed=297s  (8 ms/epoch)
t=35200/52401  elapsed=297s  (8 ms/epoch)
t=35300/52401  elapsed=298s  (8 ms/epoch)
t=35400/52401  elapsed=299s  (8 ms/epoch)
t=35500/52401  elapsed=299s  (8 ms/epoch)
t=35600/52401  elapsed=300s  (8 ms/epoch)
t=35700/52401  elapsed=301s  (8 ms/epoch)
t=35800/52401  elapsed=301s  (8 ms/epoch)
t=35900/52401  elapsed=302s  (8 ms/epoch)
t=36000/52401  elapsed=303s  (8 ms/epoch)
t=36100/52401  elapsed=303s  (8 ms/epoch)
t=36200/52401  elapsed=304s  (8 ms/epoch)
t=36300/52401  elapsed=305s  (8 ms/epoch)
t=36400/52401  elapsed=305s  (8 ms/epoch)
t=36500/52401  elapsed=306s  (8 ms/epoch)
t=36600/52401  elapsed=307s  (8 ms/epoch)
t=36700/52401  elapsed=307s  (8 ms/epoch)
t=36800/52401  elapsed=308s  (8 ms/epoch)
t=36900/52401  elapsed=309s  (8 ms/epoch)
t=37000/52401  elapsed=309s  (8 ms/epoch)
t=37100/52401  elapsed=310s  (8 ms/epoch)
t=37200/52401  elapsed=311s  (8 ms/epoch)
t=37300/52401  elapsed=311s  (8 ms/epoch)
t=37400/52401  elapsed=312s  (8 ms/epoch)
t=37500/52401  elapsed=313s  (8 ms/epoch)
t=37600/52401  elapsed=313s  (8 ms/epoch)
t=37700/52401  elapsed=317s  (8 ms/epoch)
t=37800/52401  elapsed=318s  (8 ms/epoch)
t=37900/52401  elapsed=318s  (8 ms/epoch)
t=38000/52401  elapsed=319s  (8 ms/epoch)
t=38100/52401  elapsed=320s  (8 ms/epoch)
t=38200/52401  elapsed=320s  (8 ms/epoch)
t=38300/52401  elapsed=321s  (8 ms/epoch)
t=38400/52401  elapsed=322s  (8 ms/epoch)
t=38500/52401  elapsed=322s  (8 ms/epoch)
t=38600/52401  elapsed=323s  (8 ms/epoch)
t=38700/52401  elapsed=324s  (8 ms/epoch)
t=38800/52401  elapsed=324s  (8 ms/epoch)
t=38900/52401  elapsed=325s  (8 ms/epoch)
t=39000/52401  elapsed=326s  (8 ms/epoch)
t=39100/52401  elapsed=326s  (8 ms/epoch)
t=39200/52401  elapsed=327s  (8 ms/epoch)
t=39300/52401  elapsed=328s  (8 ms/epoch)
t=39400/52401  elapsed=328s  (8 ms/epoch)
t=39500/52401  elapsed=329s  (8 ms/epoch)
t=39600/52401  elapsed=330s  (8 ms/epoch)
t=39700/52401  elapsed=330s  (8 ms/epoch)
t=39800/52401  elapsed=331s  (8 ms/epoch)
t=39900/52401  elapsed=332s  (8 ms/epoch)
t=40000/52401  elapsed=332s  (8 ms/epoch)
t=40100/52401  elapsed=333s  (8 ms/epoch)
t=40200/52401  elapsed=334s  (8 ms/epoch)
t=40300/52401  elapsed=334s  (8 ms/epoch)
t=40400/52401  elapsed=335s  (8 ms/epoch)
t=40500/52401  elapsed=336s  (8 ms/epoch)
t=40600/52401  elapsed=336s  (8 ms/epoch)
t=40700/52401  elapsed=337s  (8 ms/epoch)
t=40800/52401  elapsed=338s  (8 ms/epoch)
t=40900/52401  elapsed=338s  (8 ms/epoch)
t=41000/52401  elapsed=340s  (8 ms/epoch)
t=41100/52401  elapsed=341s  (8 ms/epoch)
t=41200/52401  elapsed=343s  (8 ms/epoch)
t=41300/52401  elapsed=344s  (8 ms/epoch)
t=41400/52401  elapsed=345s  (8 ms/epoch)
t=41500/52401  elapsed=346s  (8 ms/epoch)
t=41600/52401  elapsed=346s  (8 ms/epoch)
t=41700/52401  elapsed=347s  (8 ms/epoch)
t=41800/52401  elapsed=348s  (8 ms/epoch)
t=41900/52401  elapsed=348s  (8 ms/epoch)
t=42000/52401  elapsed=352s  (8 ms/epoch)
t=42100/52401  elapsed=353s  (8 ms/epoch)
t=42200/52401  elapsed=353s  (8 ms/epoch)
t=42300/52401  elapsed=354s  (8 ms/epoch)
t=42400/52401  elapsed=355s  (8 ms/epoch)
t=42500/52401  elapsed=356s  (8 ms/epoch)
t=42600/52401  elapsed=356s  (8 ms/epoch)
t=42700/52401  elapsed=357s  (8 ms/epoch)
t=42800/52401  elapsed=357s  (8 ms/epoch)
t=42900/52401  elapsed=358s  (8 ms/epoch)
t=43000/52401  elapsed=359s  (8 ms/epoch)
t=43100/52401  elapsed=360s  (8 ms/epoch)
t=43200/52401  elapsed=360s  (8 ms/epoch)
t=43300/52401  elapsed=361s  (8 ms/epoch)
t=43400/52401  elapsed=362s  (8 ms/epoch)
t=43500/52401  elapsed=362s  (8 ms/epoch)
t=43600/52401  elapsed=363s  (8 ms/epoch)
t=43700/52401  elapsed=364s  (8 ms/epoch)
t=43800/52401  elapsed=364s  (8 ms/epoch)
t=43900/52401  elapsed=365s  (8 ms/epoch)
t=44000/52401  elapsed=366s  (8 ms/epoch)
t=44100/52401  elapsed=366s  (8 ms/epoch)
t=44200/52401  elapsed=367s  (8 ms/epoch)
t=44300/52401  elapsed=368s  (8 ms/epoch)
t=44400/52401  elapsed=368s  (8 ms/epoch)
t=44500/52401  elapsed=369s  (8 ms/epoch)
t=44600/52401  elapsed=370s  (8 ms/epoch)
t=44700/52401  elapsed=370s  (8 ms/epoch)
t=44800/52401  elapsed=371s  (8 ms/epoch)
t=44900/52401  elapsed=372s  (8 ms/epoch)
t=45000/52401  elapsed=372s  (8 ms/epoch)
t=45100/52401  elapsed=373s  (8 ms/epoch)
t=45200/52401  elapsed=374s  (8 ms/epoch)
t=45300/52401  elapsed=374s  (8 ms/epoch)
t=45400/52401  elapsed=375s  (8 ms/epoch)
t=45500/52401  elapsed=376s  (8 ms/epoch)
t=45600/52401  elapsed=376s  (8 ms/epoch)
t=45700/52401  elapsed=377s  (8 ms/epoch)
t=45800/52401  elapsed=378s  (8 ms/epoch)
t=45900/52401  elapsed=378s  (8 ms/epoch)
t=46000/52401  elapsed=379s  (8 ms/epoch)
t=46100/52401  elapsed=380s  (8 ms/epoch)
t=46200/52401  elapsed=381s  (8 ms/epoch)
t=46300/52401  elapsed=381s  (8 ms/epoch)
t=46400/52401  elapsed=382s  (8 ms/epoch)
t=46500/52401  elapsed=383s  (8 ms/epoch)
t=46600/52401  elapsed=383s  (8 ms/epoch)
t=46700/52401  elapsed=387s  (8 ms/epoch)
t=46800/52401  elapsed=388s  (8 ms/epoch)
t=46900/52401  elapsed=388s  (8 ms/epoch)
t=47000/52401  elapsed=389s  (8 ms/epoch)
t=47100/52401  elapsed=390s  (8 ms/epoch)
t=47200/52401  elapsed=390s  (8 ms/epoch)
t=47300/52401  elapsed=391s  (8 ms/epoch)
t=47400/52401  elapsed=392s  (8 ms/epoch)
t=47500/52401  elapsed=392s  (8 ms/epoch)
t=47600/52401  elapsed=393s  (8 ms/epoch)
t=47700/52401  elapsed=394s  (8 ms/epoch)
t=47800/52401  elapsed=394s  (8 ms/epoch)
t=47900/52401  elapsed=395s  (8 ms/epoch)
t=48000/52401  elapsed=396s  (8 ms/epoch)
t=48100/52401  elapsed=396s  (8 ms/epoch)
t=48200/52401  elapsed=397s  (8 ms/epoch)
t=48300/52401  elapsed=398s  (8 ms/epoch)
t=48400/52401  elapsed=398s  (8 ms/epoch)
t=48500/52401  elapsed=399s  (8 ms/epoch)
t=48600/52401  elapsed=400s  (8 ms/epoch)
t=48700/52401  elapsed=400s  (8 ms/epoch)
t=48800/52401  elapsed=401s  (8 ms/epoch)
t=48900/52401  elapsed=402s  (8 ms/epoch)
t=49000/52401  elapsed=402s  (8 ms/epoch)
t=49100/52401  elapsed=403s  (8 ms/epoch)
t=49200/52401  elapsed=404s  (8 ms/epoch)
t=49300/52401  elapsed=406s  (8 ms/epoch)
t=49400/52401  elapsed=408s  (8 ms/epoch)
t=49500/52401  elapsed=409s  (8 ms/epoch)
t=49600/52401  elapsed=410s  (8 ms/epoch)
t=49700/52401  elapsed=410s  (8 ms/epoch)
t=49800/52401  elapsed=411s  (8 ms/epoch)
t=49900/52401  elapsed=412s  (8 ms/epoch)
t=50000/52401  elapsed=412s  (8 ms/epoch)
t=50100/52401  elapsed=413s  (8 ms/epoch)
t=50200/52401  elapsed=414s  (8 ms/epoch)
t=50300/52401  elapsed=414s  (8 ms/epoch)
t=50400/52401  elapsed=415s  (8 ms/epoch)
t=50500/52401  elapsed=416s  (8 ms/epoch)
t=50600/52401  elapsed=416s  (8 ms/epoch)
t=50700/52401  elapsed=417s  (8 ms/epoch)
t=50800/52401  elapsed=418s  (8 ms/epoch)
t=50900/52401  elapsed=418s  (8 ms/epoch)
t=51000/52401  elapsed=422s  (8 ms/epoch)
t=51100/52401  elapsed=423s  (8 ms/epoch)
t=51200/52401  elapsed=423s  (8 ms/epoch)
t=51300/52401  elapsed=424s  (8 ms/epoch)
t=51400/52401  elapsed=425s  (8 ms/epoch)
t=51500/52401  elapsed=425s  (8 ms/epoch)
t=51600/52401  elapsed=426s  (8 ms/epoch)
t=51700/52401  elapsed=427s  (8 ms/epoch)
t=51800/52401  elapsed=427s  (8 ms/epoch)
t=51900/52401  elapsed=428s  (8 ms/epoch)
t=52000/52401  elapsed=429s  (8 ms/epoch)
t=52100/52401  elapsed=429s  (8 ms/epoch)
t=52200/52401  elapsed=430s  (8 ms/epoch)
t=52300/52401  elapsed=431s  (8 ms/epoch)
t=52400/52401  elapsed=432s  (8 ms/epoch)
warm=0s  smoothed_drms=15230.83 m  realtime_drms=15250.93 m  ins_drms=299.06 m
warm=60s  smoothed_drms=15318.73 m  realtime_drms=15338.94 m  ins_drms=300.79 m
warm=120s  smoothed_drms=15407.71 m  realtime_drms=15428.24 m  ins_drms=302.55 m
warm=300s  smoothed_drms=15669.19 m  realtime_drms=15691.20 m  ins_drms=307.98 m
warm=600s  smoothed_drms=16008.44 m  realtime_drms=16024.23 m  ins_drms=317.50 m
(Julia FGO reference = nan m, exported warm=600s, lag=30s)
=== RUN 1007.06 mag5 (lag=30) ===
lag=30s  mag=5 (meas_mag5)  tag=_lag30_100706_m5
t=100/52401  elapsed=0s  (1 ms/epoch)
t=200/52401  elapsed=0s  (2 ms/epoch)
t=300/52401  elapsed=1s  (2 ms/epoch)
t=400/52401  elapsed=2s  (6 ms/epoch)
t=500/52401  elapsed=4s  (7 ms/epoch)
t=600/52401  elapsed=5s  (9 ms/epoch)
t=700/52401  elapsed=7s  (10 ms/epoch)
t=800/52401  elapsed=9s  (12 ms/epoch)
t=900/52401  elapsed=12s  (13 ms/epoch)
t=1000/52401  elapsed=14s  (14 ms/epoch)
t=1100/52401  elapsed=15s  (14 ms/epoch)
t=1200/52401  elapsed=16s  (13 ms/epoch)
t=1300/52401  elapsed=16s  (13 ms/epoch)
t=1400/52401  elapsed=18s  (13 ms/epoch)
t=1500/52401  elapsed=20s  (13 ms/epoch)
t=1600/52401  elapsed=21s  (13 ms/epoch)
t=1700/52401  elapsed=26s  (15 ms/epoch)
t=1800/52401  elapsed=27s  (15 ms/epoch)
t=1900/52401  elapsed=28s  (15 ms/epoch)
t=2000/52401  elapsed=29s  (14 ms/epoch)
t=2100/52401  elapsed=30s  (14 ms/epoch)
t=2200/52401  elapsed=30s  (14 ms/epoch)
t=2300/52401  elapsed=31s  (13 ms/epoch)
t=2400/52401  elapsed=31s  (13 ms/epoch)
t=2500/52401  elapsed=32s  (13 ms/epoch)
t=2600/52401  elapsed=33s  (13 ms/epoch)
t=2700/52401  elapsed=35s  (13 ms/epoch)
t=2800/52401  elapsed=36s  (13 ms/epoch)
t=2900/52401  elapsed=37s  (13 ms/epoch)
t=3000/52401  elapsed=38s  (13 ms/epoch)
t=3100/52401  elapsed=39s  (12 ms/epoch)
t=3200/52401  elapsed=40s  (13 ms/epoch)
t=3300/52401  elapsed=42s  (13 ms/epoch)
t=3400/52401  elapsed=43s  (13 ms/epoch)
t=3500/52401  elapsed=44s  (13 ms/epoch)
t=3600/52401  elapsed=45s  (12 ms/epoch)
t=3700/52401  elapsed=45s  (12 ms/epoch)
t=3800/52401  elapsed=45s  (12 ms/epoch)
t=3900/52401  elapsed=46s  (12 ms/epoch)
t=4000/52401  elapsed=46s  (12 ms/epoch)
t=4100/52401  elapsed=47s  (11 ms/epoch)
t=4200/52401  elapsed=47s  (11 ms/epoch)
t=4300/52401  elapsed=48s  (11 ms/epoch)
t=4400/52401  elapsed=49s  (11 ms/epoch)
t=4500/52401  elapsed=49s  (11 ms/epoch)
t=4600/52401  elapsed=50s  (11 ms/epoch)
t=4700/52401  elapsed=50s  (11 ms/epoch)
t=4800/52401  elapsed=51s  (11 ms/epoch)
t=4900/52401  elapsed=51s  (10 ms/epoch)
t=5000/52401  elapsed=52s  (10 ms/epoch)
t=5100/52401  elapsed=53s  (10 ms/epoch)
t=5200/52401  elapsed=54s  (10 ms/epoch)
t=5300/52401  elapsed=55s  (10 ms/epoch)
t=5400/52401  elapsed=60s  (11 ms/epoch)
t=5500/52401  elapsed=61s  (11 ms/epoch)
t=5600/52401  elapsed=61s  (11 ms/epoch)
t=5700/52401  elapsed=62s  (11 ms/epoch)
t=5800/52401  elapsed=63s  (11 ms/epoch)
t=5900/52401  elapsed=63s  (11 ms/epoch)
t=6000/52401  elapsed=63s  (11 ms/epoch)
t=6100/52401  elapsed=64s  (10 ms/epoch)
t=6200/52401  elapsed=65s  (11 ms/epoch)
t=6300/52401  elapsed=67s  (11 ms/epoch)
t=6400/52401  elapsed=68s  (11 ms/epoch)
t=6500/52401  elapsed=69s  (11 ms/epoch)
t=6600/52401  elapsed=70s  (11 ms/epoch)
t=6700/52401  elapsed=71s  (11 ms/epoch)
t=6800/52401  elapsed=71s  (10 ms/epoch)
t=6900/52401  elapsed=72s  (10 ms/epoch)
t=7000/52401  elapsed=72s  (10 ms/epoch)
t=7100/52401  elapsed=73s  (10 ms/epoch)
t=7200/52401  elapsed=74s  (10 ms/epoch)
t=7300/52401  elapsed=74s  (10 ms/epoch)
t=7400/52401  elapsed=75s  (10 ms/epoch)
t=7500/52401  elapsed=75s  (10 ms/epoch)
t=7600/52401  elapsed=76s  (10 ms/epoch)
t=7700/52401  elapsed=77s  (10 ms/epoch)
t=7800/52401  elapsed=77s  (10 ms/epoch)
t=7900/52401  elapsed=78s  (10 ms/epoch)
t=8000/52401  elapsed=79s  (10 ms/epoch)
t=8100/52401  elapsed=79s  (10 ms/epoch)
t=8200/52401  elapsed=79s  (10 ms/epoch)
t=8300/52401  elapsed=80s  (10 ms/epoch)
t=8400/52401  elapsed=80s  (10 ms/epoch)
t=8500/52401  elapsed=81s  (10 ms/epoch)
t=8600/52401  elapsed=82s  (9 ms/epoch)
t=8700/52401  elapsed=82s  (9 ms/epoch)
t=8800/52401  elapsed=82s  (9 ms/epoch)
t=8900/52401  elapsed=83s  (9 ms/epoch)
t=9000/52401  elapsed=84s  (9 ms/epoch)
t=9100/52401  elapsed=84s  (9 ms/epoch)
t=9200/52401  elapsed=85s  (9 ms/epoch)
t=9300/52401  elapsed=85s  (9 ms/epoch)
t=9400/52401  elapsed=86s  (9 ms/epoch)
t=9500/52401  elapsed=86s  (9 ms/epoch)
t=9600/52401  elapsed=87s  (9 ms/epoch)
t=9700/52401  elapsed=87s  (9 ms/epoch)
t=9800/52401  elapsed=88s  (9 ms/epoch)
t=9900/52401  elapsed=88s  (9 ms/epoch)
t=10000/52401  elapsed=89s  (9 ms/epoch)
t=10100/52401  elapsed=89s  (9 ms/epoch)
t=10200/52401  elapsed=90s  (9 ms/epoch)
t=10300/52401  elapsed=91s  (9 ms/epoch)
t=10400/52401  elapsed=95s  (9 ms/epoch)
t=10500/52401  elapsed=97s  (9 ms/epoch)
t=10600/52401  elapsed=98s  (9 ms/epoch)
t=10700/52401  elapsed=98s  (9 ms/epoch)
t=10800/52401  elapsed=99s  (9 ms/epoch)
t=10900/52401  elapsed=99s  (9 ms/epoch)
t=11000/52401  elapsed=100s  (9 ms/epoch)
t=11100/52401  elapsed=100s  (9 ms/epoch)
t=11200/52401  elapsed=101s  (9 ms/epoch)
t=11300/52401  elapsed=102s  (9 ms/epoch)
t=11400/52401  elapsed=102s  (9 ms/epoch)
t=11500/52401  elapsed=103s  (9 ms/epoch)
t=11600/52401  elapsed=103s  (9 ms/epoch)
t=11700/52401  elapsed=104s  (9 ms/epoch)
t=11800/52401  elapsed=105s  (9 ms/epoch)
t=11900/52401  elapsed=105s  (9 ms/epoch)
t=12000/52401  elapsed=106s  (9 ms/epoch)
t=12100/52401  elapsed=107s  (9 ms/epoch)
t=12200/52401  elapsed=107s  (9 ms/epoch)
t=12300/52401  elapsed=108s  (9 ms/epoch)
t=12400/52401  elapsed=110s  (9 ms/epoch)
t=12500/52401  elapsed=112s  (9 ms/epoch)
t=12600/52401  elapsed=113s  (9 ms/epoch)
t=12700/52401  elapsed=114s  (9 ms/epoch)
t=12800/52401  elapsed=114s  (9 ms/epoch)
t=12900/52401  elapsed=115s  (9 ms/epoch)
t=13000/52401  elapsed=116s  (9 ms/epoch)
t=13100/52401  elapsed=116s  (9 ms/epoch)
t=13200/52401  elapsed=117s  (9 ms/epoch)
t=13300/52401  elapsed=117s  (9 ms/epoch)
t=13400/52401  elapsed=118s  (9 ms/epoch)
t=13500/52401  elapsed=119s  (9 ms/epoch)
t=13600/52401  elapsed=119s  (9 ms/epoch)
t=13700/52401  elapsed=120s  (9 ms/epoch)
t=13800/52401  elapsed=120s  (9 ms/epoch)
t=13900/52401  elapsed=121s  (9 ms/epoch)
t=14000/52401  elapsed=122s  (9 ms/epoch)
t=14100/52401  elapsed=122s  (9 ms/epoch)
t=14200/52401  elapsed=123s  (9 ms/epoch)
t=14300/52401  elapsed=124s  (9 ms/epoch)
t=14400/52401  elapsed=124s  (9 ms/epoch)
t=14500/52401  elapsed=125s  (9 ms/epoch)
t=14600/52401  elapsed=125s  (9 ms/epoch)
t=14700/52401  elapsed=126s  (9 ms/epoch)
t=14800/52401  elapsed=127s  (9 ms/epoch)
t=14900/52401  elapsed=130s  (9 ms/epoch)
t=15000/52401  elapsed=131s  (9 ms/epoch)
t=15100/52401  elapsed=131s  (9 ms/epoch)
t=15200/52401  elapsed=132s  (9 ms/epoch)
t=15300/52401  elapsed=133s  (9 ms/epoch)
t=15400/52401  elapsed=133s  (9 ms/epoch)
t=15500/52401  elapsed=134s  (9 ms/epoch)
t=15600/52401  elapsed=134s  (9 ms/epoch)
t=15700/52401  elapsed=135s  (9 ms/epoch)
t=15800/52401  elapsed=135s  (9 ms/epoch)
t=15900/52401  elapsed=136s  (9 ms/epoch)
t=16000/52401  elapsed=137s  (9 ms/epoch)
t=16100/52401  elapsed=137s  (9 ms/epoch)
t=16200/52401  elapsed=138s  (9 ms/epoch)
t=16300/52401  elapsed=139s  (9 ms/epoch)
t=16400/52401  elapsed=139s  (8 ms/epoch)
t=16500/52401  elapsed=140s  (8 ms/epoch)
t=16600/52401  elapsed=141s  (8 ms/epoch)
t=16700/52401  elapsed=141s  (8 ms/epoch)
t=16800/52401  elapsed=142s  (8 ms/epoch)
t=16900/52401  elapsed=142s  (8 ms/epoch)
t=17000/52401  elapsed=143s  (8 ms/epoch)
t=17100/52401  elapsed=144s  (8 ms/epoch)
t=17200/52401  elapsed=144s  (8 ms/epoch)
t=17300/52401  elapsed=145s  (8 ms/epoch)
t=17400/52401  elapsed=145s  (8 ms/epoch)
t=17500/52401  elapsed=146s  (8 ms/epoch)
t=17600/52401  elapsed=147s  (8 ms/epoch)
t=17700/52401  elapsed=147s  (8 ms/epoch)
t=17800/52401  elapsed=148s  (8 ms/epoch)
t=17900/52401  elapsed=149s  (8 ms/epoch)
t=18000/52401  elapsed=149s  (8 ms/epoch)
t=18100/52401  elapsed=150s  (8 ms/epoch)
t=18200/52401  elapsed=151s  (8 ms/epoch)
t=18300/52401  elapsed=151s  (8 ms/epoch)
t=18400/52401  elapsed=152s  (8 ms/epoch)
t=18500/52401  elapsed=153s  (8 ms/epoch)
t=18600/52401  elapsed=153s  (8 ms/epoch)
t=18700/52401  elapsed=154s  (8 ms/epoch)
t=18800/52401  elapsed=154s  (8 ms/epoch)
t=18900/52401  elapsed=155s  (8 ms/epoch)
t=19000/52401  elapsed=156s  (8 ms/epoch)
t=19100/52401  elapsed=156s  (8 ms/epoch)
t=19200/52401  elapsed=157s  (8 ms/epoch)
t=19300/52401  elapsed=158s  (8 ms/epoch)
t=19400/52401  elapsed=158s  (8 ms/epoch)
t=19500/52401  elapsed=159s  (8 ms/epoch)
t=19600/52401  elapsed=160s  (8 ms/epoch)
t=19700/52401  elapsed=160s  (8 ms/epoch)
t=19800/52401  elapsed=161s  (8 ms/epoch)
t=19900/52401  elapsed=162s  (8 ms/epoch)
t=20000/52401  elapsed=162s  (8 ms/epoch)
t=20100/52401  elapsed=166s  (8 ms/epoch)
t=20200/52401  elapsed=167s  (8 ms/epoch)
t=20300/52401  elapsed=167s  (8 ms/epoch)
t=20400/52401  elapsed=168s  (8 ms/epoch)
t=20500/52401  elapsed=169s  (8 ms/epoch)
t=20600/52401  elapsed=170s  (8 ms/epoch)
t=20700/52401  elapsed=172s  (8 ms/epoch)
t=20800/52401  elapsed=174s  (8 ms/epoch)
t=20900/52401  elapsed=174s  (8 ms/epoch)
t=21000/52401  elapsed=175s  (8 ms/epoch)
t=21100/52401  elapsed=176s  (8 ms/epoch)
t=21200/52401  elapsed=176s  (8 ms/epoch)
t=21300/52401  elapsed=177s  (8 ms/epoch)
t=21400/52401  elapsed=177s  (8 ms/epoch)
t=21500/52401  elapsed=178s  (8 ms/epoch)
t=21600/52401  elapsed=179s  (8 ms/epoch)
t=21700/52401  elapsed=179s  (8 ms/epoch)
t=21800/52401  elapsed=180s  (8 ms/epoch)
t=21900/52401  elapsed=181s  (8 ms/epoch)
t=22000/52401  elapsed=181s  (8 ms/epoch)
t=22100/52401  elapsed=182s  (8 ms/epoch)
t=22200/52401  elapsed=183s  (8 ms/epoch)
t=22300/52401  elapsed=183s  (8 ms/epoch)
t=22400/52401  elapsed=184s  (8 ms/epoch)
t=22500/52401  elapsed=184s  (8 ms/epoch)
t=22600/52401  elapsed=185s  (8 ms/epoch)
t=22700/52401  elapsed=186s  (8 ms/epoch)
t=22800/52401  elapsed=186s  (8 ms/epoch)
t=22900/52401  elapsed=187s  (8 ms/epoch)
t=23000/52401  elapsed=188s  (8 ms/epoch)
t=23100/52401  elapsed=188s  (8 ms/epoch)
t=23200/52401  elapsed=189s  (8 ms/epoch)
t=23300/52401  elapsed=190s  (8 ms/epoch)
t=23400/52401  elapsed=190s  (8 ms/epoch)
t=23500/52401  elapsed=191s  (8 ms/epoch)
t=23600/52401  elapsed=191s  (8 ms/epoch)
t=23700/52401  elapsed=192s  (8 ms/epoch)
t=23800/52401  elapsed=193s  (8 ms/epoch)
t=23900/52401  elapsed=193s  (8 ms/epoch)
t=24000/52401  elapsed=194s  (8 ms/epoch)
t=24100/52401  elapsed=194s  (8 ms/epoch)
t=24200/52401  elapsed=195s  (8 ms/epoch)
t=24300/52401  elapsed=196s  (8 ms/epoch)
t=24400/52401  elapsed=196s  (8 ms/epoch)
t=24500/52401  elapsed=197s  (8 ms/epoch)
t=24600/52401  elapsed=201s  (8 ms/epoch)
t=24700/52401  elapsed=203s  (8 ms/epoch)
t=24800/52401  elapsed=204s  (8 ms/epoch)
t=24900/52401  elapsed=206s  (8 ms/epoch)
t=25000/52401  elapsed=206s  (8 ms/epoch)
t=25100/52401  elapsed=207s  (8 ms/epoch)
t=25200/52401  elapsed=208s  (8 ms/epoch)
t=25300/52401  elapsed=208s  (8 ms/epoch)
t=25400/52401  elapsed=209s  (8 ms/epoch)
t=25500/52401  elapsed=210s  (8 ms/epoch)
t=25600/52401  elapsed=210s  (8 ms/epoch)
t=25700/52401  elapsed=211s  (8 ms/epoch)
t=25800/52401  elapsed=212s  (8 ms/epoch)
t=25900/52401  elapsed=212s  (8 ms/epoch)
t=26000/52401  elapsed=213s  (8 ms/epoch)
t=26100/52401  elapsed=214s  (8 ms/epoch)
t=26200/52401  elapsed=214s  (8 ms/epoch)
t=26300/52401  elapsed=215s  (8 ms/epoch)
t=26400/52401  elapsed=215s  (8 ms/epoch)
t=26500/52401  elapsed=216s  (8 ms/epoch)
t=26600/52401  elapsed=217s  (8 ms/epoch)
t=26700/52401  elapsed=217s  (8 ms/epoch)
t=26800/52401  elapsed=218s  (8 ms/epoch)
t=26900/52401  elapsed=219s  (8 ms/epoch)
t=27000/52401  elapsed=220s  (8 ms/epoch)
t=27100/52401  elapsed=220s  (8 ms/epoch)
t=27200/52401  elapsed=221s  (8 ms/epoch)
t=27300/52401  elapsed=222s  (8 ms/epoch)
t=27400/52401  elapsed=222s  (8 ms/epoch)
t=27500/52401  elapsed=223s  (8 ms/epoch)
t=27600/52401  elapsed=224s  (8 ms/epoch)
t=27700/52401  elapsed=224s  (8 ms/epoch)
t=27800/52401  elapsed=225s  (8 ms/epoch)
t=27900/52401  elapsed=226s  (8 ms/epoch)
t=28000/52401  elapsed=226s  (8 ms/epoch)
t=28100/52401  elapsed=227s  (8 ms/epoch)
t=28200/52401  elapsed=228s  (8 ms/epoch)
t=28300/52401  elapsed=228s  (8 ms/epoch)
t=28400/52401  elapsed=229s  (8 ms/epoch)
t=28500/52401  elapsed=230s  (8 ms/epoch)
t=28600/52401  elapsed=230s  (8 ms/epoch)
t=28700/52401  elapsed=231s  (8 ms/epoch)
t=28800/52401  elapsed=232s  (8 ms/epoch)
t=28900/52401  elapsed=232s  (8 ms/epoch)
t=29000/52401  elapsed=236s  (8 ms/epoch)
t=29100/52401  elapsed=236s  (8 ms/epoch)
t=29200/52401  elapsed=237s  (8 ms/epoch)
t=29300/52401  elapsed=238s  (8 ms/epoch)
t=29400/52401  elapsed=238s  (8 ms/epoch)
t=29500/52401  elapsed=239s  (8 ms/epoch)
t=29600/52401  elapsed=240s  (8 ms/epoch)
t=29700/52401  elapsed=240s  (8 ms/epoch)
t=29800/52401  elapsed=241s  (8 ms/epoch)
t=29900/52401  elapsed=242s  (8 ms/epoch)
t=30000/52401  elapsed=242s  (8 ms/epoch)
t=30100/52401  elapsed=243s  (8 ms/epoch)
t=30200/52401  elapsed=244s  (8 ms/epoch)
t=30300/52401  elapsed=244s  (8 ms/epoch)
t=30400/52401  elapsed=245s  (8 ms/epoch)
t=30500/52401  elapsed=246s  (8 ms/epoch)
t=30600/52401  elapsed=246s  (8 ms/epoch)
t=30700/52401  elapsed=247s  (8 ms/epoch)
t=30800/52401  elapsed=248s  (8 ms/epoch)
t=30900/52401  elapsed=248s  (8 ms/epoch)
t=31000/52401  elapsed=249s  (8 ms/epoch)
t=31100/52401  elapsed=250s  (8 ms/epoch)
t=31200/52401  elapsed=250s  (8 ms/epoch)
t=31300/52401  elapsed=251s  (8 ms/epoch)
t=31400/52401  elapsed=252s  (8 ms/epoch)
t=31500/52401  elapsed=252s  (8 ms/epoch)
t=31600/52401  elapsed=253s  (8 ms/epoch)
t=31700/52401  elapsed=253s  (8 ms/epoch)
t=31800/52401  elapsed=254s  (8 ms/epoch)
t=31900/52401  elapsed=255s  (8 ms/epoch)
t=32000/52401  elapsed=255s  (8 ms/epoch)
t=32100/52401  elapsed=256s  (8 ms/epoch)
t=32200/52401  elapsed=257s  (8 ms/epoch)
t=32300/52401  elapsed=257s  (8 ms/epoch)
t=32400/52401  elapsed=258s  (8 ms/epoch)
t=32500/52401  elapsed=259s  (8 ms/epoch)
t=32600/52401  elapsed=259s  (8 ms/epoch)
t=32700/52401  elapsed=260s  (8 ms/epoch)
t=32800/52401  elapsed=261s  (8 ms/epoch)
t=32900/52401  elapsed=261s  (8 ms/epoch)
t=33000/52401  elapsed=262s  (8 ms/epoch)
t=33100/52401  elapsed=263s  (8 ms/epoch)
t=33200/52401  elapsed=263s  (8 ms/epoch)
t=33300/52401  elapsed=264s  (8 ms/epoch)
t=33400/52401  elapsed=265s  (8 ms/epoch)
t=33500/52401  elapsed=265s  (8 ms/epoch)
t=33600/52401  elapsed=266s  (8 ms/epoch)
t=33700/52401  elapsed=267s  (8 ms/epoch)
t=33800/52401  elapsed=267s  (8 ms/epoch)
t=33900/52401  elapsed=268s  (8 ms/epoch)
t=34000/52401  elapsed=271s  (8 ms/epoch)
t=34100/52401  elapsed=272s  (8 ms/epoch)
t=34200/52401  elapsed=273s  (8 ms/epoch)
t=34300/52401  elapsed=273s  (8 ms/epoch)
t=34400/52401  elapsed=274s  (8 ms/epoch)
t=34500/52401  elapsed=275s  (8 ms/epoch)
t=34600/52401  elapsed=275s  (8 ms/epoch)
t=34700/52401  elapsed=276s  (8 ms/epoch)
t=34800/52401  elapsed=277s  (8 ms/epoch)
t=34900/52401  elapsed=277s  (8 ms/epoch)
t=35000/52401  elapsed=278s  (8 ms/epoch)
t=35100/52401  elapsed=279s  (8 ms/epoch)
t=35200/52401  elapsed=279s  (8 ms/epoch)
t=35300/52401  elapsed=280s  (8 ms/epoch)
t=35400/52401  elapsed=281s  (8 ms/epoch)
t=35500/52401  elapsed=281s  (8 ms/epoch)
t=35600/52401  elapsed=282s  (8 ms/epoch)
t=35700/52401  elapsed=283s  (8 ms/epoch)
t=35800/52401  elapsed=283s  (8 ms/epoch)
t=35900/52401  elapsed=284s  (8 ms/epoch)
t=36000/52401  elapsed=285s  (8 ms/epoch)
t=36100/52401  elapsed=285s  (8 ms/epoch)
t=36200/52401  elapsed=286s  (8 ms/epoch)
t=36300/52401  elapsed=287s  (8 ms/epoch)
t=36400/52401  elapsed=287s  (8 ms/epoch)
t=36500/52401  elapsed=288s  (8 ms/epoch)
t=36600/52401  elapsed=289s  (8 ms/epoch)
t=36700/52401  elapsed=289s  (8 ms/epoch)
t=36800/52401  elapsed=290s  (8 ms/epoch)
t=36900/52401  elapsed=291s  (8 ms/epoch)
t=37000/52401  elapsed=291s  (8 ms/epoch)
t=37100/52401  elapsed=292s  (8 ms/epoch)
t=37200/52401  elapsed=292s  (8 ms/epoch)
t=37300/52401  elapsed=293s  (8 ms/epoch)
t=37400/52401  elapsed=294s  (8 ms/epoch)
t=37500/52401  elapsed=294s  (8 ms/epoch)
t=37600/52401  elapsed=295s  (8 ms/epoch)
t=37700/52401  elapsed=296s  (8 ms/epoch)
t=37800/52401  elapsed=296s  (8 ms/epoch)
t=37900/52401  elapsed=297s  (8 ms/epoch)
t=38000/52401  elapsed=298s  (8 ms/epoch)
t=38100/52401  elapsed=298s  (8 ms/epoch)
t=38200/52401  elapsed=299s  (8 ms/epoch)
t=38300/52401  elapsed=300s  (8 ms/epoch)
t=38400/52401  elapsed=300s  (8 ms/epoch)
t=38500/52401  elapsed=301s  (8 ms/epoch)
t=38600/52401  elapsed=302s  (8 ms/epoch)
t=38700/52401  elapsed=302s  (8 ms/epoch)
t=38800/52401  elapsed=303s  (8 ms/epoch)
t=38900/52401  elapsed=307s  (8 ms/epoch)
t=39000/52401  elapsed=307s  (8 ms/epoch)
t=39100/52401  elapsed=308s  (8 ms/epoch)
t=39200/52401  elapsed=309s  (8 ms/epoch)
t=39300/52401  elapsed=309s  (8 ms/epoch)
t=39400/52401  elapsed=310s  (8 ms/epoch)
t=39500/52401  elapsed=311s  (8 ms/epoch)
t=39600/52401  elapsed=311s  (8 ms/epoch)
t=39700/52401  elapsed=312s  (8 ms/epoch)
t=39800/52401  elapsed=313s  (8 ms/epoch)
t=39900/52401  elapsed=313s  (8 ms/epoch)
t=40000/52401  elapsed=314s  (8 ms/epoch)
t=40100/52401  elapsed=315s  (8 ms/epoch)
t=40200/52401  elapsed=315s  (8 ms/epoch)
t=40300/52401  elapsed=316s  (8 ms/epoch)
t=40400/52401  elapsed=317s  (8 ms/epoch)
t=40500/52401  elapsed=317s  (8 ms/epoch)
t=40600/52401  elapsed=318s  (8 ms/epoch)
t=40700/52401  elapsed=319s  (8 ms/epoch)
t=40800/52401  elapsed=319s  (8 ms/epoch)
t=40900/52401  elapsed=320s  (8 ms/epoch)
t=41000/52401  elapsed=321s  (8 ms/epoch)
t=41100/52401  elapsed=323s  (8 ms/epoch)
t=41200/52401  elapsed=324s  (8 ms/epoch)
t=41300/52401  elapsed=326s  (8 ms/epoch)
t=41400/52401  elapsed=326s  (8 ms/epoch)
t=41500/52401  elapsed=327s  (8 ms/epoch)
t=41600/52401  elapsed=328s  (8 ms/epoch)
t=41700/52401  elapsed=328s  (8 ms/epoch)
t=41800/52401  elapsed=329s  (8 ms/epoch)
t=41900/52401  elapsed=330s  (8 ms/epoch)
t=42000/52401  elapsed=330s  (8 ms/epoch)
t=42100/52401  elapsed=331s  (8 ms/epoch)
t=42200/52401  elapsed=332s  (8 ms/epoch)
t=42300/52401  elapsed=332s  (8 ms/epoch)
t=42400/52401  elapsed=333s  (8 ms/epoch)
t=42500/52401  elapsed=334s  (8 ms/epoch)
t=42600/52401  elapsed=334s  (8 ms/epoch)
t=42700/52401  elapsed=335s  (8 ms/epoch)
t=42800/52401  elapsed=336s  (8 ms/epoch)
t=42900/52401  elapsed=336s  (8 ms/epoch)
t=43000/52401  elapsed=337s  (8 ms/epoch)
t=43100/52401  elapsed=338s  (8 ms/epoch)
t=43200/52401  elapsed=341s  (8 ms/epoch)
t=43300/52401  elapsed=342s  (8 ms/epoch)
t=43400/52401  elapsed=343s  (8 ms/epoch)
t=43500/52401  elapsed=343s  (8 ms/epoch)
t=43600/52401  elapsed=344s  (8 ms/epoch)
t=43700/52401  elapsed=345s  (8 ms/epoch)
t=43800/52401  elapsed=345s  (8 ms/epoch)
t=43900/52401  elapsed=346s  (8 ms/epoch)
t=44000/52401  elapsed=346s  (8 ms/epoch)
t=44100/52401  elapsed=347s  (8 ms/epoch)
t=44200/52401  elapsed=348s  (8 ms/epoch)
t=44300/52401  elapsed=349s  (8 ms/epoch)
t=44400/52401  elapsed=349s  (8 ms/epoch)
t=44500/52401  elapsed=350s  (8 ms/epoch)
t=44600/52401  elapsed=350s  (8 ms/epoch)
t=44700/52401  elapsed=351s  (8 ms/epoch)
t=44800/52401  elapsed=352s  (8 ms/epoch)
t=44900/52401  elapsed=352s  (8 ms/epoch)
t=45000/52401  elapsed=353s  (8 ms/epoch)
t=45100/52401  elapsed=354s  (8 ms/epoch)
t=45200/52401  elapsed=354s  (8 ms/epoch)
t=45300/52401  elapsed=355s  (8 ms/epoch)
t=45400/52401  elapsed=356s  (8 ms/epoch)
t=45500/52401  elapsed=356s  (8 ms/epoch)
t=45600/52401  elapsed=357s  (8 ms/epoch)
t=45700/52401  elapsed=358s  (8 ms/epoch)
t=45800/52401  elapsed=358s  (8 ms/epoch)
t=45900/52401  elapsed=359s  (8 ms/epoch)
t=46000/52401  elapsed=360s  (8 ms/epoch)
t=46100/52401  elapsed=360s  (8 ms/epoch)
t=46200/52401  elapsed=361s  (8 ms/epoch)
t=46300/52401  elapsed=362s  (8 ms/epoch)
t=46400/52401  elapsed=362s  (8 ms/epoch)
t=46500/52401  elapsed=363s  (8 ms/epoch)
t=46600/52401  elapsed=364s  (8 ms/epoch)
t=46700/52401  elapsed=364s  (8 ms/epoch)
t=46800/52401  elapsed=365s  (8 ms/epoch)
t=46900/52401  elapsed=366s  (8 ms/epoch)
t=47000/52401  elapsed=366s  (8 ms/epoch)
t=47100/52401  elapsed=367s  (8 ms/epoch)
t=47200/52401  elapsed=368s  (8 ms/epoch)
t=47300/52401  elapsed=368s  (8 ms/epoch)
t=47400/52401  elapsed=369s  (8 ms/epoch)
t=47500/52401  elapsed=370s  (8 ms/epoch)
t=47600/52401  elapsed=370s  (8 ms/epoch)
t=47700/52401  elapsed=371s  (8 ms/epoch)
t=47800/52401  elapsed=372s  (8 ms/epoch)
t=47900/52401  elapsed=372s  (8 ms/epoch)
t=48000/52401  elapsed=373s  (8 ms/epoch)
t=48100/52401  elapsed=377s  (8 ms/epoch)
t=48200/52401  elapsed=377s  (8 ms/epoch)
t=48300/52401  elapsed=378s  (8 ms/epoch)
t=48400/52401  elapsed=379s  (8 ms/epoch)
t=48500/52401  elapsed=379s  (8 ms/epoch)
t=48600/52401  elapsed=380s  (8 ms/epoch)
t=48700/52401  elapsed=381s  (8 ms/epoch)
t=48800/52401  elapsed=381s  (8 ms/epoch)
t=48900/52401  elapsed=382s  (8 ms/epoch)
t=49000/52401  elapsed=383s  (8 ms/epoch)
t=49100/52401  elapsed=383s  (8 ms/epoch)
t=49200/52401  elapsed=384s  (8 ms/epoch)
t=49300/52401  elapsed=386s  (8 ms/epoch)
t=49400/52401  elapsed=388s  (8 ms/epoch)
t=49500/52401  elapsed=389s  (8 ms/epoch)
t=49600/52401  elapsed=390s  (8 ms/epoch)
t=49700/52401  elapsed=390s  (8 ms/epoch)
t=49800/52401  elapsed=391s  (8 ms/epoch)
t=49900/52401  elapsed=392s  (8 ms/epoch)
t=50000/52401  elapsed=392s  (8 ms/epoch)
t=50100/52401  elapsed=393s  (8 ms/epoch)
t=50200/52401  elapsed=394s  (8 ms/epoch)
t=50300/52401  elapsed=395s  (8 ms/epoch)
t=50400/52401  elapsed=395s  (8 ms/epoch)
t=50500/52401  elapsed=396s  (8 ms/epoch)
t=50600/52401  elapsed=397s  (8 ms/epoch)
t=50700/52401  elapsed=397s  (8 ms/epoch)
t=50800/52401  elapsed=398s  (8 ms/epoch)
t=50900/52401  elapsed=399s  (8 ms/epoch)
t=51000/52401  elapsed=399s  (8 ms/epoch)
t=51100/52401  elapsed=400s  (8 ms/epoch)
t=51200/52401  elapsed=401s  (8 ms/epoch)
t=51300/52401  elapsed=401s  (8 ms/epoch)
t=51400/52401  elapsed=402s  (8 ms/epoch)
t=51500/52401  elapsed=403s  (8 ms/epoch)
t=51600/52401  elapsed=403s  (8 ms/epoch)
t=51700/52401  elapsed=404s  (8 ms/epoch)
t=51800/52401  elapsed=405s  (8 ms/epoch)
t=51900/52401  elapsed=405s  (8 ms/epoch)
t=52000/52401  elapsed=406s  (8 ms/epoch)
t=52100/52401  elapsed=407s  (8 ms/epoch)
t=52200/52401  elapsed=407s  (8 ms/epoch)
t=52300/52401  elapsed=408s  (8 ms/epoch)
t=52400/52401  elapsed=409s  (8 ms/epoch)
warm=0s  smoothed_drms=24.62 m  realtime_drms=29.34 m  ins_drms=299.06 m
warm=60s  smoothed_drms=24.46 m  realtime_drms=28.89 m  ins_drms=300.79 m
warm=120s  smoothed_drms=22.77 m  realtime_drms=28.02 m  ins_drms=302.55 m
warm=300s  smoothed_drms=16.51 m  realtime_drms=18.25 m  ins_drms=307.98 m
warm=600s  smoothed_drms=16.72 m  realtime_drms=18.25 m  ins_drms=317.50 m
(Julia FGO reference = nan m, exported warm=600s, lag=30s)
ALL_DONE
research/gtsam_poc/gtsam_poc_result_lag30_100302_m4.txt:warm=600s  smoothed_drms=55847.95 m  realtime_drms=56800.86 m  ins_drms=123.81 m
research/gtsam_poc/gtsam_poc_result_lag30_100302_m5.txt:warm=600s  smoothed_drms=28.49 m  realtime_drms=31.17 m  ins_drms=123.81 m
research/gtsam_poc/gtsam_poc_result_lag30_100308_m4.txt:warm=600s  smoothed_drms=13630.50 m  realtime_drms=13671.03 m  ins_drms=271.86 m
research/gtsam_poc/gtsam_poc_result_lag30_100308_m5.txt:warm=600s  smoothed_drms=20.02 m  realtime_drms=22.40 m  ins_drms=271.86 m
research/gtsam_poc/gtsam_poc_result_lag30_100608_m4.txt:warm=600s  smoothed_drms=24116.10 m  realtime_drms=23662.56 m  ins_drms=197.65 m
research/gtsam_poc/gtsam_poc_result_lag30_100608_m5.txt:warm=600s  smoothed_drms=115.63 m  realtime_drms=104.14 m  ins_drms=197.65 m
research/gtsam_poc/gtsam_poc_result_lag30_100702_m4.txt:warm=600s  smoothed_drms=96.40 m  realtime_drms=117.67 m  ins_drms=120.68 m
research/gtsam_poc/gtsam_poc_result_lag30_100702_m5.txt:warm=600s  smoothed_drms=29.58 m  realtime_drms=35.51 m  ins_drms=120.68 m
research/gtsam_poc/gtsam_poc_result_lag30_100706_m4.txt:warm=600s  smoothed_drms=16008.44 m  realtime_drms=16024.23 m  ins_drms=317.50 m
research/gtsam_poc/gtsam_poc_result_lag30_100706_m5.txt:warm=600s  smoothed_drms=16.72 m  realtime_drms=18.25 m  ins_drms=317.50 m
